2026-04-29 11:28:47,537	DROP	000660	SK하이닉스	volume_drought_gate
2026-04-29 11:28:47,905	DROP	005380	현대차	trend_gate
2026-04-29 11:28:48,266	DROP	402340	SK스퀘어	volume_drought_gate
2026-04-29 11:28:48,612	DROP	373220	LG에너지솔루션	volume_drought_gate
2026-04-29 11:28:48,990	DROP	034020	두산에너빌리티	volume_drought_gate
2026-04-29 11:28:49,360	DROP	012450	한화에어로스페이스	trend_gate
2026-04-29 11:28:49,707	DROP	329180	HD현대중공업	trend_gate
2026-04-29 11:28:50,068	DROP	207940	삼성바이오로직스	trend_gate
2026-04-29 11:28:50,445	DROP	009150	삼성전기	volume_drought_gate
2026-04-29 11:28:50,815	DROP	000270	기아	trend_gate
2026-04-29 11:28:55,854	DROP	006400	삼성SDI	volume_drought_gate
2026-04-29 11:29:00,982	DROP	028260	삼성물산	volume_drought_gate
2026-04-29 11:29:06,027	DROP	068270	셀트리온	trend_gate
2026-04-29 11:29:06,395	DROP	267260	HD현대일렉트릭	volume_drought_gate
2026-04-29 11:29:06,803	DROP	010120	LS ELECTRIC	volume_drought_gate
2026-04-29 11:29:07,171	DROP	042660	한화오션	trend_gate
2026-04-29 11:29:07,571	DROP	012330	현대모비스	trend_gate
2026-04-29 11:29:07,940	DROP	006800	미래에셋증권	trend_gate
2026-04-29 11:29:08,312	DROP	005490	POSCO홀딩스	volume_drought_gate
2026-04-29 11:29:08,664	DROP	298040	효성중공업	volume_drought_gate
2026-04-29 11:29:09,037	DROP	086790	하나금융지주	volume_drought_gate
2026-04-29 11:29:09,414	DROP	035420	NAVER	trend_gate
2026-04-29 11:29:09,785	DROP	042700	한미반도체	volume_drought_gate
2026-04-29 11:29:10,151	DROP	009540	HD한국조선해양	volume_drought_gate
2026-04-29 11:29:10,505	DROP	010130	고려아연	trend_gate
2026-04-29 11:29:15,555	DROP	064350	현대로템	volume_drought_gate
2026-04-29 11:29:15,920	DROP	010140	삼성중공업	volume_drought_gate
2026-04-29 11:29:16,304	DROP	015760	한국전력	trend_gate
2026-04-29 11:29:16,661	DROP	051910	LG화학	volume_drought_gate
2026-04-29 11:29:21,712	DROP	316140	우리금융지주	trend_gate
2026-04-29 11:29:22,088	DROP	096770	SK이노베이션	volume_drought_gate
2026-04-29 11:29:22,464	DROP	267250	HD현대	trend_gate
2026-04-29 11:29:22,840	DROP	003670	포스코퓨처엠	volume_drought_gate
2026-04-29 11:29:23,178	DROP	272210	한화시스템	trend_gate
2026-04-29 11:29:23,534	DROP	066570	LG전자	volume_drought_gate
2026-04-29 11:29:28,594	DROP	086520	에코프로	trend_gate
2026-04-29 11:29:28,979	DROP	035720	카카오	trend_gate
2026-04-29 11:29:29,372	DROP	000810	삼성화재	trend_gate
2026-04-29 11:29:29,752	DROP	247540	에코프로비엠	volume_drought_gate
2026-04-29 11:29:34,820	DROP	196170	알테오젠	trend_gate
2026-04-29 11:29:39,917	DROP	011200	HMM	trend_gate
2026-04-29 11:29:40,268	DROP	000720	현대건설	trend_gate
2026-04-29 11:29:40,626	DROP	086280	현대글로비스	trend_gate
2026-04-29 11:29:41,016	DROP	024110	기업은행	trend_gate
2026-04-29 11:29:46,025	DROP	047810	한국항공우주	trend_gate
2026-04-29 11:29:46,372	DROP	030200	KT	trend_gate
2026-04-29 11:29:46,732	DROP	003550	LG	trend_gate
2026-04-29 11:29:47,104	DROP	047040	대우건설	volume_drought_gate
2026-04-29 11:29:56,851	DROP	0126Z0	삼성에피스홀딩스	insufficient_rows:106
2026-04-29 11:30:01,958	DROP	011070	LG이노텍	volume_drought_gate
2026-04-29 11:30:02,404	DROP	259960	크래프톤	trend_gate
2026-04-29 11:30:02,875	DROP	018260	삼성에스디에스	trend_gate
2026-04-29 11:30:03,322	DROP	006260	LS	volume_drought_gate
2026-04-29 11:30:03,758	DROP	307950	현대오토에버	trend_gate
2026-04-29 11:30:04,148	DROP	277810	레인보우로보틱스	trend_gate
2026-04-29 11:30:09,394	DROP	443060	HD현대마린솔루션	trend_gate
2026-04-29 11:30:09,770	DROP	323410	카카오뱅크	trend_gate
2026-04-29 11:30:10,184	DROP	005830	DB손해보험	trend_gate
2026-04-29 11:30:10,569	DROP	039490	키움증권	trend_gate
2026-04-29 11:30:10,962	DROP	352820	하이브	trend_gate
2026-04-29 11:30:11,384	DROP	028050	삼성E&A	volume_drought_gate
2026-04-29 11:30:11,803	DROP	007660	이수페타시스	volume_drought_gate
2026-04-29 11:30:12,272	DROP	000250	삼천당제약	trend_gate
2026-04-29 11:30:12,652	DROP	003230	삼양식품	trend_gate
2026-04-29 11:30:22,468	DROP	267270	HD건설기계	volume_drought_gate
2026-04-29 11:30:22,864	DROP	001440	대한전선	volume_drought_gate
2026-04-29 11:30:23,218	DROP	950160	코오롱티슈진	trend_gate
2026-04-29 11:30:23,588	DROP	003490	대한항공	trend_gate
2026-04-29 11:30:23,959	DROP	058470	리노공업	trend_gate
2026-04-29 11:30:29,031	DROP	066970	엘앤에프	volume_drought_gate
2026-04-29 11:30:29,424	DROP	090430	아모레퍼시픽	trend_gate
2026-04-29 11:30:29,848	DROP	009830	한화솔루션	trend_gate
2026-04-29 11:30:30,215	DROP	326030	SK바이오팜	trend_gate
2026-04-29 11:30:30,592	DROP	298380	에이비엘바이오	trend_gate
2026-04-29 11:30:30,955	DROP	161390	한국타이어앤테크놀로지	trend_gate
2026-04-29 11:30:31,451	DROP	180640	한진칼	trend_gate
2026-04-29 11:30:31,800	DROP	377300	카카오페이	trend_gate
2026-04-29 11:30:32,200	DROP	078930	GS	volume_drought_gate
2026-04-29 11:30:32,559	DROP	000100	유한양행	trend_gate
2026-04-29 11:30:37,655	DROP	141080	리가켐바이오	trend_gate
2026-04-29 11:30:38,064	DROP	082740	한화엔진	volume_drought_gate
2026-04-29 11:30:38,447	DROP	032640	LG유플러스	trend_gate
2026-04-29 11:30:43,462	DROP	010060	OCI홀딩스	volume_drought_gate
2026-04-29 11:30:43,785	DROP	062040	산일전기	volume_drought_gate
2026-04-29 11:30:44,140	DROP	000990	DB하이텍	volume_drought_gate
2026-04-29 11:30:49,152	DROP	454910	두산로보틱스	trend_gate
2026-04-29 11:30:49,482	DROP	064400	LG씨엔에스	trend_gate
2026-04-29 11:30:49,844	DROP	087010	펩트론	trend_gate
2026-04-29 11:30:54,892	DROP	128940	한미약품	trend_gate
2026-04-29 11:30:55,260	DROP	034220	LG디스플레이	trend_gate
2026-04-29 11:30:55,608	DROP	021240	코웨이	trend_gate
2026-04-29 11:30:55,981	DROP	004020	현대제철	volume_drought_gate
2026-04-29 11:30:56,346	DROP	029780	삼성카드	trend_gate
2026-04-29 11:30:56,708	DROP	036570	NC	volume_drought_gate
2026-04-29 11:30:57,055	DROP	450080	에코프로머티	volume_drought_gate
2026-04-29 11:30:57,434	DROP	240810	원익IPS	trend_gate
2026-04-29 11:30:57,807	DROP	271560	오리온	volume_drought_gate
2026-04-29 11:30:58,228	DROP	138930	BNK금융지주	trend_gate
2026-04-29 11:30:58,597	DROP	036930	주성엔지니어링	volume_drought_gate
2026-04-29 11:30:58,954	DROP	214370	케어젠	trend_gate
2026-04-29 11:30:59,325	DROP	103590	일진전기	volume_drought_gate
2026-04-29 11:30:59,681	DROP	022100	포스코DX	trend_gate
2026-04-29 11:31:00,033	DROP	310210	보로노이	trend_gate
2026-04-29 11:31:00,397	DROP	088980	맥쿼리인프라	trend_gate
2026-04-29 11:31:00,785	DROP	353200	대덕전자	volume_drought_gate
2026-04-29 11:31:01,151	DROP	175330	JB금융지주	trend_gate
2026-04-29 11:31:06,261	DROP	002380	KCC	trend_gate
2026-04-29 11:31:06,602	DROP	108490	로보티즈	volume_drought_gate
2026-04-29 11:31:06,966	DROP	011170	롯데케미칼	volume_drought_gate
2026-04-29 11:31:07,331	DROP	011790	SKC	trend_gate
2026-04-29 11:31:07,711	DROP	403870	HPSP	volume_drought_gate
2026-04-29 11:31:08,075	DROP	018880	한온시스템	trend_gate
2026-04-29 11:31:08,428	DROP	088350	한화생명	trend_gate
2026-04-29 11:31:13,493	DROP	251270	넷마블	trend_gate
2026-04-29 11:31:13,847	DROP	440110	파두	volume_drought_gate
2026-04-29 11:31:18,885	DROP	051900	LG생활건강	trend_gate
2026-04-29 11:31:24,052	DROP	375500	DL이앤씨	volume_drought_gate
2026-04-29 11:31:29,220	DROP	004170	신세계	volume_drought_gate
2026-04-29 11:31:29,613	DROP	226950	올릭스	trend_gate
2026-04-29 11:31:30,006	DROP	214150	클래시스	trend_gate
2026-04-29 11:31:30,356	DROP	457190	이수스페셜티케미컬	volume_drought_gate
2026-04-29 11:31:30,731	DROP	023530	롯데쇼핑	volume_drought_gate
2026-04-29 11:31:35,973	DROP	111770	영원무역	trend_gate
2026-04-29 11:31:36,492	DROP	000500	가온전선	volume_drought_gate
2026-04-29 11:31:37,010	DROP	336260	두산퓨얼셀	volume_drought_gate
2026-04-29 11:31:37,524	DROP	035250	강원랜드	trend_gate
2026-04-29 11:31:37,987	DROP	004800	효성	volume_drought_gate
2026-04-29 11:31:38,486	DROP	012510	더존비즈온	liquidity_gate:KOSPI
2026-04-29 11:31:38,914	DROP	097950	CJ제일제당	trend_gate
2026-04-29 11:31:39,410	DROP	071970	HD현대마린엔진	volume_drought_gate
2026-04-29 11:31:39,833	DROP	011780	금호석유화학	volume_drought_gate
2026-04-29 11:31:40,251	DROP	036460	한국가스공사	trend_gate
2026-04-29 11:31:40,660	DROP	006360	GS건설	volume_drought_gate
2026-04-29 11:31:41,032	DROP	064760	티씨케이	volume_drought_gate
2026-04-29 11:31:41,440	DROP	020150	롯데에너지머티리얼즈	volume_drought_gate
2026-04-29 11:31:41,834	DROP	319400	현대무벡스	52w_ceiling_gate
2026-04-29 11:31:42,250	DROP	439260	대한조선	insufficient_rows:181
2026-04-29 11:31:42,647	DROP	237690	에스티팜	trend_gate
2026-04-29 11:31:43,214	DROP	178320	서진시스템	volume_drought_gate
2026-04-29 11:31:43,576	DROP	302440	SK바이오사이언스	trend_gate
2026-04-29 11:31:43,934	DROP	347850	디앤디파마텍	trend_gate
2026-04-29 11:31:44,311	DROP	214450	파마리서치	trend_gate
2026-04-29 11:31:44,661	DROP	031210	서울보증보험	trend_gate
2026-04-29 11:31:45,064	DROP	014680	한솔케미칼	trend_gate
2026-04-29 11:31:45,452	DROP	001720	신영증권	trend_gate
2026-04-29 11:31:45,827	DROP	145020	휴젤	trend_gate
2026-04-29 11:31:46,214	DROP	222800	심텍	volume_drought_gate
2026-04-29 11:31:46,615	DROP	012750	에스원	trend_gate
2026-04-29 11:31:46,999	DROP	084370	유진테크	volume_drought_gate
2026-04-29 11:31:47,327	DROP	0009K0	에임드바이오	insufficient_rows:98
2026-04-29 11:31:47,696	DROP	004990	롯데지주	trend_gate
2026-04-29 11:31:48,095	DROP	043260	성호전자	trend_gate
2026-04-29 11:31:53,197	DROP	005850	에스엘	trend_gate
2026-04-29 11:31:53,605	DROP	083650	비에이치아이	trend_gate
2026-04-29 11:31:54,030	DROP	005290	동진쎄미켐	volume_drought_gate
2026-04-29 11:31:59,147	DROP	140410	메지온	trend_gate
2026-04-29 11:31:59,523	DROP	139480	이마트	trend_gate
2026-04-29 11:31:59,854	DROP	483650	달바글로벌	volume_drought_gate
2026-04-29 11:32:00,256	DROP	120110	코오롱인더	volume_drought_gate
2026-04-29 11:32:05,442	DROP	058610	에스피지	trend_gate
2026-04-29 11:32:05,910	DROP	100790	미래에셋벤처투자	volume_drought_gate
2026-04-29 11:32:06,463	DROP	098460	고영	volume_drought_gate
2026-04-29 11:32:06,996	DROP	031980	피에스케이홀딩스	volume_drought_gate
2026-04-29 11:32:07,410	DROP	009970	영원무역홀딩스	trend_gate
2026-04-29 11:32:07,824	DROP	051600	한전KPS	trend_gate
2026-04-29 11:32:08,214	DROP	103140	풍산	trend_gate
2026-04-29 11:32:08,583	DROP	257720	실리콘투	trend_gate
2026-04-29 11:32:08,956	DROP	097230	HJ중공업	volume_drought_gate
2026-04-29 11:32:09,386	DROP	204320	HL만도	trend_gate
2026-04-29 11:32:09,783	DROP	008770	호텔신라	trend_gate
2026-04-29 11:32:10,183	DROP	067310	하나마이크론	volume_drought_gate
2026-04-29 11:32:15,294	DROP	026960	동서	trend_gate
2026-04-29 11:32:15,688	DROP	030530	원익홀딩스	trend_gate
2026-04-29 11:32:16,112	DROP	001450	현대해상	trend_gate
2026-04-29 11:32:16,479	DROP	018670	SK가스	liquidity_gate:KOSPI
2026-04-29 11:32:16,845	DROP	323280	태성	trend_gate
2026-04-29 11:32:17,245	DROP	008930	한미사이언스	trend_gate
2026-04-29 11:32:17,601	DROP	009420	한올바이오파마	trend_gate
2026-04-29 11:32:17,969	DROP	229640	LS에코에너지	volume_drought_gate
2026-04-29 11:32:18,343	DROP	078600	대주전자재료	volume_drought_gate
2026-04-29 11:32:18,750	DROP	017960	한국카본	volume_drought_gate
2026-04-29 11:32:19,143	DROP	383220	F&F	trend_gate
2026-04-29 11:32:19,626	DROP	068760	셀트리온제약	trend_gate
2026-04-29 11:32:20,024	DROP	192820	코스맥스	trend_gate
2026-04-29 11:32:20,345	DROP	279570	케이뱅크	insufficient_rows:40
2026-04-29 11:32:20,756	DROP	001430	세아베스틸지주	volume_drought_gate
2026-04-29 11:32:21,106	DROP	476830	알지노믹스	insufficient_rows:88
2026-04-29 11:32:26,252	DROP	069960	현대백화점	trend_gate
2026-04-29 11:32:31,322	DROP	131970	두산테스나	volume_drought_gate
2026-04-29 11:32:31,714	DROP	077970	STX엔진	volume_drought_gate
2026-04-29 11:32:32,118	DROP	010170	대한광통신	trend_gate
2026-04-29 11:32:32,488	DROP	218410	RFHIC	trend_gate
2026-04-29 11:32:32,839	DROP	298020	효성티앤씨	volume_drought_gate
2026-04-29 11:32:33,214	DROP	000240	한국앤컴퍼니	trend_gate
2026-04-29 11:32:33,588	DROP	011210	현대위아	trend_gate
2026-04-29 11:32:33,954	DROP	005440	현대지에프홀딩스	trend_gate
2026-04-29 11:32:34,324	DROP	004370	농심	trend_gate
2026-04-29 11:32:34,700	DROP	000120	CJ대한통운	trend_gate
2026-04-29 11:32:35,073	DROP	282330	BGF리테일	trend_gate
2026-04-29 11:32:40,243	DROP	030000	제일기획	trend_gate
2026-04-29 11:32:40,618	DROP	035900	JYP Ent.	trend_gate
2026-04-29 11:32:40,964	DROP	361610	SK아이이테크놀로지	trend_gate
2026-04-29 11:32:41,351	DROP	002790	아모레퍼시픽홀딩스	trend_gate
2026-04-29 11:32:41,708	DROP	003690	코리안리	trend_gate
2026-04-29 11:32:42,110	DROP	041510	에스엠	trend_gate
2026-04-29 11:32:42,460	DROP	085620	미래에셋생명	trend_gate
2026-04-29 11:32:42,825	DROP	089030	테크윙	trend_gate
2026-04-29 11:32:57,388	DROP	081660	미스토홀딩스	trend_gate
2026-04-29 11:32:57,778	DROP	161890	한국콜마	volume_drought_gate
2026-04-29 11:32:58,132	DROP	417200	LS머트리얼즈	volume_drought_gate
2026-04-29 11:32:58,521	DROP	039200	오스코텍	trend_gate
2026-04-29 11:32:58,888	DROP	023590	다우기술	trend_gate
2026-04-29 11:32:59,257	DROP	462870	시프트업	trend_gate
2026-04-29 11:32:59,639	DROP	005070	코스모신소재	volume_drought_gate
2026-04-29 11:32:59,997	DROP	140860	파크시스템스	trend_gate
2026-04-29 11:33:00,342	DROP	475830	오름테라퓨틱	trend_gate
2026-04-29 11:33:05,450	DROP	003570	SNT다이내믹스	trend_gate
2026-04-29 11:33:05,822	DROP	347700	스피어	trend_gate
2026-04-29 11:33:06,216	DROP	007070	GS리테일	liquidity_gate:KOSPI
2026-04-29 11:33:06,551	DROP	458870	씨어스	trend_gate
2026-04-29 11:33:06,926	DROP	099320	쎄트렉아이	trend_gate
2026-04-29 11:33:07,336	DROP	003540	대신증권	trend_gate
2026-04-29 11:33:07,704	DROP	060370	LS마린솔루션	volume_drought_gate
2026-04-29 11:33:08,047	DROP	027360	아주IB투자	volume_drought_gate
2026-04-29 11:33:13,185	DROP	232140	와이씨	trend_gate
2026-04-29 11:33:13,559	DROP	004000	롯데정밀화학	liquidity_gate:KOSPI
2026-04-29 11:33:13,965	DROP	038500	삼표시멘트	trend_gate
2026-04-29 11:33:14,360	DROP	080220	제주반도체	volume_drought_gate
2026-04-29 11:33:14,718	DROP	491000	리브스메드	insufficient_rows:84
2026-04-29 11:33:15,168	DROP	069620	대웅제약	trend_gate
2026-04-29 11:33:15,527	DROP	290650	엘앤씨바이오	trend_gate
2026-04-29 11:33:15,918	DROP	445680	큐리옥스바이오시스템즈	trend_gate
2026-04-29 11:33:16,310	DROP	032350	롯데관광개발	trend_gate
2026-04-29 11:33:16,639	DROP	437730	삼현	trend_gate
2026-04-29 11:33:17,018	DROP	073240	금호타이어	trend_gate
2026-04-29 11:33:17,421	DROP	006040	동원산업	trend_gate
2026-04-29 11:33:17,794	DROP	012630	HDC	liquidity_gate:KOSPI
2026-04-29 11:33:18,175	DROP	003530	한화투자증권	trend_gate
2026-04-29 11:33:23,217	DROP	036830	솔브레인홀딩스	volume_drought_gate
2026-04-29 11:33:23,605	DROP	006280	녹십자	trend_gate
2026-04-29 11:33:23,979	DROP	065350	신성델타테크	trend_gate
2026-04-29 11:33:24,364	DROP	085660	차바이오텍	trend_gate
2026-04-29 11:33:24,726	DROP	030610	교보증권	trend_gate
2026-04-29 11:33:25,077	DROP	166090	하나머티리얼즈	volume_drought_gate
2026-04-29 11:33:25,434	DROP	001800	오리온홀딩스	trend_gate
2026-04-29 11:33:25,795	DROP	281740	레이크머티리얼즈	volume_drought_gate
2026-04-29 11:33:26,185	DROP	000210	DL	volume_drought_gate
2026-04-29 11:33:26,537	DROP	294870	IPARK현대산업개발	liquidity_gate:KOSPI
2026-04-29 11:33:26,895	DROP	090710	휴림로봇	trend_gate
2026-04-29 11:33:27,274	DROP	195940	HK이노엔	trend_gate
2026-04-29 11:33:27,643	DROP	052020	에스티큐브	volume_drought_gate
2026-04-29 11:33:28,033	DROP	100090	SK오션플랜트	trend_gate
2026-04-29 11:33:33,127	DROP	003380	하림지주	trend_gate
2026-04-29 11:33:33,546	DROP	093370	후성	volume_drought_gate
2026-04-29 11:33:33,888	DROP	397030	에이프릴바이오	trend_gate
2026-04-29 11:33:34,267	DROP	034230	파라다이스	trend_gate
2026-04-29 11:33:39,321	DROP	115180	큐리언트	trend_gate
2026-04-29 11:33:39,699	DROP	007310	오뚜기	trend_gate
2026-04-29 11:33:40,065	DROP	020560	아시아나항공	trend_gate
2026-04-29 11:33:40,442	DROP	222080	씨아이에스	volume_drought_gate
2026-04-29 11:33:40,804	DROP	127120	제이에스링크	trend_gate
2026-04-29 11:33:41,139	DROP	388210	씨엠티엑스	insufficient_rows:108
2026-04-29 11:33:41,537	DROP	036540	SFA반도체	volume_drought_gate
2026-04-29 11:33:46,666	DROP	048410	현대바이오	trend_gate
2026-04-29 11:33:47,034	DROP	181710	NHN	liquidity_gate:KOSPI
2026-04-29 11:33:47,401	DROP	160190	하이젠알앤엠	trend_gate
2026-04-29 11:33:47,781	DROP	137400	피엔티	volume_drought_gate
2026-04-29 11:33:48,188	DROP	003240	태광산업	liquidity_gate:KOSPI
2026-04-29 11:33:48,543	DROP	490470	세미파이브	insufficient_rows:82
2026-04-29 11:33:48,929	DROP	003090	대웅	trend_gate
2026-04-29 11:33:49,291	DROP	082640	동양생명	trend_gate
2026-04-29 11:33:54,352	DROP	096530	씨젠	trend_gate
2026-04-29 11:33:54,687	DROP	456160	지투지바이오	insufficient_rows:172
2026-04-29 11:33:55,026	DROP	0011T0	채비	insufficient_rows:1
2026-04-29 11:33:55,402	DROP	192080	더블유게임즈	trend_gate
2026-04-29 11:33:55,737	DROP	420770	기가비스	volume_drought_gate
2026-04-29 11:33:56,078	DROP	466100	클로봇	trend_gate
2026-04-29 11:33:56,438	DROP	300720	한일시멘트	trend_gate
2026-04-29 11:33:56,821	DROP	001740	SK네트웍스	liquidity_gate:KOSPI
2026-04-29 11:33:57,187	DROP	195870	해성디에스	volume_drought_gate
2026-04-29 11:33:57,561	DROP	014620	성광벤드	volume_drought_gate
2026-04-29 11:33:57,896	DROP	456040	OCI	volume_drought_gate
2026-04-29 11:33:58,269	DROP	007390	네이처셀	trend_gate
2026-04-29 11:33:58,641	DROP	126340	비나텍	trend_gate
2026-04-29 11:33:59,013	DROP	124500	아이티센글로벌	trend_gate
2026-04-29 11:33:59,366	DROP	376900	로킷헬스케어	trend_gate
2026-04-29 11:34:04,455	DROP	000670	영풍	liquidity_gate:KOSPI
2026-04-29 11:34:04,860	DROP	281820	케이씨텍	liquidity_gate:KOSPI
2026-04-29 11:34:05,221	DROP	298050	HS효성첨단소재	trend_gate
2026-04-29 11:34:05,597	DROP	023160	태광	volume_drought_gate
2026-04-29 11:34:05,967	DROP	035760	CJ ENM	trend_gate
2026-04-29 11:34:06,335	DROP	415640	KB발해인프라	trend_gate
2026-04-29 11:34:06,718	DROP	001510	SK증권	volume_drought_gate
2026-04-29 11:34:07,089	DROP	089860	롯데렌탈	liquidity_gate:KOSPI
2026-04-29 11:34:07,554	DROP	000080	하이트진로	trend_gate
2026-04-29 11:34:07,949	DROP	185750	종근당	trend_gate
2026-04-29 11:34:08,362	DROP	005690	파미셀	volume_drought_gate
2026-04-29 11:34:08,753	DROP	090460	비에이치	volume_drought_gate
2026-04-29 11:34:09,135	DROP	388720	유일로보틱스	trend_gate
2026-04-29 11:34:14,291	DROP	075580	세진중공업	liquidity_gate:KOSPI
2026-04-29 11:34:19,387	DROP	006650	대한유화	volume_drought_gate
2026-04-29 11:34:19,768	DROP	161580	필옵틱스	trend_gate
2026-04-29 11:34:20,144	DROP	328130	루닛	trend_gate
2026-04-29 11:34:25,185	DROP	499790	GS피앤엘	trend_gate
2026-04-29 11:34:25,603	DROP	056190	에스에프에이	trend_gate
2026-04-29 11:34:26,008	DROP	204270	제이앤티씨	trend_gate
2026-04-29 11:34:26,401	DROP	280360	롯데웰푸드	trend_gate
2026-04-29 11:34:26,792	DROP	005300	롯데칠성	trend_gate
2026-04-29 11:34:27,166	DROP	082270	젬백스	trend_gate
2026-04-29 11:34:27,547	DROP	086450	동국제약	trend_gate
2026-04-29 11:34:27,919	DROP	293490	카카오게임즈	trend_gate
2026-04-29 11:34:28,240	DROP	484870	엠앤씨솔루션	trend_gate
2026-04-29 11:34:28,624	DROP	003470	유안타증권	trend_gate
2026-04-29 11:34:29,013	DROP	078160	메디포스트	volume_drought_gate
2026-04-29 11:34:29,371	DROP	295310	에이치브이엠	trend_gate
2026-04-29 11:34:34,439	DROP	121600	나노신소재	volume_drought_gate
2026-04-29 11:34:34,799	DROP	253450	스튜디오드래곤	trend_gate
2026-04-29 11:34:35,186	DROP	033240	자화전자	liquidity_gate:KOSPI
2026-04-29 11:34:35,560	DROP	192400	쿠쿠홀딩스	trend_gate
2026-04-29 11:34:35,932	DROP	171090	선익시스템	trend_gate
2026-04-29 11:34:36,308	DROP	009450	경동나비엔	trend_gate
2026-04-29 11:34:36,675	DROP	336370	솔루스첨단소재	volume_drought_gate
2026-04-29 11:34:37,016	DROP	358570	지아이이노베이션	trend_gate
2026-04-29 11:34:37,397	DROP	036530	SNT홀딩스	liquidity_gate:KOSPI
2026-04-29 11:34:37,751	DROP	285130	SK케미칼	trend_gate
2026-04-29 11:34:38,114	DROP	348370	엔켐	trend_gate
2026-04-29 11:34:38,510	DROP	137310	에스디바이오센서	trend_gate
2026-04-29 11:34:38,928	DROP	057050	현대홈쇼핑	trend_gate
2026-04-29 11:34:39,307	DROP	074600	원익QnC	volume_drought_gate
2026-04-29 11:34:39,693	DROP	003030	세아제강지주	volume_drought_gate
2026-04-29 11:34:40,063	DROP	174900	앱클론	trend_gate
2026-04-29 11:34:40,456	DROP	122870	와이지엔터테인먼트	trend_gate
2026-04-29 11:34:40,826	DROP	056080	유진로봇	trend_gate
2026-04-29 11:34:41,209	DROP	009240	한샘	trend_gate
2026-04-29 11:34:41,653	DROP	033100	제룡전기	volume_drought_gate
2026-04-29 11:34:42,052	DROP	006120	SK디스커버리	trend_gate
2026-04-29 11:34:42,442	DROP	108320	LX세미콘	trend_gate
2026-04-29 11:34:42,809	DROP	050890	쏠리드	trend_gate
2026-04-29 11:34:43,149	DROP	476060	온코닉테라퓨틱스	trend_gate
2026-04-29 11:34:43,560	DROP	094170	동운아나텍	volume_drought_gate
2026-04-29 11:34:43,897	DROP	372320	큐로셀	volume_drought_gate
2026-04-29 11:34:44,284	DROP	006730	서부T&D	trend_gate
2026-04-29 11:34:44,687	DROP	003160	디아이	trend_gate
2026-04-29 11:34:45,064	DROP	064960	SNT모티브	trend_gate
2026-04-29 11:34:50,107	DROP	006340	대원전선	volume_drought_gate
2026-04-29 11:34:50,477	DROP	365340	성일하이텍	volume_drought_gate
2026-04-29 11:34:50,845	DROP	248070	솔루엠	liquidity_gate:KOSPI
2026-04-29 11:34:55,925	DROP	030190	NICE평가정보	trend_gate
2026-04-29 11:35:00,985	DROP	004490	세방전지	trend_gate
2026-04-29 11:35:01,398	DROP	025540	한국단자	liquidity_gate:KOSPI
2026-04-29 11:35:01,796	DROP	032190	다우데이타	trend_gate
2026-04-29 11:35:02,135	DROP	496320	본시스템즈	insufficient_rows:156
2026-04-29 11:35:02,521	DROP	071320	지역난방공사	trend_gate
2026-04-29 11:35:02,898	DROP	002020	코오롱	liquidity_gate:KOSPI
2026-04-29 11:35:03,303	DROP	009520	포스코엠텍	volume_drought_gate
2026-04-29 11:35:03,729	DROP	010780	아이에스동서	trend_gate
2026-04-29 11:35:04,137	DROP	053610	프로텍	liquidity_gate:KOSDAQ
2026-04-29 11:35:04,497	DROP	033500	동성화인텍	trend_gate
2026-04-29 11:35:04,880	DROP	083450	GST	volume_drought_gate
2026-04-29 11:35:05,265	DROP	003620	KG모빌리티	liquidity_gate:KOSPI
2026-04-29 11:35:05,642	DROP	102710	이엔에프테크놀로지	trend_gate
2026-04-29 11:35:05,996	DROP	249420	일동제약	trend_gate
2026-04-29 11:35:06,365	DROP	003850	보령	liquidity_gate:KOSPI
2026-04-29 11:35:11,447	DROP	389470	인벤티지랩	trend_gate
2026-04-29 11:35:11,820	DROP	005090	SGC에너지	volume_drought_gate
2026-04-29 11:35:12,163	DROP	399720	가온칩스	volume_drought_gate
2026-04-29 11:35:12,542	DROP	252990	샘씨엔에스	volume_drought_gate
2026-04-29 11:35:12,887	DROP	253590	네오셈	trend_gate
2026-04-29 11:35:17,942	DROP	348340	뉴로메카	trend_gate
2026-04-29 11:35:18,296	DROP	00104K	CJ4우(전환)	liquidity_gate:KOSPI
2026-04-29 11:35:18,640	DROP	317450	명인제약	insufficient_rows:139
2026-04-29 11:35:18,999	DROP	112040	위메이드	trend_gate
2026-04-29 11:35:19,352	DROP	199800	툴젠	liquidity_gate:KOSDAQ
2026-04-29 11:35:19,738	DROP	084110	휴온스글로벌	trend_gate
2026-04-29 11:35:20,093	DROP	460860	동국제강	volume_drought_gate
2026-04-29 11:35:20,451	DROP	052400	코나아이	trend_gate
2026-04-29 11:35:20,839	DROP	077360	덕산하이메탈	volume_drought_gate
2026-04-29 11:35:25,899	DROP	046890	서울반도체	volume_drought_gate
2026-04-29 11:35:26,265	DROP	079160	CJ CGV	trend_gate
2026-04-29 11:35:26,660	DROP	086900	메디톡스	trend_gate
2026-04-29 11:35:27,044	DROP	161000	애경케미칼	volume_drought_gate
2026-04-29 11:35:27,456	DROP	060250	NHN KCP	trend_gate
2026-04-29 11:35:27,894	DROP	014820	동원시스템즈	trend_gate
2026-04-29 11:35:28,281	DROP	214430	아이쓰리시스템	trend_gate
2026-04-29 11:35:28,671	DROP	225570	넥슨게임즈	trend_gate
2026-04-29 11:35:29,021	DROP	376300	디어유	trend_gate
2026-04-29 11:35:34,075	DROP	102940	코오롱생명과학	trend_gate
2026-04-29 11:35:34,448	DROP	000370	한화손해보험	trend_gate
2026-04-29 11:35:34,844	DROP	278280	천보	volume_drought_gate
2026-04-29 11:35:35,249	DROP	178920	PI첨단소재	liquidity_gate:KOSPI
2026-04-29 11:35:35,655	DROP	069260	TKG휴켐스	trend_gate
2026-04-29 11:35:36,024	DROP	475960	토모큐브	trend_gate
2026-04-29 11:35:36,378	DROP	486990	노타	insufficient_rows:121
2026-04-29 11:35:36,745	DROP	493280	아이엠바이오로직스	insufficient_rows:29
2026-04-29 11:35:37,117	DROP	001270	부국증권	trend_gate
2026-04-29 11:35:37,497	DROP	214320	이노션	trend_gate
2026-04-29 11:35:37,863	DROP	348210	넥스틴	trend_gate
2026-04-29 11:35:38,240	DROP	007700	F&F홀딩스	trend_gate
2026-04-29 11:35:38,623	DROP	089890	코세스	volume_drought_gate
2026-04-29 11:35:39,018	DROP	001060	JW중외제약	trend_gate
2026-04-29 11:35:39,400	DROP	368770	파이버프로	trend_gate
2026-04-29 11:35:39,792	DROP	002350	넥센타이어	trend_gate
2026-04-29 11:35:40,220	DROP	093050	LF	liquidity_gate:KOSPI
2026-04-29 11:35:40,605	DROP	200710	에이디테크놀로지	volume_drought_gate
2026-04-29 11:35:40,991	DROP	015750	성우하이텍	trend_gate
2026-04-29 11:35:41,379	DROP	017940	E1	trend_gate
2026-04-29 11:35:41,809	DROP	114090	GKL	trend_gate
2026-04-29 11:35:42,172	DROP	041960	코미팜	liquidity_gate:KOSDAQ
2026-04-29 11:35:42,578	DROP	024850	HLB이노베이션	liquidity_gate:KOSDAQ
2026-04-29 11:35:42,914	DROP	460930	현대힘스	trend_gate
2026-04-29 11:35:43,299	DROP	033640	네패스	volume_drought_gate
2026-04-29 11:35:48,362	DROP	053800	안랩	liquidity_gate:KOSDAQ
2026-04-29 11:35:48,762	DROP	001680	대상	trend_gate
2026-04-29 11:35:49,130	DROP	031330	에스에이엠티	liquidity_gate:KOSDAQ
2026-04-29 11:35:49,483	DROP	327260	RF머트리얼즈	trend_gate
2026-04-29 11:35:49,846	DROP	009900	명신산업	volume_drought_gate
2026-04-29 11:35:50,294	DROP	094800	맵스리얼티	liquidity_gate:KOSPI
2026-04-29 11:35:50,639	DROP	217590	티엠씨	insufficient_rows:91
2026-04-29 11:35:51,021	DROP	002240	고려제강	liquidity_gate:KOSPI
2026-04-29 11:35:51,386	DROP	005180	빙그레	trend_gate
2026-04-29 11:35:51,752	DROP	383800	LX홀딩스	trend_gate
2026-04-29 11:35:52,121	DROP	002840	미원상사	trend_gate
2026-04-29 11:35:52,494	DROP	272290	이녹스첨단소재	trend_gate
2026-04-29 11:35:52,890	DROP	005420	코스모화학	trend_gate
2026-04-29 11:35:53,273	DROP	059090	미코	volume_drought_gate
2026-04-29 11:35:53,657	DROP	001500	현대차증권	trend_gate
2026-04-29 11:35:54,068	DROP	060280	큐렉소	trend_gate
2026-04-29 11:35:54,452	DROP	025980	아난티	trend_gate
2026-04-29 11:35:54,841	DROP	003280	흥아해운	trend_gate
2026-04-29 11:35:59,932	DROP	067160	SOOP	trend_gate
2026-04-29 11:36:00,300	DROP	383310	에코프로에이치엔	trend_gate
2026-04-29 11:36:00,712	DROP	090360	로보스타	trend_gate
2026-04-29 11:36:01,096	DROP	336570	원텍	trend_gate
2026-04-29 11:36:01,464	DROP	104830	원익머트리얼즈	liquidity_gate:KOSDAQ
2026-04-29 11:36:01,870	DROP	058650	세아홀딩스	liquidity_gate:KOSPI
2026-04-29 11:36:02,243	DROP	130660	한전산업	trend_gate
2026-04-29 11:36:02,666	DROP	000640	동아쏘시오홀딩스	trend_gate
2026-04-29 11:36:03,011	DROP	468530	프로티나	insufficient_rows:184
2026-04-29 11:36:03,394	DROP	000400	롯데손해보험	trend_gate
2026-04-29 11:36:03,778	DROP	187660	페니트리움바이오	trend_gate
2026-04-29 11:36:04,204	DROP	016380	KG스틸	liquidity_gate:KOSPI
2026-04-29 11:36:04,658	DROP	005810	풍산홀딩스	trend_gate
2026-04-29 11:36:05,067	DROP	089010	켐트로닉스	volume_drought_gate
2026-04-29 11:36:10,297	DROP	271940	일진하이솔루스	liquidity_gate:KOSPI
2026-04-29 11:36:10,816	DROP	005250	녹십자홀딩스	trend_gate
2026-04-29 11:36:11,451	DROP	008730	율촌화학	trend_gate
2026-04-29 11:36:12,118	DROP	039130	하나투어	trend_gate
2026-04-29 11:36:12,669	DROP	001530	DI동일	trend_gate
2026-04-29 11:36:13,120	DROP	125490	한라캐스트	insufficient_rows:169
2026-04-29 11:36:13,669	DROP	002960	한국쉘석유	liquidity_gate:KOSPI
2026-04-29 11:36:14,228	DROP	003000	부광약품	trend_gate
2026-04-29 11:36:14,659	DROP	014830	유니드	liquidity_gate:KOSPI
2026-04-29 11:36:15,063	DROP	001570	금양	trend_gate
2026-04-29 11:36:15,446	DROP	042000	카페24	trend_gate
2026-04-29 11:36:15,865	DROP	017900	광전자	52w_ceiling_gate
2026-04-29 11:36:20,928	DROP	099190	아이센스	trend_gate
2026-04-29 11:36:21,305	DROP	006380	카프로	trend_gate
2026-04-29 11:36:21,690	DROP	019170	신풍제약	trend_gate
2026-04-29 11:36:22,058	DROP	452260	한화갤러리아	trend_gate
2026-04-29 11:36:22,433	DROP	006910	보성파워텍	trend_gate
2026-04-29 11:36:22,801	DROP	025900	동화기업	liquidity_gate:KOSDAQ
2026-04-29 11:36:27,834	DROP	036620	감성코퍼레이션	trend_gate
2026-04-29 11:36:28,214	DROP	018290	브이티	trend_gate
2026-04-29 11:36:28,607	DROP	020000	한섬	liquidity_gate:KOSPI
2026-04-29 11:36:28,960	DROP	039440	에스티아이	trend_gate
2026-04-29 11:36:29,325	DROP	268280	미원에스씨	trend_gate
2026-04-29 11:36:29,714	DROP	107640	한중엔시에스	volume_drought_gate
2026-04-29 11:36:30,116	DROP	122640	예스티	volume_drought_gate
2026-04-29 11:36:30,495	DROP	009410	태영건설	52w_ceiling_gate
2026-04-29 11:36:30,861	DROP	019210	와이지-원	volume_drought_gate
2026-04-29 11:36:31,263	DROP	016610	DB증권	trend_gate
2026-04-29 11:36:31,649	DROP	119850	지엔씨에너지	trend_gate
2026-04-29 11:36:32,060	DROP	045100	한양이엔지	volume_drought_gate
2026-04-29 11:36:32,435	DROP	105840	우진	trend_gate
2026-04-29 11:36:32,821	DROP	001200	유진투자증권	volume_drought_gate
2026-04-29 11:36:33,187	DROP	047920	HLB제약	liquidity_gate:KOSDAQ
2026-04-29 11:36:33,515	DROP	287840	인투셀	trend_gate
2026-04-29 11:36:33,860	DROP	448900	한국피아이엠	trend_gate
2026-04-29 11:36:34,227	DROP	064260	다날	trend_gate
2026-04-29 11:36:34,598	DROP	058430	포스코스틸리온	volume_drought_gate
2026-04-29 11:36:34,941	DROP	092790	넥스틸	volume_drought_gate
2026-04-29 11:36:35,273	DROP	0120G0	삼양바이오팜	insufficient_rows:106
2026-04-29 11:36:35,609	DROP	488900	비츠로넥스텍	insufficient_rows:107
2026-04-29 11:36:36,006	DROP	041190	우리기술투자	trend_gate
2026-04-29 11:36:36,410	DROP	002710	TCC스틸	trend_gate
2026-04-29 11:36:36,784	DROP	025320	시노펙스	trend_gate
2026-04-29 11:36:37,469	DROP	284740	쿠쿠홈시스	trend_gate
2026-04-29 11:36:37,856	DROP	101160	월덱스	liquidity_gate:KOSDAQ
2026-04-29 11:36:38,187	DROP	484590	삼양컴텍	insufficient_rows:171
2026-04-29 11:36:43,578	DROP	002030	아세아	trend_gate
2026-04-29 11:36:43,940	DROP	950210	프레스티지바이오파마	trend_gate
2026-04-29 11:36:44,339	DROP	003300	한일홀딩스	trend_gate
2026-04-29 11:36:44,709	DROP	000070	삼양홀딩스	trend_gate
2026-04-29 11:36:45,101	DROP	004690	삼천리	trend_gate
2026-04-29 11:36:50,234	DROP	211050	인카금융서비스	trend_gate
2026-04-29 11:36:50,636	DROP	251970	펌텍코리아	trend_gate
2026-04-29 11:36:51,019	DROP	381970	케이카	trend_gate
2026-04-29 11:36:51,390	DROP	034310	NICE	trend_gate
2026-04-29 11:36:51,903	DROP	424870	이뮨온시아	trend_gate
2026-04-29 11:36:52,264	DROP	394280	오픈엣지테크놀로지	volume_drought_gate
2026-04-29 11:36:52,603	DROP	168360	펨트론	trend_gate
2026-04-29 11:36:52,947	DROP	377740	바이오노트	trend_gate
2026-04-29 11:36:53,311	DROP	069540	빛과전자	52w_ceiling_gate
2026-04-29 11:36:53,708	DROP	016590	신대양제지	trend_gate
2026-04-29 11:36:54,083	DROP	013030	하이록코리아	liquidity_gate:KOSDAQ
2026-04-29 11:36:54,432	DROP	453340	현대그린푸드	liquidity_gate:KOSPI
2026-04-29 11:36:54,849	DROP	067630	HLB생명과학	trend_gate
2026-04-29 11:36:55,219	DROP	306200	세아제강	liquidity_gate:KOSPI
2026-04-29 11:36:55,599	DROP	031430	신세계인터내셔날	liquidity_gate:KOSPI
2026-04-29 11:36:55,967	DROP	008060	대덕	liquidity_gate:KOSPI
2026-04-29 11:36:56,331	DROP	079370	제우스	trend_gate
2026-04-29 11:36:56,717	DROP	317330	덕산테코피아	volume_drought_gate
2026-04-29 11:36:57,105	DROP	093320	케이아이엔엑스	trend_gate
2026-04-29 11:36:57,507	DROP	215200	메가스터디교육	trend_gate
2026-04-29 11:36:57,900	DROP	030520	한글과컴퓨터	trend_gate
2026-04-29 11:36:58,321	DROP	015860	일진홀딩스	liquidity_gate:KOSPI
2026-04-29 11:36:58,678	DROP	215600	신라젠	trend_gate
2026-04-29 11:36:59,057	DROP	114810	한솔아이원스	volume_drought_gate
2026-04-29 11:36:59,691	DROP	027410	BGF	liquidity_gate:KOSPI
2026-04-29 11:37:00,177	DROP	230360	에코마케팅	trend_gate
2026-04-29 11:37:00,605	DROP	145990	삼양사	trend_gate
2026-04-29 11:37:00,958	DROP	389650	넥스트바이오메디컬	trend_gate
2026-04-29 11:37:01,324	DROP	0082N0	카나프테라퓨틱스	insufficient_rows:33
2026-04-29 11:37:01,711	DROP	064820	케이프	volume_drought_gate
2026-04-29 11:37:02,093	DROP	078130	국일제지	trend_gate
2026-04-29 11:37:02,486	DROP	095660	네오위즈	trend_gate
2026-04-29 11:37:02,853	DROP	029530	신도리코	trend_gate
2026-04-29 11:37:03,288	DROP	078350	한양디지텍	volume_drought_gate
2026-04-29 11:37:03,911	DROP	110990	디아이티	liquidity_gate:KOSDAQ
2026-04-29 11:37:04,721	DROP	340570	티앤엘	liquidity_gate:KOSDAQ
2026-04-29 11:37:09,951	DROP	006220	제주은행	trend_gate
2026-04-29 11:37:10,349	DROP	101730	위메이드맥스	trend_gate
2026-04-29 11:37:10,705	DROP	126720	수산인더스트리	liquidity_gate:KOSPI
2026-04-29 11:37:11,067	DROP	206650	유바이오로직스	trend_gate
2026-04-29 11:37:11,444	DROP	170920	엘티씨	volume_drought_gate
2026-04-29 11:37:11,831	DROP	101930	인화정공	liquidity_gate:KOSDAQ
2026-04-29 11:37:12,157	DROP	308430	셀비온	liquidity_gate:KOSDAQ
2026-04-29 11:37:12,520	DROP	117730	티로보틱스	trend_gate
2026-04-29 11:37:12,869	DROP	419530	SAMG엔터	trend_gate
2026-04-29 11:37:13,258	DROP	092870	엑시콘	volume_drought_gate
2026-04-29 11:37:13,638	DROP	042370	비츠로테크	volume_drought_gate
2026-04-29 11:37:14,022	DROP	034950	한국기업평가	trend_gate
2026-04-29 11:37:14,384	DROP	180400	DXVX	trend_gate
2026-04-29 11:37:14,766	DROP	105630	한세실업	trend_gate
2026-04-29 11:37:15,132	DROP	004700	조광피혁	trend_gate
2026-04-29 11:37:15,483	DROP	192650	드림텍	trend_gate
2026-04-29 11:37:15,856	DROP	344820	KCC글라스	trend_gate
2026-04-29 11:37:16,194	DROP	0088M0	메쥬	insufficient_rows:25
2026-04-29 11:37:16,585	DROP	138080	오이솔루션	trend_gate
2026-04-29 11:37:17,036	DROP	241520	DSC인베스트먼트	trend_gate
2026-04-29 11:37:22,126	DROP	145720	덴티움	trend_gate
2026-04-29 11:37:22,516	DROP	017810	풀무원	trend_gate
2026-04-29 11:37:22,960	DROP	084010	대한제강	trend_gate
2026-04-29 11:37:23,325	DROP	455900	엔젤로보틱스	trend_gate
2026-04-29 11:37:23,770	DROP	091700	파트론	trend_gate
2026-04-29 11:37:24,180	DROP	072710	농심홀딩스	trend_gate
2026-04-29 11:37:24,572	DROP	078020	LS증권	trend_gate
2026-04-29 11:37:24,963	DROP	228760	지노믹트리	trend_gate
2026-04-29 11:37:25,413	DROP	010690	화신	trend_gate
2026-04-29 11:37:26,010	DROP	015360	INVENI	liquidity_gate:KOSPI
2026-04-29 11:37:26,458	DROP	080580	오킨스전자	trend_gate
2026-04-29 11:37:26,822	DROP	389500	에스비비테크	volume_drought_gate
2026-04-29 11:37:27,207	DROP	025770	한국정보통신	volume_drought_gate
2026-04-29 11:37:27,571	DROP	0001A0	덕양에너젠	insufficient_rows:60
2026-04-29 11:37:28,008	DROP	394800	쓰리빌리언	trend_gate
2026-04-29 11:37:28,375	DROP	389260	대명에너지	trend_gate
2026-04-29 11:37:28,764	DROP	089980	상아프론테크	liquidity_gate:KOSDAQ
2026-04-29 11:37:29,160	DROP	029460	케이씨	liquidity_gate:KOSPI
2026-04-29 11:37:29,545	DROP	183190	아세아시멘트	trend_gate
2026-04-29 11:37:29,929	DROP	042520	한스바이오메드	trend_gate
2026-04-29 11:37:30,330	DROP	170900	동아에스티	trend_gate
2026-04-29 11:37:30,707	DROP	378340	필에너지	volume_drought_gate
2026-04-29 11:37:31,070	DROP	304360	에스바이오메딕스	trend_gate
2026-04-29 11:37:31,470	DROP	001250	GS글로벌	volume_drought_gate
2026-04-29 11:37:31,844	DROP	234340	헥토파이낸셜	trend_gate
2026-04-29 11:37:32,253	DROP	194370	제이에스코퍼레이션	liquidity_gate:KOSPI
2026-04-29 11:37:32,622	DROP	403550	쏘카	trend_gate
2026-04-29 11:37:33,115	DROP	089590	제주항공	trend_gate
2026-04-29 11:37:33,473	DROP	450950	아스테라시스	trend_gate
2026-04-29 11:37:33,866	DROP	005610	삼립	trend_gate
2026-04-29 11:37:34,219	DROP	482630	삼양엔씨켐	volume_drought_gate
2026-04-29 11:37:34,581	DROP	441270	파인엠텍	trend_gate
2026-04-29 11:37:35,106	DROP	009290	광동제약	trend_gate
2026-04-29 11:37:35,578	DROP	160980	싸이맥스	volume_drought_gate
2026-04-29 11:37:35,995	DROP	069080	웹젠	trend_gate
2026-04-29 11:37:36,370	DROP	220100	퓨쳐켐	trend_gate
2026-04-29 11:37:36,718	DROP	376270	HEM파마	trend_gate
2026-04-29 11:37:37,070	DROP	494120	큐리오시스	insufficient_rows:113
2026-04-29 11:37:42,160	DROP	001390	KG케미칼	liquidity_gate:KOSPI
2026-04-29 11:37:42,555	DROP	452280	한선엔지니어링	volume_drought_gate
2026-04-29 11:37:42,930	DROP	114190	강원에너지	volume_drought_gate
2026-04-29 11:37:43,296	DROP	330860	네패스아크	volume_drought_gate
2026-04-29 11:37:43,671	DROP	352480	씨앤씨인터내셔널	trend_gate
2026-04-29 11:37:44,058	DROP	017860	DS단석	trend_gate
2026-04-29 11:37:44,418	DROP	0008Z0	에스엔시스	insufficient_rows:170
2026-04-29 11:37:44,809	DROP	241770	메카로	liquidity_gate:KOSDAQ
2026-04-29 11:37:45,193	DROP	016800	퍼시스	trend_gate
2026-04-29 11:37:45,595	DROP	243840	신흥에스이씨	volume_drought_gate
2026-04-29 11:37:45,970	DROP	204620	글로벌텍스프리	trend_gate
2026-04-29 11:37:46,366	DROP	011760	현대코퍼레이션	liquidity_gate:KOSPI
2026-04-29 11:37:46,762	DROP	097520	엠씨넥스	trend_gate
2026-04-29 11:37:47,153	DROP	478340	나라스페이스테크놀로지	insufficient_rows:89
2026-04-29 11:37:47,609	DROP	200670	휴메딕스	trend_gate
2026-04-29 11:37:48,058	DROP	018250	애경산업	trend_gate
2026-04-29 11:37:48,501	DROP	012030	DB	trend_gate
2026-04-29 11:37:48,930	DROP	034830	한국토지신탁	trend_gate
2026-04-29 11:37:49,355	DROP	009160	SIMPAC	liquidity_gate:KOSPI
2026-04-29 11:37:49,696	DROP	318060	그래피	insufficient_rows:166
2026-04-29 11:37:54,766	DROP	078340	컴투스	trend_gate
2026-04-29 11:37:55,175	DROP	046120	오르비텍	volume_drought_gate
2026-04-29 11:37:55,558	DROP	041830	인바디	trend_gate
2026-04-29 11:37:55,944	DROP	298830	슈어소프트테크	trend_gate
2026-04-29 11:37:56,358	DROP	026890	스틱인베스트먼트	trend_gate
2026-04-29 11:37:56,767	DROP	079940	가비아	liquidity_gate:KOSDAQ
2026-04-29 11:37:57,157	DROP	007690	국도화학	liquidity_gate:KOSPI
2026-04-29 11:37:57,547	DROP	036890	진성티이씨	liquidity_gate:KOSDAQ
2026-04-29 11:37:57,943	DROP	265520	AP시스템	liquidity_gate:KOSDAQ
2026-04-29 11:37:58,383	DROP	060980	HL홀딩스	trend_gate
2026-04-29 11:37:58,857	DROP	078520	에이블씨엔씨	liquidity_gate:KOSPI
2026-04-29 11:37:59,250	DROP	086390	유니테스트	trend_gate
2026-04-29 11:37:59,645	DROP	200880	서연이화	trend_gate
2026-04-29 11:38:00,050	DROP	179900	유티아이	trend_gate
2026-04-29 11:38:00,538	DROP	365270	큐라클	trend_gate
2026-04-29 11:38:00,948	DROP	104700	한국철강	trend_gate
2026-04-29 11:38:01,342	DROP	005010	휴스틸	volume_drought_gate
2026-04-29 11:38:01,749	DROP	041920	메디아나	trend_gate
2026-04-29 11:38:02,111	DROP	0015G0	그린광학	insufficient_rows:111
2026-04-29 11:38:02,512	DROP	091810	트리니티항공	trend_gate
2026-04-29 11:38:02,913	DROP	144510	지씨셀	trend_gate
2026-04-29 11:38:03,315	DROP	064290	인텍플러스	volume_drought_gate
2026-04-29 11:38:03,700	DROP	001940	KISCO홀딩스	trend_gate
2026-04-29 11:38:04,504	DROP	011500	한농화성	trend_gate
2026-04-29 11:38:05,131	DROP	084850	아이티엠반도체	liquidity_gate:KOSDAQ
2026-04-29 11:38:05,889	DROP	418550	제이오	volume_drought_gate
2026-04-29 11:38:06,738	DROP	094360	칩스앤미디어	liquidity_gate:KOSDAQ
2026-04-29 11:38:07,175	DROP	356680	엑스게이트	52w_ceiling_gate
2026-04-29 11:38:13,703	DROP	003720	삼영	volume_drought_gate
2026-04-29 11:38:14,076	DROP	230240	에치에프알	trend_gate
2026-04-29 11:38:14,460	DROP	046970	우리로	trend_gate
2026-04-29 11:38:14,833	DROP	002810	삼영무역	trend_gate
2026-04-29 11:38:15,210	DROP	005720	넥센	trend_gate
2026-04-29 11:38:15,584	DROP	065660	안트로젠	trend_gate
2026-04-29 11:38:15,957	DROP	236200	슈프리마	liquidity_gate:KOSDAQ
2026-04-29 11:38:16,383	DROP	475400	씨메스로보틱스	trend_gate
2026-04-29 11:38:16,793	DROP	003800	에이스침대	trend_gate
2026-04-29 11:38:21,863	DROP	126560	현대퓨처넷	liquidity_gate:KOSPI
2026-04-29 11:38:22,238	DROP	092230	KPX홀딩스	liquidity_gate:KOSPI
2026-04-29 11:38:22,644	DROP	001750	한양증권	liquidity_gate:KOSPI
2026-04-29 11:38:23,018	DROP	053030	바이넥스	trend_gate
2026-04-29 11:38:23,387	DROP	035890	서희건설	trend_gate
2026-04-29 11:38:23,761	DROP	332570	PS일렉트로닉스	volume_drought_gate
2026-04-29 11:38:24,134	DROP	093520	매커스	trend_gate
2026-04-29 11:38:24,485	DROP	199820	제일일렉트릭	volume_drought_gate
2026-04-29 11:38:24,879	DROP	092220	KEC	volume_drought_gate
2026-04-29 11:38:25,257	DROP	014940	오리엔탈정공	trend_gate
2026-04-29 11:38:25,653	DROP	065680	우주일렉트로	trend_gate
2026-04-29 11:38:26,029	DROP	321550	티움바이오	volume_drought_gate
2026-04-29 11:38:26,404	DROP	001230	동국홀딩스	liquidity_gate:KOSPI
2026-04-29 11:38:26,749	DROP	448280	에코아이	trend_gate
2026-04-29 11:38:27,124	DROP	200470	에이팩트	trend_gate
2026-04-29 11:38:27,504	DROP	108860	셀바스AI	trend_gate
2026-04-29 11:38:27,881	DROP	088800	에이스테크	trend_gate
2026-04-29 11:38:28,247	DROP	355150	코스텍시스	volume_drought_gate
2026-04-29 11:38:28,590	DROP	314930	바이오다인	trend_gate
2026-04-29 11:38:28,953	DROP	058970	엠로	trend_gate
2026-04-29 11:38:29,325	DROP	036200	유니셈	liquidity_gate:KOSDAQ
2026-04-29 11:38:29,733	DROP	002310	아세아제지	trend_gate
2026-04-29 11:38:30,113	DROP	035810	이지홀딩스	trend_gate
2026-04-29 11:38:30,481	DROP	099430	바이오플러스	trend_gate
2026-04-29 11:38:30,861	DROP	101360	에코앤드림	trend_gate
2026-04-29 11:38:31,239	DROP	286940	롯데이노베이트	trend_gate
2026-04-29 11:38:36,311	DROP	091580	상신이디피	volume_drought_gate
2026-04-29 11:38:36,679	DROP	000680	LS네트웍스	trend_gate
2026-04-29 11:38:41,737	DROP	004430	송원산업	trend_gate
2026-04-29 11:38:42,067	DROP	474650	링크솔루션	trend_gate
2026-04-29 11:38:42,436	DROP	136480	하림	liquidity_gate:KOSDAQ
2026-04-29 11:38:42,811	DROP	092730	네오팜	trend_gate
2026-04-29 11:38:43,163	DROP	452430	사피엔반도체	volume_drought_gate
2026-04-29 11:38:43,511	DROP	425040	티이엠씨	volume_drought_gate
2026-04-29 11:38:43,889	DROP	084690	대상홀딩스	trend_gate
2026-04-29 11:38:44,255	DROP	092460	한라IMS	liquidity_gate:KOSDAQ
2026-04-29 11:38:44,610	DROP	200130	콜마비앤에이치	trend_gate
2026-04-29 11:38:49,627	DROP	389020	자람테크놀로지	trend_gate
2026-04-29 11:38:50,041	DROP	043150	바텍	liquidity_gate:KOSDAQ
2026-04-29 11:38:50,381	DROP	416180	신성에스티	trend_gate
2026-04-29 11:38:50,764	DROP	151860	KG에코솔루션	liquidity_gate:KOSDAQ
2026-04-29 11:38:51,118	DROP	338840	와이바이오로직스	trend_gate
2026-04-29 11:38:51,478	DROP	049630	재영솔루텍	trend_gate
2026-04-29 11:38:51,839	DROP	094480	갤럭시아머니트리	trend_gate
2026-04-29 11:38:52,214	DROP	024720	콜마홀딩스	trend_gate
2026-04-29 11:38:52,593	DROP	900290	GRT	trend_gate
2026-04-29 11:38:52,966	DROP	018000	유니슨	trend_gate
2026-04-29 11:38:53,330	DROP	054210	이랜텍	volume_drought_gate
2026-04-29 11:38:53,698	DROP	001340	PKC	liquidity_gate:KOSPI
2026-04-29 11:38:54,105	DROP	052710	아모텍	volume_drought_gate
2026-04-29 11:38:54,474	DROP	060720	KH바텍	trend_gate
2026-04-29 11:38:54,805	DROP	462350	이노스페이스	trend_gate
2026-04-29 11:38:55,162	DROP	472850	폰드그룹	exception:TypeError
2026-04-29 11:38:55,562	DROP	094820	일진파워	volume_drought_gate
2026-04-29 11:38:55,929	DROP	095500	미래나노텍	trend_gate
2026-04-29 11:38:56,290	DROP	123890	한국자산신탁	trend_gate
2026-04-29 11:38:56,659	DROP	051500	CJ프레시웨이	trend_gate
2026-04-29 11:38:57,032	DROP	900140	엘브이엠씨홀딩스	trend_gate
2026-04-29 11:38:57,374	DROP	272110	케이엔제이	volume_drought_gate
2026-04-29 11:38:57,718	DROP	272450	진에어	trend_gate
2026-04-29 11:38:58,100	DROP	061970	LB세미콘	volume_drought_gate
2026-04-29 11:38:58,480	DROP	232530	이엠티	liquidity_gate:KOSDAQ
2026-04-29 11:38:58,846	DROP	037270	YG PLUS	trend_gate
2026-04-29 11:38:59,213	DROP	045390	대아티아이	trend_gate
2026-04-29 11:38:59,587	DROP	033270	유나이티드제약	liquidity_gate:KOSPI
2026-04-29 11:38:59,941	DROP	003520	영진약품	trend_gate
2026-04-29 11:39:00,318	DROP	445090	에이직랜드	trend_gate
2026-04-29 11:39:00,690	DROP	002900	TYM	liquidity_gate:KOSPI
2026-04-29 11:39:01,070	DROP	067390	아스트	trend_gate
2026-04-29 11:39:06,145	DROP	357550	석경에이티	trend_gate
2026-04-29 11:39:06,514	DROP	096760	JW홀딩스	trend_gate
2026-04-29 11:39:06,873	DROP	051370	인터플렉스	liquidity_gate:KOSDAQ
2026-04-29 11:39:07,247	DROP	023410	유진기업	trend_gate
2026-04-29 11:39:07,686	DROP	128820	대성산업	trend_gate
2026-04-29 11:39:08,067	DROP	215000	골프존	trend_gate
2026-04-29 11:39:08,447	DROP	005950	이수화학	liquidity_gate:KOSPI
2026-04-29 11:39:08,834	DROP	049070	인탑스	trend_gate
2026-04-29 11:39:09,233	DROP	017390	서울가스	trend_gate
2026-04-29 11:39:09,599	DROP	243070	휴온스	trend_gate
2026-04-29 11:39:10,104	DROP	003920	남양유업	trend_gate
2026-04-29 11:39:10,482	DROP	001460	BYC	trend_gate
2026-04-29 11:39:10,862	DROP	001780	알루코	volume_drought_gate
2026-04-29 11:39:11,246	DROP	064850	에프앤가이드	liquidity_gate:KOSDAQ
2026-04-29 11:39:16,288	DROP	035600	KG이니시스	liquidity_gate:KOSDAQ
2026-04-29 11:39:16,663	DROP	475560	더본코리아	trend_gate
2026-04-29 11:39:17,040	DROP	251370	와이엠티	volume_drought_gate
2026-04-29 11:39:17,456	DROP	092200	디아이씨	trend_gate
2026-04-29 11:39:17,862	DROP	004360	세방	liquidity_gate:KOSPI
2026-04-29 11:39:18,237	DROP	009470	삼화전기	volume_drought_gate
2026-04-29 11:39:18,560	DROP	394420	리센스메디컬	insufficient_rows:22
2026-04-29 11:39:18,888	DROP	0007C0	아크릴	insufficient_rows:90
2026-04-29 11:39:19,267	DROP	053690	한미글로벌	trend_gate
2026-04-29 11:39:19,664	DROP	112290	와이씨켐	trend_gate
2026-04-29 11:39:20,020	DROP	221800	지구홀딩스	trend_gate
2026-04-29 11:39:20,378	DROP	274090	켄코아에어로스페이스	trend_gate
2026-04-29 11:39:20,791	DROP	115450	HLB테라퓨틱스	trend_gate
2026-04-29 11:39:21,167	DROP	003120	일성아이에스	trend_gate
2026-04-29 11:39:21,547	DROP	023760	한국캐피탈	trend_gate
2026-04-29 11:39:21,946	DROP	138610	나이벡	trend_gate
2026-04-29 11:39:22,364	DROP	037710	광주신세계	trend_gate
2026-04-29 11:39:22,731	DROP	035510	신세계 I&C	liquidity_gate:KOSPI
2026-04-29 11:39:23,084	DROP	254490	미래반도체	trend_gate
2026-04-29 11:39:23,489	DROP	054950	제이브이엠	trend_gate
2026-04-29 11:39:23,859	DROP	294570	쿠콘	trend_gate
2026-04-29 11:39:24,216	DROP	012210	삼미금속	exception:TypeError
2026-04-29 11:39:24,591	DROP	099440	스맥	trend_gate
2026-04-29 11:39:24,924	DROP	459510	나우로보틱스	trend_gate
2026-04-29 11:39:25,294	DROP	304100	솔트룩스	trend_gate
2026-04-29 11:39:25,654	DROP	002320	한진	trend_gate
2026-04-29 11:39:26,020	DROP	138360	앤로보틱스	volume_drought_gate
2026-04-29 11:39:26,396	DROP	003960	사조대림	trend_gate
2026-04-29 11:39:26,759	DROP	382900	범한퓨얼셀	liquidity_gate:KOSDAQ
2026-04-29 11:39:27,140	DROP	011690	와이투솔루션	trend_gate
2026-04-29 11:39:27,527	DROP	017890	한국알콜	liquidity_gate:KOSDAQ
2026-04-29 11:39:27,894	DROP	003070	코오롱글로벌	liquidity_gate:KOSPI
2026-04-29 11:39:28,260	DROP	108670	LX하우시스	liquidity_gate:KOSPI
2026-04-29 11:39:28,615	DROP	005680	삼영전자	liquidity_gate:KOSPI
2026-04-29 11:39:33,666	DROP	003200	일신방직	trend_gate
2026-04-29 11:39:34,053	DROP	108380	대양전기공업	trend_gate
2026-04-29 11:39:34,435	DROP	000320	노루홀딩스	trend_gate
2026-04-29 11:39:34,781	DROP	464080	에스오에스랩	trend_gate
2026-04-29 11:39:39,894	DROP	372170	윤성에프앤씨	trend_gate
2026-04-29 11:39:40,278	DROP	241590	화승엔터프라이즈	trend_gate
2026-04-29 11:39:40,653	DROP	000490	대동	trend_gate
2026-04-29 11:39:41,027	DROP	034120	SBS	trend_gate
2026-04-29 11:39:41,477	DROP	219130	타이거일렉	liquidity_gate:KOSDAQ
2026-04-29 11:39:41,859	DROP	432720	퀄리타스반도체	volume_drought_gate
2026-04-29 11:39:42,187	DROP	474170	루미르	trend_gate
2026-04-29 11:39:42,550	DROP	226590	엠디바이스	trend_gate
2026-04-29 11:39:42,924	DROP	086820	바이오솔루션	trend_gate
2026-04-29 11:39:43,290	DROP	000650	천일고속	trend_gate
2026-04-29 11:39:43,665	DROP	000540	흥국화재	trend_gate
2026-04-29 11:39:44,056	DROP	004980	성신양회	liquidity_gate:KOSPI
2026-04-29 11:39:44,427	DROP	226320	잇츠한불	trend_gate
2026-04-29 11:39:44,854	DROP	012860	모베이스전자	trend_gate
2026-04-29 11:39:45,233	DROP	144960	뉴파워프라즈마	liquidity_gate:KOSDAQ
2026-04-29 11:39:45,601	DROP	013890	지누스	trend_gate
2026-04-29 11:39:45,984	DROP	036800	나이스정보통신	liquidity_gate:KOSDAQ
2026-04-29 11:39:46,357	DROP	008350	남선알미늄	trend_gate
2026-04-29 11:39:46,694	DROP	199430	케이엔알시스템	trend_gate
2026-04-29 11:39:47,062	DROP	126700	하이비젼시스템	trend_gate
2026-04-29 11:39:47,425	DROP	293580	나우IB	volume_drought_gate
2026-04-29 11:39:47,806	DROP	098120	마이크로컨텍솔	liquidity_gate:KOSDAQ
2026-04-29 11:39:52,850	DROP	083310	엘오티베큠	liquidity_gate:KOSDAQ
2026-04-29 11:39:53,210	DROP	357580	아모센스	trend_gate
2026-04-29 11:39:53,592	DROP	255220	SG	trend_gate
2026-04-29 11:39:53,957	DROP	194480	데브시스터즈	trend_gate
2026-04-29 11:39:54,388	DROP	064550	바이오니아	trend_gate
2026-04-29 11:39:54,762	DROP	092070	디엔에프	liquidity_gate:KOSDAQ
2026-04-29 11:39:55,130	DROP	039860	나노엔텍	trend_gate
2026-04-29 11:39:55,510	DROP	084680	이월드	liquidity_gate:KOSPI
2026-04-29 11:39:55,869	DROP	256840	한국비엔씨	trend_gate
2026-04-29 11:39:56,257	DROP	067080	대화제약	trend_gate
2026-04-29 11:39:56,635	DROP	134380	미원화학	liquidity_gate:KOSPI
2026-04-29 11:39:56,975	DROP	092190	서울바이오시스	liquidity_gate:KOSDAQ
2026-04-29 11:39:57,353	DROP	043370	피에이치에이	liquidity_gate:KOSDAQ
2026-04-29 11:39:57,705	DROP	004310	현대약품	trend_gate
2026-04-29 11:39:58,041	DROP	484810	티엑스알로보틱스	52w_ceiling_gate
2026-04-29 11:39:58,418	DROP	004560	현대비앤지스틸	trend_gate
2026-04-29 11:39:58,805	DROP	267980	매일유업	trend_gate
2026-04-29 11:39:59,162	DROP	439090	마녀공장	trend_gate
2026-04-29 11:39:59,556	DROP	203650	드림시큐리티	52w_ceiling_gate
2026-04-29 11:39:59,941	DROP	078070	유비쿼스홀딩스	trend_gate
2026-04-29 11:40:00,336	DROP	030210	다올투자증권	trend_gate
2026-04-29 11:40:00,718	DROP	018310	삼목에스폼	trend_gate
2026-04-29 11:40:01,093	DROP	289930	웨이비스	volume_drought_gate
2026-04-29 11:40:01,463	DROP	000050	경방	trend_gate
2026-04-29 11:40:01,842	DROP	314130	지놈앤컴퍼니	trend_gate
2026-04-29 11:40:02,184	DROP	481070	에이유브랜즈	trend_gate
2026-04-29 11:40:02,539	DROP	338220	뷰노	trend_gate
2026-04-29 11:40:02,922	DROP	214180	헥토이노베이션	trend_gate
2026-04-29 11:40:03,259	DROP	488280	에스투더블유	insufficient_rows:147
2026-04-29 11:40:03,627	DROP	053300	한국정보인증	trend_gate
2026-04-29 11:40:03,991	DROP	382800	지앤비에스 에코	volume_drought_gate
2026-04-29 11:40:04,359	DROP	005710	대원산업	trend_gate
2026-04-29 11:40:04,725	DROP	079960	동양이엔피	trend_gate
2026-04-29 11:40:05,102	DROP	000430	대원강업	liquidity_gate:KOSPI
2026-04-29 11:40:05,443	DROP	309710	아이티켐	insufficient_rows:177
2026-04-29 11:40:05,809	DROP	001790	대한제당	trend_gate
2026-04-29 11:40:06,182	DROP	190510	나무가	trend_gate
2026-04-29 11:40:06,553	DROP	194700	노바렉스	trend_gate
2026-04-29 11:40:06,944	DROP	000390	삼화페인트	trend_gate
2026-04-29 11:40:07,326	DROP	182400	엔케이젠바이오텍코리아	trend_gate
2026-04-29 11:40:07,708	DROP	078150	HB테크놀러지	volume_drought_gate
2026-04-29 11:40:08,057	DROP	353810	이지바이오	liquidity_gate:KOSDAQ
2026-04-29 11:40:08,413	DROP	058820	CMG제약	trend_gate
2026-04-29 11:40:08,785	DROP	001130	대한제분	trend_gate
2026-04-29 11:40:09,157	DROP	013580	계룡건설	liquidity_gate:KOSPI
2026-04-29 11:40:09,523	DROP	126600	BGF에코머티리얼즈	trend_gate
2026-04-29 11:40:09,903	DROP	013120	동원개발	trend_gate
2026-04-29 11:40:10,237	DROP	402030	코난테크놀로지	trend_gate
2026-04-29 11:40:10,570	DROP	462860	더즌	trend_gate
2026-04-29 11:40:10,962	DROP	007160	사조산업	trend_gate
2026-04-29 11:40:11,316	DROP	457550	우진엔텍	trend_gate
2026-04-29 11:40:11,673	DROP	216080	제테마	trend_gate
2026-04-29 11:40:12,140	DROP	042600	새로닉스	liquidity_gate:KOSDAQ
2026-04-29 11:40:12,518	DROP	136490	선진	trend_gate
2026-04-29 11:40:12,897	DROP	051360	토비스	trend_gate
2026-04-29 11:40:13,284	DROP	034810	해성산업	trend_gate
2026-04-29 11:40:13,651	DROP	176750	듀켐바이오	trend_gate
2026-04-29 11:40:13,984	DROP	0011A0	액스비스	insufficient_rows:38
2026-04-29 11:40:14,350	DROP	206640	바디텍메드	trend_gate
2026-04-29 11:40:14,711	DROP	299030	하나기술	liquidity_gate:KOSDAQ
2026-04-29 11:40:15,101	DROP	041020	폴라리스오피스	trend_gate
2026-04-29 11:40:15,477	DROP	095700	제넥신	trend_gate
2026-04-29 11:40:15,864	DROP	121800	비덴트	trend_gate
2026-04-29 11:40:16,233	DROP	125210	아모그린텍	volume_drought_gate
2026-04-29 11:40:16,600	DROP	211270	AP위성	trend_gate
2026-04-29 11:40:16,975	DROP	024060	흥구석유	trend_gate
2026-04-29 11:40:17,338	DROP	033920	무학	trend_gate
2026-04-29 11:40:17,715	DROP	122900	아이마켓코리아	trend_gate
2026-04-29 11:40:18,042	DROP	403850	더핑크퐁컴퍼니	insufficient_rows:110
2026-04-29 11:40:18,395	DROP	452450	피아이이	trend_gate
2026-04-29 11:40:18,745	DROP	377460	큐에이드	trend_gate
2026-04-29 11:40:19,119	DROP	035150	백산	trend_gate
2026-04-29 11:40:19,505	DROP	004710	한솔테크닉스	trend_gate
2026-04-29 11:40:19,881	DROP	005500	삼진제약	trend_gate
2026-04-29 11:40:20,249	DROP	380550	뉴로핏	insufficient_rows:186
2026-04-29 11:40:20,588	DROP	469610	이노테크	insufficient_rows:117
2026-04-29 11:40:20,970	DROP	036030	케이티알파	trend_gate
2026-04-29 11:40:21,397	DROP	117580	대성에너지	trend_gate
2026-04-29 11:40:26,487	DROP	001630	종근당홀딩스	trend_gate
2026-04-29 11:40:26,834	DROP	125020	티씨머티리얼즈	trend_gate
2026-04-29 11:40:27,175	DROP	461300	아이스크림미디어	trend_gate
2026-04-29 11:40:27,553	DROP	065710	서호전기	trend_gate
2026-04-29 11:40:27,880	DROP	0004V0	엔비알모션	insufficient_rows:72
2026-04-29 11:40:28,224	DROP	405100	큐알티	volume_drought_gate
2026-04-29 11:40:28,557	DROP	950250	테라뷰	insufficient_rows:95
2026-04-29 11:40:28,940	DROP	073010	케이에스피	trend_gate
2026-04-29 11:40:29,324	DROP	004380	삼익THK	trend_gate
2026-04-29 11:40:29,687	DROP	297090	씨에스베어링	liquidity_gate:KOSDAQ
2026-04-29 11:40:30,058	DROP	237880	클리오	trend_gate
2026-04-29 11:40:30,430	DROP	119610	인터로조	liquidity_gate:KOSDAQ
2026-04-29 11:40:30,810	DROP	100120	뷰웍스	liquidity_gate:KOSDAQ
2026-04-29 11:40:31,186	DROP	950140	잉글우드랩	trend_gate
2026-04-29 11:40:31,546	DROP	371950	풍원정밀	trend_gate
2026-04-29 11:40:31,934	DROP	244920	에이플러스에셋	trend_gate
2026-04-29 11:40:32,299	DROP	285490	노바텍	trend_gate
2026-04-29 11:40:32,693	DROP	003220	대원제약	trend_gate
2026-04-29 11:40:33,059	DROP	102120	어보브반도체	volume_drought_gate
2026-04-29 11:40:33,438	DROP	009680	모토닉	trend_gate
2026-04-29 11:40:33,810	DROP	036190	금화피에스시	liquidity_gate:KOSDAQ
2026-04-29 11:40:34,196	DROP	011560	세보엠이씨	liquidity_gate:KOSDAQ
2026-04-29 11:40:34,555	DROP	028100	동아지질	liquidity_gate:KOSPI
2026-04-29 11:40:34,920	DROP	270660	에브리봇	trend_gate
2026-04-29 11:40:35,286	DROP	234690	녹십자웰빙	trend_gate
2026-04-29 11:40:35,665	DROP	210980	SK디앤디	trend_gate
2026-04-29 11:40:36,045	DROP	095570	AJ네트웍스	liquidity_gate:KOSPI
2026-04-29 11:40:36,402	DROP	002150	도화엔지니어링	liquidity_gate:KOSPI
2026-04-29 11:40:36,780	DROP	000480	CR홀딩스	trend_gate
2026-04-29 11:40:37,156	DROP	019010	베뉴지	trend_gate
2026-04-29 11:40:37,535	DROP	083930	아바코	liquidity_gate:KOSDAQ
2026-04-29 11:40:37,889	DROP	298690	에어부산	liquidity_gate:KOSPI
2026-04-29 11:40:38,227	DROP	487570	HS효성	trend_gate
2026-04-29 11:40:38,562	DROP	061090	세나테크놀로지	insufficient_rows:112
2026-04-29 11:40:38,911	DROP	417010	나노팀	trend_gate
2026-04-29 11:40:39,257	DROP	209640	와이제이링크	volume_drought_gate
2026-04-29 11:40:39,678	DROP	053210	스카이라이프	trend_gate
2026-04-29 11:40:40,039	DROP	018470	조일알미늄	volume_drought_gate
2026-04-29 11:40:40,430	DROP	036560	KZ정밀	trend_gate
2026-04-29 11:40:40,784	DROP	260870	SK시그넷	trend_gate
2026-04-29 11:40:41,132	DROP	293780	압타바이오	trend_gate
2026-04-29 11:40:41,509	DROP	123330	제닉	trend_gate
2026-04-29 11:40:41,880	DROP	025000	KPX케미칼	liquidity_gate:KOSPI
2026-04-29 11:40:42,289	DROP	039840	디오	trend_gate
2026-04-29 11:40:42,676	DROP	010580	에스엠벡셀	trend_gate
2026-04-29 11:40:43,042	DROP	484120	도우인시스	insufficient_rows:188
2026-04-29 11:40:43,400	DROP	146320	비씨엔씨	liquidity_gate:KOSDAQ
2026-04-29 11:40:43,771	DROP	203400	에이비온	trend_gate
2026-04-29 11:40:44,145	DROP	008490	서흥	trend_gate
2026-04-29 11:40:44,522	DROP	068930	디지털대성	trend_gate
2026-04-29 11:40:44,913	DROP	104480	티케이케미칼	liquidity_gate:KOSDAQ
2026-04-29 11:40:45,286	DROP	003350	한국화장품제조	trend_gate
2026-04-29 11:40:45,653	DROP	033530	SJG세종	trend_gate
2026-04-29 11:40:46,031	DROP	016880	웅진	trend_gate
2026-04-29 11:40:46,425	DROP	003610	방림	trend_gate
2026-04-29 11:40:46,798	DROP	102260	동성케미컬	liquidity_gate:KOSPI
2026-04-29 11:40:47,166	DROP	007860	서연	trend_gate
2026-04-29 11:40:47,513	DROP	339770	교촌에프앤비	trend_gate
2026-04-29 11:40:47,889	DROP	264660	씨앤지하이테크	liquidity_gate:KOSDAQ
2026-04-29 11:40:48,232	DROP	445180	퓨릿	liquidity_gate:KOSDAQ
2026-04-29 11:40:48,616	DROP	000860	강남제비스코	trend_gate
2026-04-29 11:40:49,000	DROP	118990	모트렉스	trend_gate
2026-04-29 11:40:49,398	DROP	121440	골프존홀딩스	trend_gate
2026-04-29 11:40:49,792	DROP	005960	동부건설	liquidity_gate:KOSPI
2026-04-29 11:40:50,171	DROP	051980	중앙첨단소재	trend_gate
2026-04-29 11:40:55,179	DROP	039570	HDC랩스	trend_gate
2026-04-29 11:40:55,547	DROP	460850	동국씨엠	liquidity_gate:KOSPI
2026-04-29 11:40:55,925	DROP	147830	제룡산업	volume_drought_gate
2026-04-29 11:40:56,305	DROP	080160	모두투어	trend_gate
2026-04-29 11:40:56,675	DROP	264450	유비쿼스	trend_gate
2026-04-29 11:40:57,052	DROP	007570	일양약품	trend_gate
2026-04-29 11:40:57,432	DROP	032620	GC메디아이	liquidity_gate:KOSDAQ
2026-04-29 11:40:57,824	DROP	016580	환인제약	trend_gate
2026-04-29 11:40:58,191	DROP	232680	라온로보틱스	52w_ceiling_gate
2026-04-29 11:40:58,555	DROP	307750	국전	trend_gate
2026-04-29 11:40:58,935	DROP	259630	엠플러스	volume_drought_gate
2026-04-29 11:40:59,307	DROP	054450	텔레칩스	trend_gate
2026-04-29 11:40:59,667	DROP	140670	알에스오토메이션	trend_gate
2026-04-29 11:41:00,031	DROP	179290	엠아이텍	trend_gate
2026-04-29 11:41:00,404	DROP	000140	하이트진로홀딩스	trend_gate
2026-04-29 11:41:00,782	DROP	060150	인선이엔티	trend_gate
2026-04-29 11:41:01,199	DROP	001080	만호제강	trend_gate
2026-04-29 11:41:01,572	DROP	950170	JTC	trend_gate
2026-04-29 11:41:01,954	DROP	307180	아이엘	trend_gate
2026-04-29 11:41:02,331	DROP	002780	진흥기업	volume_drought_gate
2026-04-29 11:41:02,703	DROP	002990	금호건설	liquidity_gate:KOSPI
2026-04-29 11:41:03,051	DROP	475230	엔알비	insufficient_rows:185
2026-04-29 11:41:03,466	DROP	377450	리파인	trend_gate
2026-04-29 11:41:03,858	DROP	123860	아나패스	trend_gate
2026-04-29 11:41:04,241	DROP	081000	일진다이아	trend_gate
2026-04-29 11:41:04,609	DROP	101970	우양에이치씨	trend_gate
2026-04-29 11:41:04,978	DROP	308080	바이젠셀	52w_ceiling_gate
2026-04-29 11:41:05,369	DROP	003650	미창석유	trend_gate
2026-04-29 11:41:05,737	DROP	267320	나인테크	trend_gate
2026-04-29 11:41:06,109	DROP	039560	다산네트웍스	trend_gate
2026-04-29 11:41:06,474	DROP	271980	제일약품	trend_gate
2026-04-29 11:41:06,856	DROP	012610	경인양행	liquidity_gate:KOSPI
2026-04-29 11:41:07,216	DROP	489500	엘케이켐	trend_gate
2026-04-29 11:41:07,592	DROP	115310	인포바인	trend_gate
2026-04-29 11:41:07,963	DROP	418420	라온텍	volume_drought_gate
2026-04-29 11:41:08,313	DROP	453450	그리드위즈	volume_drought_gate
2026-04-29 11:41:08,692	DROP	054920	한컴위드	volume_drought_gate
2026-04-29 11:41:09,052	DROP	102460	이연제약	trend_gate
2026-04-29 11:41:09,420	DROP	380540	옵티코어	trend_gate
2026-04-29 11:41:09,826	DROP	106190	하이텍팜	trend_gate
2026-04-29 11:41:10,242	DROP	056090	시지메드텍	trend_gate
2026-04-29 11:41:10,625	DROP	017510	세명전기	volume_drought_gate
2026-04-29 11:41:11,026	DROP	008970	KBI동양철관	trend_gate
2026-04-29 11:41:11,439	DROP	204610	티쓰리	liquidity_gate:KOSDAQ
2026-04-29 11:41:11,923	DROP	234080	JW생명과학	trend_gate
2026-04-29 11:41:12,383	DROP	037350	성도이엔지	liquidity_gate:KOSDAQ
2026-04-29 11:41:12,795	DROP	005160	동국산업	trend_gate
2026-04-29 11:41:13,216	DROP	031440	신세계푸드	liquidity_gate:KOSPI
2026-04-29 11:41:13,699	DROP	213500	한솔제지	trend_gate
2026-04-29 11:41:14,139	DROP	003460	유화증권	trend_gate
2026-04-29 11:41:14,647	DROP	122990	와이솔	liquidity_gate:KOSDAQ
2026-04-29 11:41:15,098	DROP	046440	KG파이낸셜	liquidity_gate:KOSDAQ
2026-04-29 11:41:15,514	DROP	004090	한국석유	trend_gate
2026-04-29 11:41:15,884	DROP	340450	지씨지놈	trend_gate
2026-04-29 11:41:16,276	DROP	040160	누리플렉스	liquidity_gate:KOSDAQ
2026-04-29 11:41:16,661	DROP	000520	삼일제약	trend_gate
2026-04-29 11:41:17,049	DROP	088130	동아엘텍	trend_gate
2026-04-29 11:41:17,422	DROP	119830	아이텍	trend_gate
2026-04-29 11:41:17,792	DROP	052330	코텍	liquidity_gate:KOSDAQ
2026-04-29 11:41:18,217	DROP	002230	피에스텍	trend_gate
2026-04-29 11:41:18,605	DROP	002100	경농	liquidity_gate:KOSPI
2026-04-29 11:41:18,951	DROP	473980	노머스	trend_gate
2026-04-29 11:41:19,331	DROP	068790	DMS	trend_gate
2026-04-29 11:41:19,703	DROP	322510	제이엘케이	trend_gate
2026-04-29 11:41:20,083	DROP	086890	이수앱지스	trend_gate
2026-04-29 11:41:20,462	DROP	101170	우림피티에스	trend_gate
2026-04-29 11:41:20,876	DROP	100250	진양홀딩스	trend_gate
2026-04-29 11:41:21,270	DROP	001360	삼성제약	liquidity_gate:KOSPI
2026-04-29 11:41:21,663	DROP	123410	코리아에프티	trend_gate
2026-04-29 11:41:22,068	DROP	032940	원익	trend_gate
2026-04-29 11:41:22,460	DROP	158430	아톤	trend_gate
2026-04-29 11:41:22,880	DROP	037070	파세코	liquidity_gate:KOSDAQ
2026-04-29 11:41:23,237	DROP	365330	에스와이스틸텍	trend_gate
2026-04-29 11:41:23,628	DROP	009580	무림P&P	52w_ceiling_gate
2026-04-29 11:41:24,097	DROP	220260	켐트로스	52w_ceiling_gate
2026-04-29 11:41:24,480	DROP	300080	플리토	trend_gate
2026-04-29 11:41:24,922	DROP	036710	심텍홀딩스	liquidity_gate:KOSDAQ
2026-04-29 11:41:30,108	DROP	001520	동양	trend_gate
2026-04-29 11:41:30,518	DROP	012200	계양전기	trend_gate
2026-04-29 11:41:30,889	DROP	114840	아이패밀리에스씨	trend_gate
2026-04-29 11:41:31,297	DROP	143160	아이디스	trend_gate
2026-04-29 11:41:31,667	DROP	163730	핑거	trend_gate
2026-04-29 11:41:32,051	DROP	333430	일승	trend_gate
2026-04-29 11:41:32,459	DROP	047310	파워로직스	trend_gate
2026-04-29 11:41:32,855	DROP	006060	화승인더	trend_gate
2026-04-29 11:41:33,267	DROP	071840	롯데하이마트	trend_gate
2026-04-29 11:41:33,636	DROP	217270	넵튠	trend_gate
2026-04-29 11:41:34,020	DROP	025820	이구산업	liquidity_gate:KOSPI
2026-04-29 11:41:34,388	DROP	264850	이랜시스	trend_gate
2026-04-29 11:41:34,743	DROP	317400	자이에스앤디	liquidity_gate:KOSPI
2026-04-29 11:41:35,121	DROP	049080	기가레인	trend_gate
2026-04-29 11:41:35,483	DROP	282880	코윈테크	trend_gate
2026-04-29 11:41:35,866	DROP	082800	비보존 제약	trend_gate
2026-04-29 11:41:36,326	DROP	217820	원익피앤이	trend_gate
2026-04-29 11:41:36,690	DROP	290690	소룩스	trend_gate
2026-04-29 11:41:41,748	DROP	015230	대창단조	liquidity_gate:KOSPI
2026-04-29 11:41:42,101	DROP	101530	해태제과식품	trend_gate
2026-04-29 11:41:42,448	DROP	214420	토니모리	trend_gate
2026-04-29 11:41:42,810	DROP	005430	한국공항	trend_gate
2026-04-29 11:41:43,132	DROP	474610	RF시스템즈	trend_gate
2026-04-29 11:41:43,477	DROP	334970	프레스티지바이오로직스	trend_gate
2026-04-29 11:41:43,899	DROP	016790	현대사료	trend_gate
2026-04-29 11:41:44,347	DROP	038390	레드캡투어	trend_gate
2026-04-29 11:41:44,708	DROP	140610	엔솔바이오사이언스	trend_gate
2026-04-29 11:41:45,076	DROP	003480	한진중공업홀딩스	liquidity_gate:KOSPI
2026-04-29 11:41:45,438	DROP	048870	시너지이노베이션	trend_gate
2026-04-29 11:41:45,791	DROP	446540	메가터치	liquidity_gate:KOSDAQ
2026-04-29 11:41:46,170	DROP	290740	액트로	trend_gate
2026-04-29 11:41:46,528	DROP	016450	한세예스24홀딩스	trend_gate
2026-04-29 11:41:46,884	DROP	049430	코메론	trend_gate
2026-04-29 11:41:47,258	DROP	143240	사람인	liquidity_gate:KOSDAQ
2026-04-29 11:41:47,632	DROP	008830	대동기어	trend_gate
2026-04-29 11:41:48,043	DROP	149950	아바텍	liquidity_gate:KOSDAQ
2026-04-29 11:41:48,432	DROP	115500	케이씨에스	52w_ceiling_gate
2026-04-29 11:41:48,800	DROP	086980	쇼박스	liquidity_gate:KOSDAQ
2026-04-29 11:41:49,192	DROP	037560	LG헬로비전	trend_gate
2026-04-29 11:41:49,583	DROP	071200	인피니트헬스케어	trend_gate
2026-04-29 11:41:49,984	DROP	092130	이크레더블	trend_gate
2026-04-29 11:41:50,360	DROP	235980	메드팩토	trend_gate
2026-04-29 11:41:50,734	DROP	107600	새빗켐	trend_gate
2026-04-29 11:41:51,101	DROP	452190	한빛레이저	trend_gate
2026-04-29 11:41:51,470	DROP	002170	SYTS	trend_gate
2026-04-29 11:41:51,835	DROP	054540	삼영엠텍	trend_gate
2026-04-29 11:41:52,230	DROP	187790	나노	volume_drought_gate
2026-04-29 11:41:52,590	DROP	047770	코데즈컴바인	liquidity_gate:KOSDAQ
2026-04-29 11:41:52,916	DROP	0007J0	인벤테라	insufficient_rows:20
2026-04-29 11:41:53,394	DROP	272550	삼양패키징	trend_gate
2026-04-29 11:41:53,771	DROP	042420	네오위즈홀딩스	trend_gate
2026-04-29 11:41:54,135	DROP	009070	KCTC	trend_gate
2026-04-29 11:41:54,503	DROP	242040	나무기술	trend_gate
2026-04-29 11:41:54,909	DROP	108230	톱텍	trend_gate
2026-04-29 11:41:55,258	DROP	322180	LS티라유텍	liquidity_gate:KOSDAQ
2026-04-29 11:41:55,587	DROP	456070	이엔셀	trend_gate
2026-04-29 11:41:55,952	DROP	066620	국보디자인	trend_gate
2026-04-29 11:41:56,356	DROP	038290	마크로젠	trend_gate
2026-04-29 11:41:56,751	DROP	323990	박셀바이오	trend_gate
2026-04-29 11:41:57,148	DROP	090350	노루페인트	trend_gate
2026-04-29 11:41:57,539	DROP	053080	케이엔솔	trend_gate
2026-04-29 11:41:57,909	DROP	166480	코아스템켐온	liquidity_gate:KOSDAQ
2026-04-29 11:42:02,979	DROP	039830	오로라	trend_gate
2026-04-29 11:42:03,372	DROP	067280	멀티캠퍼스	trend_gate
2026-04-29 11:42:03,774	DROP	047560	이스트소프트	trend_gate
2026-04-29 11:42:04,160	DROP	462520	조선내화	trend_gate
2026-04-29 11:42:04,586	DROP	293480	하나제약	trend_gate
2026-04-29 11:42:05,061	DROP	089470	HDC현대EP	trend_gate
2026-04-29 11:42:05,403	DROP	357880	SKAI	trend_gate
2026-04-29 11:42:05,771	DROP	000300	DH오토넥스	trend_gate
2026-04-29 11:42:06,165	DROP	086670	비엠티	liquidity_gate:KOSDAQ
2026-04-29 11:42:06,533	DROP	475580	에이럭스	trend_gate
2026-04-29 11:42:06,929	DROP	023910	대한약품	trend_gate
2026-04-29 11:42:07,276	DROP	396270	넥스트칩	liquidity_gate:KOSDAQ
2026-04-29 11:42:07,661	DROP	067000	조이시티	trend_gate
2026-04-29 11:42:08,222	DROP	044820	코스맥스비티아이	trend_gate
2026-04-29 11:42:08,774	DROP	011040	경동제약	trend_gate
2026-04-29 11:42:09,327	DROP	210540	디와이파워	liquidity_gate:KOSPI
2026-04-29 11:42:09,817	DROP	013990	아가방컴퍼니	52w_ceiling_gate
2026-04-29 11:42:10,286	DROP	069510	에스텍	liquidity_gate:KOSDAQ
2026-04-29 11:42:10,698	DROP	234030	싸이닉솔루션	trend_gate
2026-04-29 11:42:11,180	DROP	004960	한신공영	trend_gate
2026-04-29 11:42:11,666	DROP	083500	에프엔에스테크	liquidity_gate:KOSDAQ
2026-04-29 11:42:12,089	DROP	360070	탑머티리얼	trend_gate
2026-04-29 11:42:12,468	DROP	148150	세경하이테크	trend_gate
2026-04-29 11:42:12,863	DROP	126730	코칩	trend_gate
2026-04-29 11:42:13,244	DROP	156100	엘앤케이바이오	trend_gate
2026-04-29 11:42:13,626	DROP	000970	한국주철관	trend_gate
2026-04-29 11:42:13,971	DROP	297890	HB솔루션	trend_gate
2026-04-29 11:42:14,374	DROP	000020	동화약품	trend_gate
2026-04-29 11:42:14,765	DROP	012320	경동인베스트	trend_gate
2026-04-29 11:42:15,179	DROP	389030	지니너스	trend_gate
2026-04-29 11:42:15,570	DROP	192440	슈피겐코리아	trend_gate
2026-04-29 11:42:15,942	DROP	172670	에이엘티	liquidity_gate:KOSDAQ
2026-04-29 11:42:16,337	DROP	040300	YTN	liquidity_gate:KOSDAQ
2026-04-29 11:42:16,722	DROP	007330	푸른저축은행	trend_gate
2026-04-29 11:42:17,112	DROP	095190	신화프리텍	liquidity_gate:KOSDAQ
2026-04-29 11:42:17,482	DROP	131030	옵투스제약	trend_gate
2026-04-29 11:42:22,578	DROP	085670	뉴프렉스	liquidity_gate:KOSDAQ
2026-04-29 11:42:22,955	DROP	256940	킵스파마	trend_gate
2026-04-29 11:42:23,322	DROP	408470	한패스	insufficient_rows:26
2026-04-29 11:42:23,723	DROP	021080	에이티넘인베스트	liquidity_gate:KOSDAQ
2026-04-29 11:42:24,119	DROP	000700	유수홀딩스	trend_gate
2026-04-29 11:42:24,491	DROP	024800	유성티엔에스	liquidity_gate:KOSDAQ
2026-04-29 11:42:24,874	DROP	105330	케이엔더블유	liquidity_gate:KOSDAQ
2026-04-29 11:42:25,278	DROP	090470	제이스로보틱스	liquidity_gate:KOSDAQ
2026-04-29 11:42:25,696	DROP	003830	대한화섬	trend_gate
2026-04-29 11:42:26,129	DROP	093640	케이알엠	trend_gate
2026-04-29 11:42:26,530	DROP	033340	좋은사람들	trend_gate
2026-04-29 11:42:26,928	DROP	014280	금강공업	trend_gate
2026-04-29 11:42:27,648	DROP	214390	경보제약	trend_gate
2026-04-29 11:42:28,005	DROP	025620	차AI헬스케어	trend_gate
2026-04-29 11:42:28,385	DROP	054800	아이디스홀딩스	trend_gate
2026-04-29 11:42:28,760	DROP	062970	한국첨단소재	trend_gate
2026-04-29 11:42:29,146	DROP	182360	큐브엔터	trend_gate
2026-04-29 11:42:29,534	DROP	079430	현대리바트	liquidity_gate:KOSPI
2026-04-29 11:42:29,917	DROP	260970	에스앤디	trend_gate
2026-04-29 11:42:30,314	DROP	388790	라이콤	trend_gate
2026-04-29 11:42:30,719	DROP	023600	삼보판지	liquidity_gate:KOSDAQ
2026-04-29 11:42:31,140	DROP	066410	버킷스튜디오	trend_gate
2026-04-29 11:42:31,510	DROP	136540	윈스테크넷	trend_gate
2026-04-29 11:42:31,899	DROP	080420	모다이노칩	trend_gate
2026-04-29 11:42:32,332	DROP	072870	메가스터디	liquidity_gate:KOSDAQ
2026-04-29 11:42:32,766	DROP	046070	코다코	trend_gate
2026-04-29 11:42:33,213	DROP	214680	디알텍	trend_gate
2026-04-29 11:42:33,635	DROP	063570	NICE인프라	trend_gate
2026-04-29 11:42:34,040	DROP	009270	신원	trend_gate
2026-04-29 11:42:34,443	DROP	104460	디와이피엔에프	trend_gate
2026-04-29 11:42:34,798	DROP	464490	쿼드메디슨	insufficient_rows:92
2026-04-29 11:42:35,184	DROP	021320	KCC건설	liquidity_gate:KOSDAQ
2026-04-29 11:42:35,710	DROP	077500	유니퀘스트	trend_gate
2026-04-29 11:42:36,078	DROP	136150	원일티엔아이	trend_gate
2026-04-29 11:42:36,479	DROP	078000	텔코웨어	trend_gate
2026-04-29 11:42:36,973	DROP	123040	엠에스오토텍	trend_gate
2026-04-29 11:42:37,367	DROP	408920	메쎄이상	liquidity_gate:KOSDAQ
2026-04-29 11:42:37,816	DROP	053700	삼보모터스	trend_gate
2026-04-29 11:42:38,269	DROP	225190	LK삼양	trend_gate
2026-04-29 11:42:38,713	DROP	093190	빅솔론	liquidity_gate:KOSDAQ
2026-04-29 11:42:39,110	DROP	004970	신라교역	trend_gate
2026-04-29 11:42:39,498	DROP	382840	원준	liquidity_gate:KOSDAQ
2026-04-29 11:42:39,880	DROP	021820	세원정공	trend_gate
2026-04-29 11:42:40,272	DROP	013520	화승코퍼레이션	trend_gate
2026-04-29 11:42:40,666	DROP	037030	파워넷	trend_gate
2026-04-29 11:42:41,050	DROP	038110	에코플라스틱	trend_gate
2026-04-29 11:42:41,438	DROP	036010	아비코전자	liquidity_gate:KOSDAQ
2026-04-29 11:42:41,794	DROP	336680	탑런토탈솔루션	trend_gate
2026-04-29 11:42:42,168	DROP	263720	디앤씨미디어	trend_gate
2026-04-29 11:42:42,527	DROP	139990	아주스틸	trend_gate
2026-04-29 11:42:42,930	DROP	011700	한신기계	trend_gate
2026-04-29 11:42:43,301	DROP	005860	한일사료	trend_gate
2026-04-29 11:42:43,646	DROP	321370	센서뷰	trend_gate
2026-04-29 11:42:44,020	DROP	476040	오가노이드사이언스	trend_gate
2026-04-29 11:42:44,390	DROP	067990	도이치모터스	trend_gate
2026-04-29 11:42:44,733	DROP	250060	모비스	trend_gate
2026-04-29 11:42:45,060	DROP	0015S0	페스카로	insufficient_rows:94
2026-04-29 11:42:45,424	DROP	049960	쎌바이오텍	liquidity_gate:KOSDAQ
2026-04-29 11:42:45,833	DROP	094280	효성ITX	trend_gate
2026-04-29 11:42:46,228	DROP	007540	샘표	trend_gate
2026-04-29 11:42:46,590	DROP	083420	그린케미칼	trend_gate
2026-04-29 11:42:46,964	DROP	417500	제이아이테크	trend_gate
2026-04-29 11:42:47,343	DROP	015890	태경산업	trend_gate
2026-04-29 11:42:47,731	DROP	027710	팜스토리	trend_gate
2026-04-29 11:42:48,111	DROP	045970	코아시아	trend_gate
2026-04-29 11:42:48,472	DROP	115440	우리넷	trend_gate
2026-04-29 11:42:48,806	DROP	240550	동방메디컬	trend_gate
2026-04-29 11:42:49,184	DROP	306620	지아이에스	liquidity_gate:KOSDAQ
2026-04-29 11:42:49,549	DROP	011280	태림포장	trend_gate
2026-04-29 11:42:49,893	DROP	413630	씨피시스템	trend_gate
2026-04-29 11:42:50,266	DROP	013310	아진산업	liquidity_gate:KOSDAQ
2026-04-29 11:42:50,669	DROP	215100	로보로보	trend_gate
2026-04-29 11:42:51,053	DROP	005990	매일홀딩스	trend_gate
2026-04-29 11:42:51,440	DROP	012800	대창	liquidity_gate:KOSPI
2026-04-29 11:42:51,799	DROP	070960	모나용평	trend_gate
2026-04-29 11:42:52,171	DROP	107590	미원홀딩스	trend_gate
2026-04-29 11:42:52,510	DROP	331740	아우토크립트	insufficient_rows:194
2026-04-29 11:42:52,930	DROP	024090	디씨엠	trend_gate
2026-04-29 11:42:53,301	DROP	041520	이엘씨	liquidity_gate:KOSDAQ
2026-04-29 11:42:53,664	DROP	310200	애니플러스	trend_gate
2026-04-29 11:42:53,991	DROP	096250	와이즈넛	trend_gate
2026-04-29 11:42:54,361	DROP	298000	효성화학	trend_gate
2026-04-29 11:42:54,729	DROP	090850	현대이지웰	trend_gate
2026-04-29 11:42:55,092	DROP	123690	한국화장품	trend_gate
2026-04-29 11:42:55,425	DROP	493330	지에프아이	insufficient_rows:72
2026-04-29 11:42:55,793	DROP	008040	사조동아원	trend_gate
2026-04-29 11:42:56,182	DROP	027970	한국제지	trend_gate
2026-04-29 11:42:56,542	DROP	006620	동구바이오제약	trend_gate
2026-04-29 11:42:56,906	DROP	020120	키다리스튜디오	trend_gate
2026-04-29 11:42:57,266	DROP	307930	컴퍼니케이	volume_drought_gate
2026-04-29 11:42:57,637	DROP	217950	파마리서치바이오	trend_gate
2026-04-29 11:42:58,002	DROP	004250	NPC	trend_gate
2026-04-29 11:42:58,367	DROP	255440	야스	trend_gate
2026-04-29 11:42:58,729	DROP	016740	두올	liquidity_gate:KOSPI
2026-04-29 11:42:59,075	DROP	129920	대성하이텍	trend_gate
2026-04-29 11:42:59,454	DROP	049720	고려신용정보	trend_gate
2026-04-29 11:42:59,900	DROP	109610	에스와이	trend_gate
2026-04-29 11:43:00,257	DROP	263860	지니언스	trend_gate
2026-04-29 11:43:00,626	DROP	246710	티앤알바이오팹	trend_gate
2026-04-29 11:43:00,988	DROP	122450	KX	trend_gate
2026-04-29 11:43:01,409	DROP	002620	제일파마홀딩스	trend_gate
2026-04-29 11:43:01,797	DROP	366030	공구우먼	liquidity_gate:KOSDAQ
2026-04-29 11:43:02,179	DROP	003100	선광	trend_gate
2026-04-29 11:43:02,561	DROP	002390	한독	trend_gate
2026-04-29 11:43:02,926	DROP	071280	로체시스템즈	trend_gate
2026-04-29 11:43:03,294	DROP	049950	미래컴퍼니	trend_gate
2026-04-29 11:43:03,658	DROP	443670	에스피소프트	trend_gate
2026-04-29 11:43:04,049	DROP	035000	HS애드	trend_gate
2026-04-29 11:43:04,418	DROP	225530	HC보광산업	liquidity_gate:KOSDAQ
2026-04-29 11:43:04,796	DROP	001290	상상인증권	trend_gate
2026-04-29 11:43:05,155	DROP	363280	티와이홀딩스	trend_gate
2026-04-29 11:43:05,547	DROP	025950	동신건설	trend_gate
2026-04-29 11:43:05,927	DROP	100130	동국S&C	trend_gate
2026-04-29 11:43:06,336	DROP	226400	오스테오닉	trend_gate
2026-04-29 11:43:06,719	DROP	079810	APS이노베이션	trend_gate
2026-04-29 11:43:07,108	DROP	014530	극동유화	trend_gate
2026-04-29 11:43:07,524	DROP	141000	비아트론	liquidity_gate:KOSDAQ
2026-04-29 11:43:07,904	DROP	052420	오성첨단소재	trend_gate
2026-04-29 11:43:08,291	DROP	004140	동방	trend_gate
2026-04-29 11:43:08,660	DROP	159010	아스플로	liquidity_gate:KOSDAQ
2026-04-29 11:43:09,041	DROP	010100	한국무브넥스	trend_gate
2026-04-29 11:43:09,426	DROP	039980	폴라리스AI	trend_gate
2026-04-29 11:43:09,789	DROP	396300	세아메카닉스	volume_drought_gate
2026-04-29 11:43:10,326	DROP	059120	아진엑스텍	trend_gate
2026-04-29 11:43:10,703	DROP	005870	휴니드	liquidity_gate:KOSPI
2026-04-29 11:43:11,095	DROP	192410	오늘이엔엠	trend_gate
2026-04-29 11:43:11,482	DROP	016710	대성홀딩스	trend_gate
2026-04-29 11:43:11,862	DROP	013570	디와이	trend_gate
2026-04-29 11:43:12,250	DROP	019180	티에이치엔	trend_gate
2026-04-29 11:43:17,360	DROP	089600	KT나스미디어	trend_gate
2026-04-29 11:43:17,701	DROP	086710	선진뷰티사이언스	trend_gate
2026-04-29 11:43:18,077	DROP	047820	초록뱀미디어	trend_gate
2026-04-29 11:43:18,449	DROP	067900	와이엔텍	liquidity_gate:KOSDAQ
2026-04-29 11:43:18,831	DROP	014710	사조씨푸드	trend_gate
2026-04-29 11:43:19,200	DROP	131370	알서포트	trend_gate
2026-04-29 11:43:19,561	DROP	309960	LB인베스트먼트	trend_gate
2026-04-29 11:43:19,935	DROP	042510	라온시큐어	trend_gate
2026-04-29 11:43:20,325	DROP	024840	KBI메탈	volume_drought_gate
2026-04-29 11:43:20,696	DROP	007210	벽산	liquidity_gate:KOSPI
2026-04-29 11:43:21,099	DROP	002220	한일철강	liquidity_gate:KOSPI
2026-04-29 11:43:21,468	DROP	004150	한솔홀딩스	trend_gate
2026-04-29 11:43:21,832	DROP	267290	경동도시가스	liquidity_gate:KOSPI
2026-04-29 11:43:22,187	DROP	228670	레이	volume_drought_gate
2026-04-29 11:43:22,554	DROP	005800	신영와코루	trend_gate
2026-04-29 11:43:22,925	DROP	205100	엑셈	trend_gate
2026-04-29 11:43:23,292	DROP	066310	큐에스아이	52w_ceiling_gate
2026-04-29 11:43:23,654	DROP	014790	HL D&I	liquidity_gate:KOSPI
2026-04-29 11:43:24,028	DROP	187870	디바이스	volume_drought_gate
2026-04-29 11:43:24,402	DROP	089230	THE E&M	liquidity_gate:KOSDAQ
2026-04-29 11:43:24,766	DROP	035080	그래디언트	trend_gate
2026-04-29 11:43:25,130	DROP	014580	태경비케이	trend_gate
2026-04-29 11:43:25,501	DROP	052260	현대바이오랜드	trend_gate
2026-04-29 11:43:25,853	DROP	331920	셀레믹스	liquidity_gate:KOSDAQ
2026-04-29 11:43:26,211	DROP	269620	시스웍	trend_gate
2026-04-29 11:43:26,558	DROP	389140	포바이포	trend_gate
2026-04-29 11:43:26,951	DROP	088390	이녹스	trend_gate
2026-04-29 11:43:27,306	DROP	092040	아미코젠	trend_gate
2026-04-29 11:43:27,669	DROP	337930	젝시믹스	trend_gate
2026-04-29 11:43:28,052	DROP	002460	HS화성	trend_gate
2026-04-29 11:43:28,410	DROP	095720	웅진씽크빅	trend_gate
2026-04-29 11:43:28,800	DROP	029480	광무	trend_gate
2026-04-29 11:43:29,181	DROP	000440	중앙에너비스	trend_gate
2026-04-29 11:43:29,545	DROP	054620	APS	trend_gate
2026-04-29 11:43:29,881	DROP	489460	바이오비쥬	trend_gate
2026-04-29 11:43:30,280	DROP	042500	링네트	volume_drought_gate
2026-04-29 11:43:30,649	DROP	317770	엑스페릭스	52w_ceiling_gate
2026-04-29 11:43:31,027	DROP	036220	오상헬스케어	trend_gate
2026-04-29 11:43:31,416	DROP	004080	신흥	trend_gate
2026-04-29 11:43:31,810	DROP	067830	세이브존I&C	liquidity_gate:KOSPI
2026-04-29 11:43:32,186	DROP	053260	금강철강	volume_drought_gate
2026-04-29 11:43:32,576	DROP	023900	풍국주정	trend_gate
2026-04-29 11:43:32,927	DROP	217330	싸이토젠	trend_gate
2026-04-29 11:43:33,319	DROP	950130	엑세스바이오	trend_gate
2026-04-29 11:43:33,696	DROP	120030	조선선재	trend_gate
2026-04-29 11:43:34,095	DROP	036580	팜스코	trend_gate
2026-04-29 11:43:34,516	DROP	054050	농우바이오	trend_gate
2026-04-29 11:43:34,886	DROP	019680	대교	trend_gate
2026-04-29 11:43:35,231	DROP	088280	쏘닉스	volume_drought_gate
2026-04-29 11:43:35,616	DROP	074430	아미노로직스	trend_gate
2026-04-29 11:43:35,992	DROP	014160	대영포장	trend_gate
2026-04-29 11:43:36,385	DROP	007110	일신석재	trend_gate
2026-04-29 11:43:36,774	DROP	032300	한국파마	trend_gate
2026-04-29 11:43:37,180	DROP	109740	디에스케이	trend_gate
2026-04-29 11:43:37,537	DROP	411080	샌즈랩	trend_gate
2026-04-29 11:43:37,911	DROP	023800	인지컨트롤스	liquidity_gate:KOSPI
2026-04-29 11:43:38,270	DROP	432470	케이엔에스	trend_gate
2026-04-29 11:43:38,646	DROP	223250	드림씨아이에스	trend_gate
2026-04-29 11:43:39,037	DROP	038540	상상인	liquidity_gate:KOSDAQ
2026-04-29 11:43:44,084	DROP	339950	아이비김영	liquidity_gate:KOSDAQ
2026-04-29 11:43:44,455	DROP	009780	엠에스씨	trend_gate
2026-04-29 11:43:44,829	DROP	294630	서남	52w_ceiling_gate
2026-04-29 11:43:45,197	DROP	0015N0	아로마티카	insufficient_rows:103
2026-04-29 11:43:45,570	DROP	227840	현대코퍼레이션홀딩스	liquidity_gate:KOSPI
2026-04-29 11:43:45,954	DROP	091120	이엠텍	trend_gate
2026-04-29 11:43:46,329	DROP	463020	뉴엔AI	trend_gate
2026-04-29 11:43:46,709	DROP	036690	코맥스	trend_gate
2026-04-29 11:43:47,085	DROP	044990	에이치엔에스하이텍	trend_gate
2026-04-29 11:43:47,504	DROP	049520	유아이엘	trend_gate
2026-04-29 11:43:47,844	DROP	396470	워트	trend_gate
2026-04-29 11:43:48,214	DROP	265740	엔에프씨	trend_gate
2026-04-29 11:43:48,620	DROP	004100	태양금속	52w_ceiling_gate
2026-04-29 11:43:48,979	DROP	290720	푸드나무	trend_gate
2026-04-29 11:43:49,345	DROP	248170	샘표식품	trend_gate
2026-04-29 11:43:49,691	DROP	251120	바이오에프디엔씨	trend_gate
2026-04-29 11:43:50,062	DROP	003310	대주산업	trend_gate
2026-04-29 11:43:50,417	DROP	37550L	DL이앤씨2우(전환)	liquidity_gate:KOSPI
2026-04-29 11:43:50,800	DROP	059210	메타바이오메드	trend_gate
2026-04-29 11:43:51,155	DROP	417970	모델솔루션	trend_gate
2026-04-29 11:43:51,497	DROP	381620	제닉스로보틱스	trend_gate
2026-04-29 11:43:51,868	DROP	273640	와이엠텍	trend_gate
2026-04-29 11:43:52,267	DROP	073560	우리손에프앤지	trend_gate
2026-04-29 11:43:52,661	DROP	063170	서울옥션	trend_gate
2026-04-29 11:43:53,054	DROP	063080	컴투스홀딩스	trend_gate
2026-04-29 11:43:53,440	DROP	015590	DKME	trend_gate
2026-04-29 11:43:53,832	DROP	117670	알파칩스	liquidity_gate:KOSDAQ
2026-04-29 11:43:54,237	DROP	078890	가온그룹	liquidity_gate:KOSDAQ
2026-04-29 11:43:54,693	DROP	053580	웹케시	trend_gate
2026-04-29 11:43:55,079	DROP	024880	케이피에프	trend_gate
2026-04-29 11:43:55,455	DROP	267850	아시아나IDT	trend_gate
2026-04-29 11:43:55,835	DROP	078140	대봉엘에스	trend_gate
2026-04-29 11:44:00,904	DROP	101670	하이드로리튬	trend_gate
2026-04-29 11:44:01,296	DROP	205500	넥써쓰	trend_gate
2026-04-29 11:44:01,675	DROP	388870	파로스아이바이오	trend_gate
2026-04-29 11:44:02,065	DROP	142210	유니트론텍	trend_gate
2026-04-29 11:44:02,525	DROP	001020	페이퍼코리아	trend_gate
2026-04-29 11:44:02,885	DROP	099750	이지케어텍	trend_gate
2026-04-29 11:44:03,267	DROP	018120	진로발효	trend_gate
2026-04-29 11:44:03,632	DROP	330350	위더스제약	trend_gate
2026-04-29 11:44:04,009	DROP	370090	퓨런티어	trend_gate
2026-04-29 11:44:04,401	DROP	079980	휴비스	liquidity_gate:KOSPI
2026-04-29 11:44:04,781	DROP	305090	마이크로디지탈	trend_gate
2026-04-29 11:44:05,142	DROP	330730	스톤브릿지벤처스	liquidity_gate:KOSDAQ
2026-04-29 11:44:05,496	DROP	262260	에이프로	trend_gate
2026-04-29 11:44:05,853	DROP	081180	쎄크	52w_ceiling_gate
2026-04-29 11:44:06,236	DROP	048530	인트론바이오	trend_gate
2026-04-29 11:44:06,698	DROP	451220	아이엠티	liquidity_gate:KOSDAQ
2026-04-29 11:44:11,792	DROP	034590	인천도시가스	trend_gate
2026-04-29 11:44:12,234	DROP	026150	특수건설	liquidity_gate:KOSDAQ
2026-04-29 11:44:12,636	DROP	096240	크레버스	trend_gate
2026-04-29 11:44:13,020	DROP	298540	더네이쳐홀딩스	trend_gate
2026-04-29 11:44:13,449	DROP	131400	이브이첨단소재	trend_gate
2026-04-29 11:44:13,838	DROP	051160	지어소프트	trend_gate
2026-04-29 11:44:14,275	DROP	041590	플래스크	trend_gate
2026-04-29 11:44:14,665	DROP	412350	레이저쎌	trend_gate
2026-04-29 11:44:15,066	DROP	000230	일동홀딩스	trend_gate
2026-04-29 11:44:15,504	DROP	038460	바이오스마트	trend_gate
2026-04-29 11:44:15,910	DROP	010660	화천기계	trend_gate
2026-04-29 11:44:16,317	DROP	008260	NI스틸	liquidity_gate:KOSPI
2026-04-29 11:44:16,720	DROP	058850	KTcs	trend_gate
2026-04-29 11:44:17,145	DROP	067290	JW신약	trend_gate
2026-04-29 11:44:17,514	DROP	086960	MDS테크	trend_gate
2026-04-29 11:44:17,923	DROP	036420	콘텐트리중앙	trend_gate
2026-04-29 11:44:18,366	DROP	265560	영화테크	liquidity_gate:KOSDAQ
2026-04-29 11:44:18,799	DROP	008700	아남전자	trend_gate
2026-04-29 11:44:19,231	DROP	418470	KT밀리의서재	trend_gate
2026-04-29 11:44:19,700	DROP	033290	로젠	trend_gate
2026-04-29 11:44:20,120	DROP	208370	셀바스헬스케어	trend_gate
2026-04-29 11:44:20,543	DROP	377480	마음AI	trend_gate
2026-04-29 11:44:20,967	DROP	017370	우신시스템	trend_gate
2026-04-29 11:44:21,389	DROP	066700	테라젠이텍스	trend_gate
2026-04-29 11:44:21,799	DROP	101330	모베이스	trend_gate
2026-04-29 11:44:22,177	DROP	439580	블루엠텍	trend_gate
2026-04-29 11:44:22,616	DROP	084670	동양고속	trend_gate
2026-04-29 11:44:23,009	DROP	424960	스마트레이더시스템	trend_gate
2026-04-29 11:44:23,414	DROP	006840	AK홀딩스	trend_gate
2026-04-29 11:44:23,763	DROP	463480	모티브링크	trend_gate
2026-04-29 11:44:24,155	DROP	105740	디케이락	liquidity_gate:KOSDAQ
2026-04-29 11:44:24,515	DROP	362320	청담글로벌	trend_gate
2026-04-29 11:44:24,916	DROP	003580	HLB글로벌	trend_gate
2026-04-29 11:44:25,322	DROP	317830	에스피시스템스	trend_gate
2026-04-29 11:44:25,763	DROP	096350	대창솔루션	liquidity_gate:KOSDAQ
2026-04-29 11:44:26,316	DROP	030960	양지사	trend_gate
2026-04-29 11:44:26,718	DROP	347860	알체라	trend_gate
2026-04-29 11:44:27,194	DROP	014970	삼륭물산	trend_gate
2026-04-29 11:44:27,600	DROP	100590	머큐리	trend_gate
2026-04-29 11:44:28,067	DROP	002450	삼익악기	trend_gate
2026-04-29 11:44:28,549	DROP	277880	티에스아이	trend_gate
2026-04-29 11:44:28,996	DROP	049480	오픈베이스	trend_gate
2026-04-29 11:44:29,392	DROP	303810	동국생명과학	trend_gate
2026-04-29 11:44:29,835	DROP	048550	SM C&C	trend_gate
2026-04-29 11:44:30,313	DROP	278650	HLB바이오스텝	trend_gate
2026-04-29 11:44:30,697	DROP	382150	온코크로스	trend_gate
2026-04-29 11:44:31,172	DROP	011370	서한	trend_gate
2026-04-29 11:44:31,578	DROP	032560	황금에스티	liquidity_gate:KOSPI
2026-04-29 11:44:32,042	DROP	040910	아이씨디	liquidity_gate:KOSDAQ
2026-04-29 11:44:32,494	DROP	348350	위드텍	liquidity_gate:KOSDAQ
2026-04-29 11:44:32,934	DROP	033230	인성정보	trend_gate
2026-04-29 11:44:33,443	DROP	382480	지아이텍	liquidity_gate:KOSDAQ
2026-04-29 11:44:33,886	DROP	039340	한국경제TV	trend_gate
2026-04-29 11:44:34,333	DROP	011810	STX	trend_gate
2026-04-29 11:44:34,733	DROP	413390	엠오티	liquidity_gate:KOSDAQ
2026-04-29 11:44:35,181	DROP	094840	슈프리마에이치큐	liquidity_gate:KOSDAQ
2026-04-29 11:44:35,606	DROP	419050	삼기에너지솔루션즈	trend_gate
2026-04-29 11:44:36,051	DROP	229500	노브메타파마	trend_gate
2026-04-29 11:44:36,534	DROP	039610	화성밸브	trend_gate
2026-04-29 11:44:36,946	DROP	460940	피앤에스로보틱스	trend_gate
2026-04-29 11:44:37,372	DROP	264900	크라운제과	trend_gate
2026-04-29 11:44:37,825	DROP	052860	아이앤씨	liquidity_gate:KOSDAQ
2026-04-29 11:44:38,255	DROP	149980	하이로닉	trend_gate
2026-04-29 11:44:38,770	DROP	311320	지오엘리먼트	liquidity_gate:KOSDAQ
2026-04-29 11:44:39,284	DROP	058630	엠게임	trend_gate
2026-04-29 11:44:39,699	DROP	063160	종근당바이오	trend_gate
2026-04-29 11:44:40,098	DROP	002200	한국수출포장	trend_gate
2026-04-29 11:44:40,469	DROP	950190	고스트스튜디오	trend_gate
2026-04-29 11:44:40,848	DROP	315640	딥노이드	trend_gate
2026-04-29 11:44:41,238	DROP	001540	안국약품	trend_gate
2026-04-29 11:44:41,672	DROP	348150	고바이오랩	trend_gate
2026-04-29 11:44:42,066	DROP	059270	해성에어로보틱스	trend_gate
2026-04-29 11:44:42,466	DROP	006140	피제이전자	trend_gate
2026-04-29 11:44:42,886	DROP	082850	우리바이오	trend_gate
2026-04-29 11:44:43,268	DROP	023450	동남합성	trend_gate
2026-04-29 11:44:43,680	DROP	066590	스모트로닉	trend_gate
2026-04-29 11:44:44,081	DROP	025550	한국선재	trend_gate
2026-04-29 11:44:44,505	DROP	004440	삼일씨엔에스	liquidity_gate:KOSPI
2026-04-29 11:44:44,972	DROP	007820	엠엑스로보틱스	trend_gate
2026-04-29 11:44:45,362	DROP	163560	동일고무벨트	liquidity_gate:KOSPI
2026-04-29 11:44:45,771	DROP	005740	크라운해태홀딩스	trend_gate
2026-04-29 11:44:46,202	DROP	234300	에스트래픽	trend_gate
2026-04-29 11:44:46,585	DROP	357230	에이치피오	trend_gate
2026-04-29 11:44:46,979	DROP	137950	제이씨케미칼	trend_gate
2026-04-29 11:44:47,421	DROP	046940	우원개발	liquidity_gate:KOSDAQ
2026-04-29 11:44:47,837	DROP	238090	앤디포스	trend_gate
2026-04-29 11:44:48,250	DROP	009300	삼아제약	trend_gate
2026-04-29 11:44:48,705	DROP	035610	솔본	trend_gate
2026-04-29 11:44:49,172	DROP	261780	차백신연구소	52w_ceiling_gate
2026-04-29 11:44:49,567	DROP	060560	HC홈센타	trend_gate
2026-04-29 11:44:49,955	DROP	201490	미투온	trend_gate
2026-04-29 11:44:50,342	DROP	352090	스톰테크	trend_gate
2026-04-29 11:44:50,790	DROP	004840	DRB동일	trend_gate
2026-04-29 11:44:51,168	DROP	311690	CJ 바이오사이언스	trend_gate
2026-04-29 11:44:51,562	DROP	065530	와이어블	trend_gate
2026-04-29 11:44:51,988	DROP	041930	SY동아	trend_gate
2026-04-29 11:44:52,426	DROP	205470	휴마시스	trend_gate
2026-04-29 11:44:52,817	DROP	013360	일성건설	trend_gate
2026-04-29 11:44:53,217	DROP	019550	SBI인베스트먼트	trend_gate
2026-04-29 11:44:53,647	DROP	006660	삼성공조	trend_gate
2026-04-29 11:44:54,063	DROP	043610	KT지니뮤직	trend_gate
2026-04-29 11:44:54,438	DROP	124560	태웅로직스	trend_gate
2026-04-29 11:44:54,838	DROP	006890	태경케미컬	trend_gate
2026-04-29 11:44:55,233	DROP	072950	빛샘전자	52w_ceiling_gate
2026-04-29 11:44:55,670	DROP	019990	에너토크	liquidity_gate:KOSDAQ
2026-04-29 11:44:56,059	DROP	299170	더블유에스아이	trend_gate
2026-04-29 11:44:56,482	DROP	054670	대한뉴팜	trend_gate
2026-04-29 11:44:56,870	DROP	461030	아이엠비디엑스	trend_gate
2026-04-29 11:44:57,350	DROP	173130	오파스넷	liquidity_gate:KOSDAQ
2026-04-29 11:44:57,750	DROP	091440	한울소재과학	liquidity_gate:KOSDAQ
2026-04-29 11:44:58,140	DROP	191420	테고사이언스	trend_gate
2026-04-29 11:44:58,623	DROP	064800	포니링크	trend_gate
2026-04-29 11:44:59,002	DROP	002700	신일전자	liquidity_gate:KOSPI
2026-04-29 11:44:59,507	DROP	000180	성창기업지주	trend_gate
2026-04-29 11:44:59,904	DROP	071090	하이스틸	trend_gate
2026-04-29 11:45:00,335	DROP	228850	레이언스	liquidity_gate:KOSDAQ
2026-04-29 11:45:00,735	DROP	453860	에이에스텍	trend_gate
2026-04-29 11:45:01,138	DROP	084650	랩지노믹스	trend_gate
2026-04-29 11:45:01,532	DROP	007980	TP	liquidity_gate:KOSPI
2026-04-29 11:45:01,950	DROP	036630	세종텔레콤	trend_gate
2026-04-29 11:45:02,338	DROP	105550	엣지파운드리	trend_gate
2026-04-29 11:45:02,722	DROP	263600	덕우전자	liquidity_gate:KOSDAQ
2026-04-29 11:45:03,164	DROP	120240	대정화금	liquidity_gate:KOSDAQ
2026-04-29 11:45:03,550	DROP	347890	엠엑스온	trend_gate
2026-04-29 11:45:03,948	DROP	119650	KC코트렐	trend_gate
2026-04-29 11:45:04,339	DROP	175140	휴먼테크놀로지	trend_gate
2026-04-29 11:45:04,754	DROP	020710	시공테크	52w_ceiling_gate
2026-04-29 11:45:05,168	DROP	067370	선바이오	trend_gate
2026-04-29 11:45:05,557	DROP	002720	국제약품	trend_gate
2026-04-29 11:45:05,951	DROP	058860	KTis	trend_gate
2026-04-29 11:45:06,322	DROP	290670	대보마그네틱	trend_gate
2026-04-29 11:45:06,748	DROP	246720	아스타	trend_gate
2026-04-29 11:45:07,127	DROP	251630	브이원텍	trend_gate
2026-04-29 11:45:07,519	DROP	222040	코스맥스엔비티	liquidity_gate:KOSDAQ
2026-04-29 11:45:07,906	DROP	004060	SG세계물산	trend_gate
2026-04-29 11:45:08,313	DROP	033130	디지틀조선	trend_gate
2026-04-29 11:45:08,700	DROP	012700	리드코프	trend_gate
2026-04-29 11:45:09,142	DROP	033320	제이씨현시스템	liquidity_gate:KOSDAQ
2026-04-29 11:45:09,623	DROP	014950	삼익제약	insufficient_rows:126
2026-04-29 11:45:10,086	DROP	019540	일지테크	liquidity_gate:KOSDAQ
2026-04-29 11:45:10,472	DROP	023000	삼원강재	trend_gate
2026-04-29 11:45:10,906	DROP	046210	HLB파나진	trend_gate
2026-04-29 11:45:11,303	DROP	217190	제너셈	liquidity_gate:KOSDAQ
2026-04-29 11:45:11,688	DROP	011150	CJ씨푸드	trend_gate
2026-04-29 11:45:12,060	DROP	048430	유라테크	trend_gate
2026-04-29 11:45:12,440	DROP	056360	코위버	52w_ceiling_gate
2026-04-29 11:45:12,816	DROP	212560	네오오토	trend_gate
2026-04-29 11:45:13,212	DROP	001260	남광토건	liquidity_gate:KOSPI
2026-04-29 11:45:13,613	DROP	066790	씨씨에스	trend_gate
2026-04-29 11:45:14,102	DROP	048910	대원미디어	trend_gate
2026-04-29 11:45:14,509	DROP	093920	서원인텍	trend_gate
2026-04-29 11:45:14,880	DROP	055490	테이팩스	liquidity_gate:KOSPI
2026-04-29 11:45:15,266	DROP	083790	CG인바이츠	trend_gate
2026-04-29 11:45:15,687	DROP	084730	팅크웨어	trend_gate
2026-04-29 11:45:16,090	DROP	010960	삼호개발	trend_gate
2026-04-29 11:45:16,486	DROP	044340	위닉스	trend_gate
2026-04-29 11:45:16,874	DROP	068240	다원시스	trend_gate
2026-04-29 11:45:17,261	DROP	007460	에이프로젠	trend_gate
2026-04-29 11:45:17,664	DROP	004650	창해에탄올	trend_gate
2026-04-29 11:45:18,031	DROP	348080	큐라티스	trend_gate
2026-04-29 11:45:18,403	DROP	253840	수젠텍	trend_gate
2026-04-29 11:45:18,791	DROP	323350	다원넥스뷰	trend_gate
2026-04-29 11:45:19,224	DROP	302550	리메드	trend_gate
2026-04-29 11:45:19,628	DROP	014440	영보화학	trend_gate
2026-04-29 11:45:20,039	DROP	004890	동일산업	trend_gate
2026-04-29 11:45:20,425	DROP	126880	제이엔케이글로벌	trend_gate
2026-04-29 11:45:20,813	DROP	041910	폴라리스AI파마	trend_gate
2026-04-29 11:45:21,200	DROP	058400	KNN	trend_gate
2026-04-29 11:45:21,569	DROP	013870	지엠비코리아	trend_gate
2026-04-29 11:45:21,950	DROP	040420	정상제이엘에스	trend_gate
2026-04-29 11:45:22,330	DROP	241690	유니테크노	trend_gate
2026-04-29 11:45:22,746	DROP	039010	현대에이치티	liquidity_gate:KOSDAQ
2026-04-29 11:45:23,133	DROP	299660	셀리드	trend_gate
2026-04-29 11:45:23,517	DROP	072020	중앙백신	trend_gate
2026-04-29 11:45:23,927	DROP	002210	동성제약	trend_gate
2026-04-29 11:45:24,341	DROP	290660	다이나믹솔루션	52w_ceiling_gate
2026-04-29 11:45:24,725	DROP	171120	라이온켐텍	trend_gate
2026-04-29 11:45:25,099	DROP	005750	대림바스	liquidity_gate:KOSPI
2026-04-29 11:45:25,480	DROP	214270	FSN	trend_gate
2026-04-29 11:45:25,878	DROP	060590	씨티씨바이오	trend_gate
2026-04-29 11:45:26,227	DROP	451250	삐아	trend_gate
2026-04-29 11:45:26,606	DROP	007280	한국특강	trend_gate
2026-04-29 11:45:26,984	DROP	032850	비트컴퓨터	trend_gate
2026-04-29 11:45:27,347	DROP	110790	크리스에프앤씨	trend_gate
2026-04-29 11:45:27,741	DROP	085310	엔케이	trend_gate
2026-04-29 11:45:32,824	DROP	067570	엔브이에이치코리아	trend_gate
2026-04-29 11:45:33,201	DROP	065510	휴비츠	trend_gate
2026-04-29 11:45:33,568	DROP	217500	러셀	trend_gate
2026-04-29 11:45:33,957	DROP	100220	비상교육	liquidity_gate:KOSPI
2026-04-29 11:45:34,324	DROP	134580	탑코미디어	trend_gate
2026-04-29 11:45:34,703	DROP	192250	케이사인	trend_gate
2026-04-29 11:45:35,135	DROP	054040	한국컴퓨터	liquidity_gate:KOSDAQ
2026-04-29 11:45:35,536	DROP	024830	세원물산	trend_gate
2026-04-29 11:45:35,894	DROP	391710	코닉오토메이션	trend_gate
2026-04-29 11:45:36,278	DROP	000590	CS홀딩스	trend_gate
2026-04-29 11:45:36,719	DROP	011320	유니크	trend_gate
2026-04-29 11:45:37,169	DROP	128660	피제이메탈	liquidity_gate:KOSDAQ
2026-04-29 11:45:37,606	DROP	031820	아이티센씨티에스	trend_gate
2026-04-29 11:45:38,041	DROP	060570	드림어스컴퍼니	trend_gate
2026-04-29 11:45:38,416	DROP	347000	센코	trend_gate
2026-04-29 11:45:38,790	DROP	140070	서플러스글로벌	trend_gate
2026-04-29 11:45:39,187	DROP	104040	디에스엠	trend_gate
2026-04-29 11:45:39,574	DROP	081150	티플랙스	liquidity_gate:KOSDAQ
2026-04-29 11:45:39,968	DROP	109070	주성코퍼레이션	52w_ceiling_gate
2026-04-29 11:45:40,412	DROP	002800	신신제약	52w_ceiling_gate
2026-04-29 11:45:40,807	DROP	071670	에이테크솔루션	trend_gate
2026-04-29 11:45:41,191	DROP	068290	삼성출판사	trend_gate
2026-04-29 11:45:41,565	DROP	023810	인팩	52w_ceiling_gate
2026-04-29 11:45:41,937	DROP	065440	이루온	trend_gate
2026-04-29 11:45:42,313	DROP	001560	제일연마	liquidity_gate:KOSPI
2026-04-29 11:45:42,685	DROP	443250	레뷰코퍼레이션	trend_gate
2026-04-29 11:45:43,123	DROP	378800	샤페론	trend_gate
2026-04-29 11:45:43,526	DROP	003010	혜인	volume_drought_gate
2026-04-29 11:45:43,899	DROP	478560	블랙야크아이앤씨	trend_gate
2026-04-29 11:45:44,316	DROP	203690	아크솔루션스	trend_gate
2026-04-29 11:45:44,698	DROP	016250	SGC E&C	trend_gate
2026-04-29 11:45:45,103	DROP	170030	현대공업	trend_gate
2026-04-29 11:45:45,509	DROP	187420	HLB제넥스	trend_gate
2026-04-29 11:45:45,944	DROP	009180	한솔로지스틱스	liquidity_gate:KOSPI
2026-04-29 11:45:46,318	DROP	111380	동인기연	trend_gate
2026-04-29 11:45:46,680	DROP	475430	키스트론	trend_gate
2026-04-29 11:45:47,057	DROP	900250	크리스탈신소재	trend_gate
2026-04-29 11:45:47,473	DROP	291650	압타머사이언스	trend_gate
2026-04-29 11:45:47,947	DROP	099220	SDN	liquidity_gate:KOSDAQ
2026-04-29 11:45:48,356	DROP	094940	푸른기술	trend_gate
2026-04-29 11:45:48,755	DROP	002600	조흥	trend_gate
2026-04-29 11:45:49,207	DROP	263800	데이타솔루션	trend_gate
2026-04-29 11:45:49,589	DROP	004720	팜젠사이언스	trend_gate
2026-04-29 11:45:49,983	DROP	012690	모나리자	trend_gate
2026-04-29 11:45:50,363	DROP	036640	HRS	trend_gate
2026-04-29 11:45:50,739	DROP	007610	선도전기	liquidity_gate:KOSPI
2026-04-29 11:45:51,098	DROP	014470	부방	trend_gate
2026-04-29 11:45:51,462	DROP	216050	인크로스	trend_gate
2026-04-29 11:45:51,842	DROP	307870	비투엔	trend_gate
2026-04-29 11:45:52,242	DROP	053280	예스24	trend_gate
2026-04-29 11:45:52,633	DROP	130580	나이스디앤비	trend_gate
2026-04-29 11:45:53,015	DROP	111710	남화산업	trend_gate
2026-04-29 11:45:53,379	DROP	102370	케이옥션	trend_gate
2026-04-29 11:45:53,765	DROP	109080	옵티시스	trend_gate
2026-04-29 11:45:54,158	DROP	027830	대성창투	trend_gate
2026-04-29 11:45:54,504	DROP	163280	에어레인	trend_gate
2026-04-29 11:45:54,848	DROP	162300	신스틸	trend_gate
2026-04-29 11:45:55,242	DROP	214330	금호에이치티	trend_gate
2026-04-29 11:45:55,650	DROP	215360	우리산업	liquidity_gate:KOSDAQ
2026-04-29 11:45:56,007	DROP	376930	노을	trend_gate
2026-04-29 11:45:56,353	DROP	214260	라파스	trend_gate
2026-04-29 11:45:56,722	DROP	207760	미스터블루	trend_gate
2026-04-29 11:45:57,092	DROP	101140	인바이오젠	trend_gate
2026-04-29 11:45:57,464	DROP	009200	무림페이퍼	trend_gate
2026-04-29 11:45:57,847	DROP	000850	화천기공	trend_gate
2026-04-29 11:45:58,215	DROP	142280	녹십자엠에스	trend_gate
2026-04-29 11:45:58,584	DROP	246690	TS인베스트먼트	trend_gate
2026-04-29 11:45:58,953	DROP	027050	코리아나	trend_gate
2026-04-29 11:45:59,309	DROP	459100	위츠	trend_gate
2026-04-29 11:45:59,662	DROP	104620	노랑풍선	trend_gate
2026-04-29 11:46:00,011	DROP	452400	이닉스	trend_gate
2026-04-29 11:46:00,411	DROP	241790	티이엠씨씨엔에스	liquidity_gate:KOSDAQ
2026-04-29 11:46:00,820	DROP	018500	동원금속	liquidity_gate:KOSPI
2026-04-29 11:46:01,165	DROP	435570	에르코스	trend_gate
2026-04-29 11:46:01,571	DROP	036090	위지트	trend_gate
2026-04-29 11:46:01,956	DROP	052900	KX하이텍	trend_gate
2026-04-29 11:46:02,339	DROP	049180	셀루메드	trend_gate
2026-04-29 11:46:02,724	DROP	006880	신송홀딩스	trend_gate
2026-04-29 11:46:03,102	DROP	183490	엔지켐생명과학	trend_gate
2026-04-29 11:46:03,488	DROP	017650	대림제지	trend_gate
2026-04-29 11:46:03,862	DROP	123420	위메이드플레이	trend_gate
2026-04-29 11:46:04,232	DROP	168330	내츄럴엔도텍	trend_gate
2026-04-29 11:46:04,590	DROP	424980	마이크로투나노	liquidity_gate:KOSDAQ
2026-04-29 11:46:04,983	DROP	066430	아이로보틱스	trend_gate
2026-04-29 11:46:05,394	DROP	136410	아셈스	trend_gate
2026-04-29 11:46:05,749	DROP	340360	다보링크	trend_gate
2026-04-29 11:46:11,785	DROP	045660	에이텍	trend_gate
2026-04-29 11:46:12,146	DROP	208140	정다운	trend_gate
2026-04-29 11:46:17,162	DROP	479960	위너스일렉	trend_gate
2026-04-29 11:46:17,508	DROP	261520	이지스	insufficient_rows:93
2026-04-29 11:46:17,890	DROP	007590	동방아그로	trend_gate
2026-04-29 11:46:18,252	DROP	089850	유비벨록스	trend_gate
2026-04-29 11:46:18,626	DROP	010040	한국내화	trend_gate
2026-04-29 11:46:19,018	DROP	013700	까뮤이앤씨	liquidity_gate:KOSPI
2026-04-29 11:46:19,389	DROP	204840	지엘팜텍	trend_gate
2026-04-29 11:46:19,765	DROP	039240	경남스틸	trend_gate
2026-04-29 11:46:20,111	DROP	180060	탑선	trend_gate
2026-04-29 11:46:20,454	DROP	302430	이노메트리	trend_gate
2026-04-29 11:46:20,803	DROP	360350	코셈	trend_gate
2026-04-29 11:46:21,164	DROP	212710	아이에스티이	trend_gate
2026-04-29 11:46:21,496	DROP	145170	노브랜드	trend_gate
2026-04-29 11:46:21,875	DROP	227950	엔투텍	trend_gate
2026-04-29 11:46:22,210	DROP	480370	씨케이솔루션	trend_gate
2026-04-29 11:46:22,574	DROP	069730	DSR제강	liquidity_gate:KOSPI
2026-04-29 11:46:22,921	DROP	175250	아이큐어	trend_gate
2026-04-29 11:46:23,268	DROP	408900	스튜디오미르	trend_gate
2026-04-29 11:46:23,633	DROP	222420	쎄노텍	liquidity_gate:KOSDAQ
2026-04-29 11:46:23,999	DROP	317690	퀀타매트릭스	trend_gate
2026-04-29 11:46:24,359	DROP	412540	제일엠앤에스	trend_gate
2026-04-29 11:46:24,719	DROP	222110	팬젠	trend_gate
2026-04-29 11:46:25,096	DROP	039020	이건홀딩스	trend_gate
2026-04-29 11:46:25,472	DROP	053450	세코닉스	trend_gate
2026-04-29 11:46:25,906	DROP	041460	한국전자인증	liquidity_gate:KOSDAQ
2026-04-29 11:46:26,279	DROP	417790	트루엔	trend_gate
2026-04-29 11:46:26,669	DROP	066980	한성크린텍	liquidity_gate:KOSDAQ
2026-04-29 11:46:27,066	DROP	017480	삼현철강	liquidity_gate:KOSDAQ
2026-04-29 11:46:27,454	DROP	099410	동방선기	trend_gate
2026-04-29 11:46:27,803	DROP	950220	네오이뮨텍	trend_gate
2026-04-29 11:46:28,226	DROP	037760	쎄니트	liquidity_gate:KOSDAQ
2026-04-29 11:46:28,583	DROP	294140	레몬	trend_gate
2026-04-29 11:46:28,940	DROP	159580	제로투세븐	trend_gate
2026-04-29 11:46:29,317	DROP	001470	삼부토건	trend_gate
2026-04-29 11:46:29,696	DROP	032540	TJ미디어	trend_gate
2026-04-29 11:46:30,061	DROP	222160	NPX	trend_gate
2026-04-29 11:46:30,428	DROP	006090	사조오양	trend_gate
2026-04-29 11:46:30,788	DROP	094850	참좋은여행	trend_gate
2026-04-29 11:46:31,155	DROP	011390	부산산업	trend_gate
2026-04-29 11:46:31,588	DROP	061250	화일약품	trend_gate
2026-04-29 11:46:31,971	DROP	053050	지에스이	trend_gate
2026-04-29 11:46:32,381	DROP	049470	비트플래닛	trend_gate
2026-04-29 11:46:32,856	DROP	011000	진원생명과학	trend_gate
2026-04-29 11:46:33,219	DROP	446840	지슨	trend_gate
2026-04-29 11:46:33,604	DROP	054930	유신	trend_gate
2026-04-29 11:46:33,972	DROP	067920	이글루	liquidity_gate:KOSDAQ
2026-04-29 11:46:34,382	DROP	004590	한국가구	trend_gate
2026-04-29 11:46:34,726	DROP	226330	신테카바이오	trend_gate
2026-04-29 11:46:35,090	DROP	009770	삼정펄프	trend_gate
2026-04-29 11:46:35,469	DROP	043710	서울리거	trend_gate
2026-04-29 11:46:35,789	DROP	458350	에스팀	insufficient_rows:39
2026-04-29 11:46:36,166	DROP	215790	이노인스트루먼트	trend_gate
2026-04-29 11:46:36,537	DROP	001550	조비	trend_gate
2026-04-29 11:46:36,913	DROP	016090	대현	trend_gate
2026-04-29 11:46:37,287	DROP	064240	홈캐스트	trend_gate
2026-04-29 11:46:37,670	DROP	004830	덕성	trend_gate
2026-04-29 11:46:38,072	DROP	076610	해성옵틱스	trend_gate
2026-04-29 11:46:38,432	DROP	260930	씨티케이	trend_gate
2026-04-29 11:46:38,814	DROP	155650	와이엠씨	liquidity_gate:KOSDAQ
2026-04-29 11:46:39,188	DROP	047400	유니온머티리얼	52w_ceiling_gate
2026-04-29 11:46:39,537	DROP	456570	아이엠지티	trend_gate
2026-04-29 11:46:39,891	DROP	317850	대모	trend_gate
2026-04-29 11:46:40,264	DROP	147760	피엠티	liquidity_gate:KOSDAQ
2026-04-29 11:46:40,605	DROP	296160	프로젠	trend_gate
2026-04-29 11:46:40,986	DROP	043650	국순당	trend_gate
2026-04-29 11:46:41,370	DROP	058730	다스코	trend_gate
2026-04-29 11:46:41,791	DROP	033170	시그네틱스	liquidity_gate:KOSDAQ
2026-04-29 11:46:42,163	DROP	129260	인터지스	trend_gate
2026-04-29 11:46:42,520	DROP	153710	옵티팜	trend_gate
2026-04-29 11:46:42,904	DROP	215090	솔디펜스	trend_gate
2026-04-29 11:46:43,264	DROP	104540	코렌텍	trend_gate
2026-04-29 11:46:43,634	DROP	003780	진양산업	trend_gate
2026-04-29 11:46:44,020	DROP	012790	신일제약	trend_gate
2026-04-29 11:46:44,362	DROP	317870	엔바이오니아	trend_gate
2026-04-29 11:46:44,716	DROP	347740	피엔케이피부임상연구센타	trend_gate
2026-04-29 11:46:45,078	DROP	024900	디와이덕양	trend_gate
2026-04-29 11:46:45,446	DROP	333620	엔시스	trend_gate
2026-04-29 11:46:45,836	DROP	004540	깨끗한나라	trend_gate
2026-04-29 11:46:46,221	DROP	072470	우리산업홀딩스	trend_gate
2026-04-29 11:46:46,556	DROP	457370	한켐	trend_gate
2026-04-29 11:46:46,896	DROP	321820	아티스트컴퍼니	trend_gate
2026-04-29 11:46:47,231	DROP	460870	에스엠씨지	trend_gate
2026-04-29 11:46:47,601	DROP	006980	우성	liquidity_gate:KOSPI
2026-04-29 11:46:47,977	DROP	061040	알에프텍	trend_gate
2026-04-29 11:46:48,336	DROP	033310	엠투엔	trend_gate
2026-04-29 11:46:48,698	DROP	042940	상지건설	trend_gate
2026-04-29 11:46:49,066	DROP	010280	아이티센엔텍	liquidity_gate:KOSDAQ
2026-04-29 11:46:49,436	DROP	111110	호전실업	trend_gate
2026-04-29 11:46:49,823	DROP	234100	폴라리스세원	trend_gate
2026-04-29 11:46:50,266	DROP	036000	예림당	trend_gate
2026-04-29 11:46:50,721	DROP	060310	3S	trend_gate
2026-04-29 11:46:51,187	DROP	288620	에스퓨얼셀	trend_gate
2026-04-29 11:46:51,559	DROP	219550	디와이디	52w_ceiling_gate
2026-04-29 11:46:51,978	DROP	040610	SG&G	liquidity_gate:KOSDAQ
2026-04-29 11:46:52,329	DROP	459550	알트	insufficient_rows:111
2026-04-29 11:46:52,719	DROP	042110	에스씨디	liquidity_gate:KOSDAQ
2026-04-29 11:46:53,101	DROP	087260	모바일어플라이언스	liquidity_gate:KOSDAQ
2026-04-29 11:46:53,488	DROP	0013V0	삼진식품	insufficient_rows:86
2026-04-29 11:46:53,823	DROP	0010F0	보원케미칼	insufficient_rows:19
2026-04-29 11:46:54,175	DROP	900260	로스웰	trend_gate
2026-04-29 11:46:54,553	DROP	331380	포커스에이아이	trend_gate
2026-04-29 11:46:54,967	DROP	000220	유유제약	trend_gate
2026-04-29 11:46:55,365	DROP	177900	쓰리에이로직스	trend_gate
2026-04-29 11:46:55,733	DROP	372910	한컴라이프케어	trend_gate
2026-04-29 11:46:56,133	DROP	306040	에스제이그룹	trend_gate
2026-04-29 11:46:56,524	DROP	024910	경창산업	trend_gate
2026-04-29 11:46:56,883	DROP	318160	셀바이오휴먼텍	trend_gate
2026-04-29 11:46:57,266	DROP	052220	iMBC	trend_gate
2026-04-29 11:46:57,667	DROP	080010	이상네트웍스	trend_gate
2026-04-29 11:46:58,052	DROP	170790	파이오링크	liquidity_gate:KOSDAQ
2026-04-29 11:46:58,411	DROP	198440	강동씨앤엘	trend_gate
2026-04-29 11:46:58,791	DROP	010470	오리콤	trend_gate
2026-04-29 11:46:59,159	DROP	039420	케이엘넷	trend_gate
2026-04-29 11:46:59,551	DROP	037230	한국팩키지	trend_gate
2026-04-29 11:46:59,906	DROP	373200	엑스플러스	trend_gate
2026-04-29 11:47:00,291	DROP	072990	에이치시티	trend_gate
2026-04-29 11:47:00,679	DROP	234920	자이글	trend_gate
2026-04-29 11:47:01,043	DROP	021050	서원	liquidity_gate:KOSPI
2026-04-29 11:47:01,472	DROP	155660	DSR	liquidity_gate:KOSPI
2026-04-29 11:47:01,882	DROP	000910	유니온	trend_gate
2026-04-29 11:47:02,332	DROP	299900	위지윅스튜디오	trend_gate
2026-04-29 11:47:02,703	DROP	150900	파수에이아이	trend_gate
2026-04-29 11:47:03,094	DROP	001620	케이비아이동국실업	trend_gate
2026-04-29 11:47:03,485	DROP	040350	크레오에스지	trend_gate
2026-04-29 11:47:03,917	DROP	025560	미래산업	liquidity_gate:KOSPI
2026-04-29 11:47:04,279	DROP	393210	토마토시스템	trend_gate
2026-04-29 11:47:04,625	DROP	373160	데이원컴퍼니	trend_gate
2026-04-29 11:47:04,969	DROP	127980	화인써키트	trend_gate
2026-04-29 11:47:05,334	DROP	065500	오리엔트정공	trend_gate
2026-04-29 11:47:05,698	DROP	068330	일신바이오	trend_gate
2026-04-29 11:47:06,063	DROP	015710	코콤	liquidity_gate:KOSDAQ
2026-04-29 11:47:06,427	DROP	036670	삼양케이씨아이	trend_gate
2026-04-29 11:47:06,772	DROP	950200	소마젠	trend_gate
2026-04-29 11:47:07,163	DROP	002140	고려산업	liquidity_gate:KOSPI
2026-04-29 11:47:07,537	DROP	232830	아이티센피엔에스	liquidity_gate:KOSDAQ
2026-04-29 11:47:07,891	DROP	321260	프로이천	trend_gate
2026-04-29 11:47:08,245	DROP	352910	오비고	liquidity_gate:KOSDAQ
2026-04-29 11:47:08,623	DROP	073640	테라사이언스	trend_gate
2026-04-29 11:47:08,992	DROP	289220	자이언트스텝	trend_gate
2026-04-29 11:47:09,341	DROP	317530	에피소드컴퍼니	trend_gate
2026-04-29 11:47:09,719	DROP	007370	진양제약	trend_gate
2026-04-29 11:47:10,087	DROP	332370	아이디피	trend_gate
2026-04-29 11:47:10,464	DROP	340440	세림B&G	volume_drought_gate
2026-04-29 11:47:10,840	DROP	002760	보락	trend_gate
2026-04-29 11:47:11,209	DROP	246960	SCL사이언스	trend_gate
2026-04-29 11:47:11,578	DROP	206560	덱스터	trend_gate
2026-04-29 11:47:11,950	DROP	036120	서울평가정보	trend_gate
2026-04-29 11:47:12,308	DROP	109860	동일금속	trend_gate
2026-04-29 11:47:12,681	DROP	092300	현우산업	liquidity_gate:KOSDAQ
2026-04-29 11:47:13,044	DROP	010240	흥국	liquidity_gate:KOSDAQ
2026-04-29 11:47:13,436	DROP	189860	서전기전	liquidity_gate:KOSDAQ
2026-04-29 11:47:13,810	DROP	024950	삼천리자전거	trend_gate
2026-04-29 11:47:14,163	DROP	092440	기신정기	trend_gate
2026-04-29 11:47:14,538	DROP	256630	포인트엔지니어링	trend_gate
2026-04-29 11:47:14,910	DROP	049550	잉크테크	liquidity_gate:KOSDAQ
2026-04-29 11:47:15,265	DROP	137080	나래나노텍	liquidity_gate:KOSDAQ
2026-04-29 11:47:15,627	DROP	198080	캐프	liquidity_gate:KOSDAQ
2026-04-29 11:47:16,000	DROP	122310	제노레이	trend_gate
2026-04-29 11:47:16,418	DROP	053350	이니텍	trend_gate
2026-04-29 11:47:16,779	DROP	250030	진코스텍	liquidity_gate:KOSDAQ
2026-04-29 11:47:17,170	DROP	199550	레이저옵텍	trend_gate
2026-04-29 11:47:17,541	DROP	196300	HLB펩	trend_gate
2026-04-29 11:47:17,919	DROP	900300	오가닉티코스메틱	trend_gate
2026-04-29 11:47:18,291	DROP	063440	SM Life Design	trend_gate
2026-04-29 11:47:18,673	DROP	037330	인지디스플레	liquidity_gate:KOSDAQ
2026-04-29 11:47:19,079	DROP	127710	아시아경제	trend_gate
2026-04-29 11:47:19,493	DROP	092780	DYP	52w_ceiling_gate
2026-04-29 11:47:19,847	DROP	384470	코어라인소프트	trend_gate
2026-04-29 11:47:20,232	DROP	006490	인스코비	trend_gate
2026-04-29 11:47:20,583	DROP	452200	민테크	trend_gate
2026-04-29 11:47:20,967	DROP	054300	팬스타엔터프라이즈	trend_gate
2026-04-29 11:47:21,345	DROP	072130	유엔젤	trend_gate
2026-04-29 11:47:21,716	DROP	008420	문배철강	liquidity_gate:KOSPI
2026-04-29 11:47:22,047	DROP	407400	꿈비	trend_gate
2026-04-29 11:47:22,423	DROP	065170	비엘팜텍	trend_gate
2026-04-29 11:47:22,929	DROP	082210	옵트론텍	trend_gate
2026-04-29 11:47:23,316	DROP	005670	푸드웰	trend_gate
2026-04-29 11:47:23,681	DROP	009190	대양금속	trend_gate
2026-04-29 11:47:24,059	DROP	218150	미래생명자원	trend_gate
2026-04-29 11:47:24,436	DROP	004920	씨아이테크	trend_gate
2026-04-29 11:47:24,827	DROP	184230	SGA솔루션즈	trend_gate
2026-04-29 11:47:25,193	DROP	189980	흥국에프엔비	trend_gate
2026-04-29 11:47:25,556	DROP	351330	이삭엔지니어링	trend_gate
2026-04-29 11:47:25,956	DROP	004770	써니전자	liquidity_gate:KOSPI
2026-04-29 11:47:26,332	DROP	097800	윈팩	trend_gate
2026-04-29 11:47:26,712	DROP	050960	수산아이앤티	trend_gate
2026-04-29 11:47:27,076	DROP	378850	화승알앤에이	trend_gate
2026-04-29 11:47:27,481	DROP	053270	구영테크	liquidity_gate:KOSDAQ
2026-04-29 11:47:27,862	DROP	008370	원풍	liquidity_gate:KOSDAQ
2026-04-29 11:47:28,267	DROP	153460	네이블	trend_gate
2026-04-29 11:47:28,697	DROP	004780	대륙제관	liquidity_gate:KOSDAQ
2026-04-29 11:47:29,069	DROP	070300	엑스큐어	52w_ceiling_gate
2026-04-29 11:47:29,459	DROP	096630	에스코넥	trend_gate
2026-04-29 11:47:29,863	DROP	002630	오리엔트바이오	trend_gate
2026-04-29 11:47:30,257	DROP	189330	씨이랩	trend_gate
2026-04-29 11:47:35,338	DROP	263690	디알젬	trend_gate
2026-04-29 11:47:35,721	DROP	239890	피엔에이치테크	trend_gate
2026-04-29 11:47:36,110	DROP	088910	동우팜투테이블	liquidity_gate:KOSDAQ
2026-04-29 11:47:36,531	DROP	133820	화인베스틸	trend_gate
2026-04-29 11:47:36,901	DROP	303360	프로티아	trend_gate
2026-04-29 11:47:37,362	DROP	089790	제이티	trend_gate
2026-04-29 11:47:37,768	DROP	014190	원익큐브	trend_gate
2026-04-29 11:47:38,204	DROP	006370	대구백화점	trend_gate
2026-04-29 11:47:38,628	DROP	196450	코아시아씨엠	trend_gate
2026-04-29 11:47:39,025	DROP	004910	조광페인트	trend_gate
2026-04-29 11:47:39,449	DROP	001840	이화공영	trend_gate
2026-04-29 11:47:39,908	DROP	185490	아이진	trend_gate
2026-04-29 11:47:40,290	DROP	365590	하이딥	trend_gate
2026-04-29 11:47:40,720	DROP	143540	영우디에스피	trend_gate
2026-04-29 11:47:41,295	DROP	053620	태양	liquidity_gate:KOSDAQ
2026-04-29 11:47:41,734	DROP	0010V0	제이피아이헬스케어	insufficient_rows:168
2026-04-29 11:47:42,157	DROP	261200	덴티스	trend_gate
2026-04-29 11:47:42,534	DROP	004450	삼화왕관	trend_gate
2026-04-29 11:47:43,039	DROP	004410	서울식품	trend_gate
2026-04-29 11:47:43,491	DROP	038010	제일테크노스	trend_gate
2026-04-29 11:47:43,922	DROP	237820	플레이디	trend_gate
2026-04-29 11:47:44,365	DROP	053980	오상자이엘	trend_gate
2026-04-29 11:47:44,805	DROP	052790	액토즈소프트	trend_gate
2026-04-29 11:47:45,221	DROP	100030	인지소프트	trend_gate
2026-04-29 11:47:45,644	DROP	238120	얼라인드	trend_gate
2026-04-29 11:47:46,063	DROP	297570	알로이스	liquidity_gate:KOSDAQ
2026-04-29 11:47:46,481	DROP	432430	와이랩	trend_gate
2026-04-29 11:47:46,892	DROP	045340	토탈소프트	trend_gate
2026-04-29 11:47:47,386	DROP	090410	덕신이피씨	trend_gate
2026-04-29 11:47:47,840	DROP	419080	엔젯	trend_gate
2026-04-29 11:47:48,257	DROP	413640	비아이매트릭스	trend_gate
2026-04-29 11:47:48,664	DROP	173940	에프엔씨엔터	trend_gate
2026-04-29 11:47:49,100	DROP	026940	부국철강	volume_drought_gate
2026-04-29 11:47:49,500	DROP	123700	SJM	liquidity_gate:KOSPI
2026-04-29 11:47:49,888	DROP	440290	HB인베스트먼트	trend_gate
2026-04-29 11:47:50,314	DROP	041650	상신브레이크	trend_gate
2026-04-29 11:47:50,736	DROP	089150	케이씨티	trend_gate
2026-04-29 11:47:51,153	DROP	053950	경남제약	trend_gate
2026-04-29 11:47:51,542	DROP	094970	제이엠티	liquidity_gate:KOSDAQ
2026-04-29 11:47:51,950	DROP	017180	명문제약	trend_gate
2026-04-29 11:47:52,397	DROP	067170	오텍	liquidity_gate:KOSDAQ
2026-04-29 11:47:52,797	DROP	037950	엘컴텍	trend_gate
2026-04-29 11:47:53,207	DROP	033560	블루콤	trend_gate
2026-04-29 11:47:53,747	DROP	066360	체리부로	trend_gate
2026-04-29 11:47:54,128	DROP	471820	셀로맥스사이언스	trend_gate
2026-04-29 11:47:54,561	DROP	033830	티비씨	trend_gate
2026-04-29 11:47:55,008	DROP	419120	산돌	trend_gate
2026-04-29 11:47:55,437	DROP	010770	평화홀딩스	trend_gate
2026-04-29 11:47:55,873	DROP	038070	서린바이오	trend_gate
2026-04-29 11:47:56,289	DROP	311390	네오크레마	trend_gate
2026-04-29 11:47:56,699	DROP	048770	TPC로보틱스	liquidity_gate:KOSDAQ
2026-04-29 11:47:57,120	DROP	093240	형지엘리트	trend_gate
2026-04-29 11:47:57,510	DROP	114450	그린생명과학	trend_gate
2026-04-29 11:47:57,885	DROP	452160	제이엔비	trend_gate
2026-04-29 11:47:58,305	DROP	223310	사토시홀딩스	trend_gate
2026-04-29 11:47:58,722	DROP	466410	사이냅소프트	trend_gate
2026-04-29 11:47:59,130	DROP	277070	린드먼아시아	trend_gate
2026-04-29 11:47:59,548	DROP	104200	NHN벅스	trend_gate
2026-04-29 11:47:59,932	DROP	075180	새론오토모티브	trend_gate
2026-04-29 11:48:00,292	DROP	450330	하스	trend_gate
2026-04-29 11:48:00,687	DROP	072770	멤레이비티	trend_gate
2026-04-29 11:48:01,049	DROP	088340	유라클	trend_gate
2026-04-29 11:48:01,429	DROP	219420	링크제니시스	trend_gate
2026-04-29 11:48:01,824	DROP	122350	삼기	trend_gate
2026-04-29 11:48:02,213	DROP	052460	아이크래프트	liquidity_gate:KOSDAQ
2026-04-29 11:48:02,625	DROP	007680	대원	trend_gate
2026-04-29 11:48:03,009	DROP	014990	인디에프	trend_gate
2026-04-29 11:48:03,363	DROP	465480	인스피언	trend_gate
2026-04-29 11:48:03,763	DROP	417860	오브젠	trend_gate
2026-04-29 11:48:04,158	DROP	000890	보해양조	trend_gate
2026-04-29 11:48:04,519	DROP	364950	에이아이코리아	trend_gate
2026-04-29 11:48:04,898	DROP	099520	DGI	trend_gate
2026-04-29 11:48:05,283	DROP	012280	영화금속	liquidity_gate:KOSPI
2026-04-29 11:48:05,689	DROP	025530	SJM홀딩스	trend_gate
2026-04-29 11:48:06,097	DROP	049800	우진플라임	liquidity_gate:KOSPI
2026-04-29 11:48:06,534	DROP	023350	한국종합기술	trend_gate
2026-04-29 11:48:06,924	DROP	105760	포스뱅크	trend_gate
2026-04-29 11:48:07,393	DROP	100660	서암기계공업	trend_gate
2026-04-29 11:48:07,779	DROP	403490	우듬지팜	trend_gate
2026-04-29 11:48:08,178	DROP	038060	루멘스	52w_ceiling_gate
2026-04-29 11:48:08,571	DROP	245620	EDGC	trend_gate
2026-04-29 11:48:09,007	DROP	033200	모아텍	liquidity_gate:KOSDAQ
2026-04-29 11:48:09,345	DROP	444530	심플랫폼	trend_gate
2026-04-29 11:48:09,756	DROP	001210	금호전기	trend_gate
2026-04-29 11:48:10,148	DROP	000950	전방	trend_gate
2026-04-29 11:48:10,562	DROP	066130	하츠	trend_gate
2026-04-29 11:48:10,950	DROP	221840	하이즈항공	liquidity_gate:KOSDAQ
2026-04-29 11:48:11,331	DROP	476080	M83	trend_gate
2026-04-29 11:48:11,725	DROP	189690	포시에스	trend_gate
2026-04-29 11:48:12,127	DROP	032860	더라미	trend_gate
2026-04-29 11:48:12,547	DROP	011330	유니켐	trend_gate
2026-04-29 11:48:12,925	DROP	361570	알비더블유	trend_gate
2026-04-29 11:48:13,342	DROP	122690	서진오토모티브	trend_gate
2026-04-29 11:48:13,698	DROP	190650	코리아에셋투자증권	trend_gate
2026-04-29 11:48:14,119	DROP	011300	우성머티리얼스	trend_gate
2026-04-29 11:48:14,517	DROP	352700	씨앤투스	trend_gate
2026-04-29 11:48:14,891	DROP	007530	와이엠	trend_gate
2026-04-29 11:48:15,329	DROP	079000	와토스코리아	trend_gate
2026-04-29 11:48:15,699	DROP	007120	미래아이앤지	trend_gate
2026-04-29 11:48:16,073	DROP	043910	자연과환경	trend_gate
2026-04-29 11:48:16,476	DROP	260660	알리코제약	trend_gate
2026-04-29 11:48:16,884	DROP	200350	아티스트스튜디오	trend_gate
2026-04-29 11:48:17,328	DROP	012160	영흥	trend_gate
2026-04-29 11:48:17,776	DROP	057540	옴니시스템	52w_ceiling_gate
2026-04-29 11:48:18,227	DROP	097870	효성오앤비	liquidity_gate:KOSDAQ
2026-04-29 11:48:18,591	DROP	340930	유일에너테크	trend_gate
2026-04-29 11:48:19,046	DROP	126640	화신정공	liquidity_gate:KOSDAQ
2026-04-29 11:48:19,468	DROP	288980	모아데이타	trend_gate
2026-04-29 11:48:19,866	DROP	056700	신화인터텍	trend_gate
2026-04-29 11:48:20,246	DROP	090080	평화산업	trend_gate
2026-04-29 11:48:20,717	DROP	051490	나라엠앤디	trend_gate
2026-04-29 11:48:21,127	DROP	229000	젠큐릭스	trend_gate
2026-04-29 11:48:21,517	DROP	050110	캠시스	trend_gate
2026-04-29 11:48:21,896	DROP	066670	디티씨	trend_gate
2026-04-29 11:48:22,290	DROP	263020	디케이앤디	liquidity_gate:KOSDAQ
2026-04-29 11:48:22,742	DROP	046310	백금T&A	52w_ceiling_gate
2026-04-29 11:48:23,137	DROP	355390	크라우드웍스	trend_gate
2026-04-29 11:48:23,556	DROP	217480	에스디생명공학	trend_gate
2026-04-29 11:48:24,037	DROP	035460	기산텔레콤	trend_gate
2026-04-29 11:48:25,226	DROP	006920	모헨즈	trend_gate
2026-04-29 11:48:25,810	DROP	376180	피코그램	trend_gate
2026-04-29 11:48:27,283	DROP	053160	프리엠스	trend_gate
2026-04-29 11:48:27,681	DROP	054780	키이스트	trend_gate
2026-04-29 11:48:28,261	DROP	003080	SB성보	trend_gate
2026-04-29 11:48:28,681	DROP	388610	지에프씨생명과학	trend_gate
2026-04-29 11:48:29,159	DROP	273060	와이즈버즈	trend_gate
2026-04-29 11:48:29,930	DROP	033540	파라텍	trend_gate
2026-04-29 11:48:30,375	DROP	307280	원바이오젠	trend_gate
2026-04-29 11:48:31,185	DROP	065130	탑엔지니어링	trend_gate
2026-04-29 11:48:31,808	DROP	430690	한싹	trend_gate
2026-04-29 11:48:32,428	DROP	171010	램테크놀러지	trend_gate
2026-04-29 11:48:33,055	DROP	219750	한국비티비	trend_gate
2026-04-29 11:48:33,762	DROP	314140	알피바이오	trend_gate
2026-04-29 11:48:34,199	DROP	086040	바이오톡스텍	liquidity_gate:KOSDAQ
2026-04-29 11:48:34,654	DROP	002410	범양건영	trend_gate
2026-04-29 11:48:35,052	DROP	332290	누보	trend_gate
2026-04-29 11:48:35,460	DROP	263700	케어랩스	trend_gate
2026-04-29 11:48:35,853	DROP	078590	휴림에이텍	trend_gate
2026-04-29 11:48:36,238	DROP	103840	우양	trend_gate
2026-04-29 11:48:36,612	DROP	060850	영림원소프트랩	trend_gate
2026-04-29 11:48:36,994	DROP	250000	보라티알	trend_gate
2026-04-29 11:48:37,385	DROP	064480	브리지텍	trend_gate
2026-04-29 11:48:37,759	DROP	016600	큐캐피탈	trend_gate
2026-04-29 11:48:38,149	DROP	043340	에쎈테크	52w_ceiling_gate
2026-04-29 11:48:38,496	DROP	464280	티디에스팜	trend_gate
2026-04-29 11:48:38,878	DROP	027740	마니커	trend_gate
2026-04-29 11:48:39,271	DROP	119500	포메탈	trend_gate
2026-04-29 11:48:39,621	DROP	199480	뱅크웨어글로벌	trend_gate
2026-04-29 11:48:39,986	DROP	464500	아이언디바이스	liquidity_gate:KOSDAQ
2026-04-29 11:48:40,374	DROP	073110	엘엠에스	trend_gate
2026-04-29 11:48:40,748	DROP	087600	픽셀플러스	trend_gate
2026-04-29 11:48:41,120	DROP	009320	아진전자부품	trend_gate
2026-04-29 11:48:41,499	DROP	002290	삼일기업공사	liquidity_gate:KOSDAQ
2026-04-29 11:48:41,863	DROP	096610	알에프세미	trend_gate
2026-04-29 11:48:42,215	DROP	263770	유에스티	trend_gate
2026-04-29 11:48:42,594	DROP	023960	에쓰씨엔지니어링	trend_gate
2026-04-29 11:48:42,939	DROP	434480	모니터랩	trend_gate
2026-04-29 11:48:43,325	DROP	011420	갤럭시아에스엠	trend_gate
2026-04-29 11:48:43,670	DROP	179530	애드바이오텍	trend_gate
2026-04-29 11:48:44,044	DROP	258610	케일럼	trend_gate
2026-04-29 11:48:44,414	DROP	320000	한울반도체	trend_gate
2026-04-29 11:48:44,810	DROP	376290	씨유테크	trend_gate
2026-04-29 11:48:45,180	DROP	020760	일진디스플	trend_gate
2026-04-29 11:48:45,550	DROP	263810	상신전자	trend_gate
2026-04-29 11:48:45,920	DROP	290090	트윔	trend_gate
2026-04-29 11:48:46,308	DROP	032960	동일기연	trend_gate
2026-04-29 11:48:46,668	DROP	123010	알엔티엑스	52w_ceiling_gate
2026-04-29 11:48:47,044	DROP	097780	에코볼트	trend_gate
2026-04-29 11:48:47,420	DROP	140520	대창스틸	trend_gate
2026-04-29 11:48:47,793	DROP	106240	파인테크닉스	trend_gate
2026-04-29 11:48:48,168	DROP	044960	이글벳	trend_gate
2026-04-29 11:48:48,527	DROP	091590	남화토건	trend_gate
2026-04-29 11:48:48,898	DROP	206400	베노티앤알	trend_gate
2026-04-29 11:48:49,247	DROP	241840	에이스토리	trend_gate
2026-04-29 11:48:49,632	DROP	031310	아이즈비전	trend_gate
2026-04-29 11:48:49,976	DROP	429270	시지트로닉스	volume_drought_gate
2026-04-29 11:48:50,362	DROP	025880	케이씨피드	liquidity_gate:KOSDAQ
2026-04-29 11:48:50,720	DROP	393970	대진첨단소재	trend_gate
2026-04-29 11:48:51,068	DROP	300120	라온피플	trend_gate
2026-04-29 11:48:51,463	DROP	081580	성우전자	trend_gate
2026-04-29 11:48:51,857	DROP	186230	그린플러스	trend_gate
2026-04-29 11:48:52,263	DROP	128540	에코캡	trend_gate
2026-04-29 11:48:52,652	DROP	002920	유성기업	trend_gate
2026-04-29 11:48:53,014	DROP	129890	앱코	trend_gate
2026-04-29 11:48:53,393	DROP	286750	나노실리칸첨단소재	trend_gate
2026-04-29 11:48:53,757	DROP	160550	NEW	trend_gate
2026-04-29 11:48:54,138	DROP	335810	프리시젼바이오	trend_gate
2026-04-29 11:48:54,519	DROP	003060	에이프로젠바이오로직스	trend_gate
2026-04-29 11:48:54,923	DROP	051390	YW	liquidity_gate:KOSDAQ
2026-04-29 11:48:55,353	DROP	215380	우정바이오	trend_gate
2026-04-29 11:48:55,726	DROP	073570	리튬포어스	trend_gate
2026-04-29 11:48:56,135	DROP	001380	SG글로벌	trend_gate
2026-04-29 11:48:56,497	DROP	019770	서연탑메탈	liquidity_gate:KOSDAQ
2026-04-29 11:48:56,902	DROP	460470	아이빔테크놀로지	trend_gate
2026-04-29 11:48:57,275	DROP	420570	제이투케이바이오	trend_gate
2026-04-29 11:48:57,651	DROP	006050	국영지앤엠	trend_gate
2026-04-29 11:49:02,791	DROP	026040	제이에스티나	trend_gate
2026-04-29 11:49:03,147	DROP	257990	나우코스	trend_gate
2026-04-29 11:49:03,548	DROP	373170	엠아이큐브솔루션	52w_ceiling_gate
2026-04-29 11:49:03,992	DROP	069410	엔텔스	trend_gate
2026-04-29 11:49:04,340	DROP	336060	웨이버스	trend_gate
2026-04-29 11:49:04,724	DROP	080520	오디텍	trend_gate
2026-04-29 11:49:05,126	DROP	050860	아세아텍	liquidity_gate:KOSDAQ
2026-04-29 11:49:05,499	DROP	363260	모비데이즈	trend_gate
2026-04-29 11:49:05,863	DROP	083550	케이엠	trend_gate
2026-04-29 11:49:06,241	DROP	148250	알엔투테크놀로지	trend_gate
2026-04-29 11:49:06,597	DROP	271830	팸텍	trend_gate
2026-04-29 11:49:06,987	DROP	200780	비씨월드제약	trend_gate
2026-04-29 11:49:07,392	DROP	082660	코스나인	trend_gate
2026-04-29 11:49:07,829	DROP	239610	에이치엘사이언스	trend_gate
2026-04-29 11:49:08,248	DROP	178780	일월지엠엘	trend_gate
2026-04-29 11:49:08,670	DROP	002880	디와이에이	trend_gate
2026-04-29 11:49:09,076	DROP	220180	핸디소프트	trend_gate
2026-04-29 11:49:09,556	DROP	418250	시큐레터	trend_gate
2026-04-29 11:49:09,987	DROP	011230	삼화전자	trend_gate
2026-04-29 11:49:10,368	DROP	347770	핌스	trend_gate
2026-04-29 11:49:10,783	DROP	254120	자비스	trend_gate
2026-04-29 11:49:11,167	DROP	450520	인스웨이브	trend_gate
2026-04-29 11:49:11,538	DROP	363250	진시스템	trend_gate
2026-04-29 11:49:11,935	DROP	406820	뷰티스킨	trend_gate
2026-04-29 11:49:12,361	DROP	023440	제이스코홀딩스	trend_gate
2026-04-29 11:49:12,802	DROP	037370	EG	trend_gate
2026-04-29 11:49:13,235	DROP	224110	에이텍모빌리티	trend_gate
2026-04-29 11:49:13,701	DROP	153490	우리이앤엘하루틴	liquidity_gate:KOSDAQ
2026-04-29 11:49:14,159	DROP	052600	한네트	trend_gate
2026-04-29 11:49:14,543	DROP	309930	조이웍스앤코	trend_gate
2026-04-29 11:49:14,911	DROP	308170	씨티알모빌리티	trend_gate
2026-04-29 11:49:15,267	DROP	351870	차이커뮤니케이션	trend_gate
2026-04-29 11:49:15,796	DROP	084870	TBH글로벌	liquidity_gate:KOSPI
2026-04-29 11:49:16,236	DROP	057030	YBM넷	trend_gate
2026-04-29 11:49:16,663	DROP	051630	진양화학	trend_gate
2026-04-29 11:49:17,044	DROP	356890	싸이버원	trend_gate
2026-04-29 11:49:17,503	DROP	014570	고려제약	trend_gate
2026-04-29 11:49:17,904	DROP	475460	미트박스	trend_gate
2026-04-29 11:49:18,300	DROP	069460	대호에이엘	trend_gate
2026-04-29 11:49:18,711	DROP	208860	다산디엠씨	trend_gate
2026-04-29 11:49:19,140	DROP	290120	DH오토리드	trend_gate
2026-04-29 11:49:19,546	DROP	022220	티케이지애강	trend_gate
2026-04-29 11:49:19,949	DROP	024120	KB오토시스	liquidity_gate:KOSDAQ
2026-04-29 11:49:20,372	DROP	101240	씨큐브	trend_gate
2026-04-29 11:49:20,787	DROP	073540	에프알텍	trend_gate
2026-04-29 11:49:21,184	DROP	204020	그리티	trend_gate
2026-04-29 11:49:21,585	DROP	049830	승일	trend_gate
2026-04-29 11:49:21,986	DROP	200580	메디쎄이	liquidity_gate:KOSDAQ
2026-04-29 11:49:22,503	DROP	383930	디티앤씨알오	trend_gate
2026-04-29 11:49:22,900	DROP	058110	멕아이씨에스	trend_gate
2026-04-29 11:49:23,304	DROP	195500	마니커에프앤지	trend_gate
2026-04-29 11:49:23,799	DROP	256150	한독크린텍	trend_gate
2026-04-29 11:49:24,239	DROP	038870	에코심플렉스	trend_gate
2026-04-29 11:49:24,637	DROP	080530	코디	trend_gate
2026-04-29 11:49:25,036	DROP	008870	금비	trend_gate
2026-04-29 11:49:25,443	DROP	005030	부산주공	trend_gate
2026-04-29 11:49:25,887	DROP	317240	TS트릴리온	trend_gate
2026-04-29 11:49:26,293	DROP	065950	웰크론	trend_gate
2026-04-29 11:49:26,732	DROP	131760	파인텍	trend_gate
2026-04-29 11:49:27,105	DROP	203450	유니온바이오메트릭스	trend_gate
2026-04-29 11:49:27,487	DROP	123570	이엠넷	trend_gate
2026-04-29 11:49:27,881	DROP	008250	이건산업	trend_gate
2026-04-29 11:49:28,237	DROP	318020	포인트모바일	trend_gate
2026-04-29 11:49:28,604	DROP	270520	앱튼	trend_gate
2026-04-29 11:49:28,971	DROP	074610	이엔플러스	trend_gate
2026-04-29 11:49:29,326	DROP	398120	에스지헬스케어	trend_gate
2026-04-29 11:49:29,673	DROP	359090	씨엔알리서치	trend_gate
2026-04-29 11:49:30,055	DROP	075970	동국알앤에스	trend_gate
2026-04-29 11:49:30,431	DROP	001000	신라섬유	trend_gate
2026-04-29 11:49:30,810	DROP	133750	메가엠디	trend_gate
2026-04-29 11:49:31,177	DROP	290520	신도기연	liquidity_gate:KOSDAQ
2026-04-29 11:49:31,573	DROP	066910	손오공	trend_gate
2026-04-29 11:49:31,954	DROP	288330	파라택시스코리아	trend_gate
2026-04-29 11:49:32,309	DROP	462510	라메디텍	trend_gate
2026-04-29 11:49:32,699	DROP	057680	티사이언티픽	trend_gate
2026-04-29 11:49:33,065	DROP	277410	인산가	trend_gate
2026-04-29 11:49:33,485	DROP	000760	이화산업	trend_gate
2026-04-29 11:49:33,871	DROP	068050	팬엔터테인먼트	trend_gate
2026-04-29 11:49:34,264	DROP	228340	동양파일	trend_gate
2026-04-29 11:49:34,729	DROP	455180	케이지에이	trend_gate
2026-04-29 11:49:35,183	DROP	114630	폴라리스우노	trend_gate
2026-04-29 11:49:35,579	DROP	237750	피앤씨테크	liquidity_gate:KOSDAQ
2026-04-29 11:49:36,024	DROP	013810	스페코	liquidity_gate:KOSDAQ
2026-04-29 11:49:36,467	DROP	025750	한솔홈데코	trend_gate
2026-04-29 11:49:36,884	DROP	200230	텔콘RF제약	trend_gate
2026-04-29 11:49:37,307	DROP	065650	하이퍼코퍼레이션	trend_gate
2026-04-29 11:49:37,697	DROP	039290	인포뱅크	trend_gate
2026-04-29 11:49:38,063	DROP	440320	오픈놀	trend_gate
2026-04-29 11:49:38,518	DROP	090150	아이윈	liquidity_gate:KOSDAQ
2026-04-29 11:49:38,898	DROP	221980	케이디켐	trend_gate
2026-04-29 11:49:39,301	DROP	064520	테크엘	trend_gate
2026-04-29 11:49:39,696	DROP	462980	아이지넷	trend_gate
2026-04-29 11:49:40,080	DROP	318410	비비씨	trend_gate
2026-04-29 11:49:40,453	DROP	258790	소프트캠프	volume_drought_gate
2026-04-29 11:49:40,868	DROP	012620	원일특강	liquidity_gate:KOSDAQ
2026-04-29 11:49:41,272	DROP	475660	에스켐	trend_gate
2026-04-29 11:49:41,675	DROP	032790	엠젠솔루션	trend_gate
2026-04-29 11:49:42,091	DROP	045060	오공	trend_gate
2026-04-29 11:49:42,489	DROP	035200	프럼파스트	52w_ceiling_gate
2026-04-29 11:49:42,927	DROP	109820	진매트릭스	trend_gate
2026-04-29 11:49:43,294	DROP	290270	휴네시온	trend_gate
2026-04-29 11:49:43,688	DROP	007720	소노스퀘어	trend_gate
2026-04-29 11:49:44,096	DROP	046390	삼화네트웍스	trend_gate
2026-04-29 11:49:44,454	DROP	340810	시선AI	trend_gate
2026-04-29 11:49:44,901	DROP	043200	파루	trend_gate
2026-04-29 11:49:45,317	DROP	032580	피델릭스	trend_gate
2026-04-29 11:49:45,697	DROP	131100	티엔엔터테인먼트	trend_gate
2026-04-29 11:49:46,102	DROP	013720	THE CUBE&	trend_gate
2026-04-29 11:49:46,514	DROP	019490	엑시큐어하이트론	trend_gate
2026-04-29 11:49:46,914	DROP	075130	플랜티넷	trend_gate
2026-04-29 11:49:47,290	DROP	290560	파라택시스이더리움	trend_gate
2026-04-29 11:49:47,744	DROP	021880	메이슨캐피탈	trend_gate
2026-04-29 11:49:48,130	DROP	187270	신화콘텍	liquidity_gate:KOSDAQ
2026-04-29 11:49:48,523	DROP	195990	에이비프로바이오	trend_gate
2026-04-29 11:49:48,910	DROP	298060	풍전약품	trend_gate
2026-04-29 11:49:49,309	DROP	318000	KBG	trend_gate
2026-04-29 11:49:49,712	DROP	376980	원티드랩	trend_gate
2026-04-29 11:49:50,117	DROP	122830	원포유	trend_gate
2026-04-29 11:49:50,458	DROP	387570	파인메딕스	trend_gate
2026-04-29 11:49:50,855	DROP	086060	진바이오텍	trend_gate
2026-04-29 11:49:51,224	DROP	017040	광명전기	trend_gate
2026-04-29 11:49:51,587	DROP	270870	뉴트리	trend_gate
2026-04-29 11:49:51,961	DROP	010640	진양폴리	trend_gate
2026-04-29 11:49:52,419	DROP	005320	온타이드	52w_ceiling_gate
2026-04-29 11:49:52,785	DROP	239340	이스트에이드	trend_gate
2026-04-29 11:49:53,126	DROP	296640	이노에이엑스	trend_gate
2026-04-29 11:49:53,494	DROP	050120	ES큐브	trend_gate
2026-04-29 11:49:53,852	DROP	469750	아이비젼웍스	trend_gate
2026-04-29 11:49:54,235	DROP	002360	SH에너지화학	trend_gate
2026-04-29 11:49:54,595	DROP	353590	오토앤	trend_gate
2026-04-29 11:49:54,958	DROP	238490	힘스	trend_gate
2026-04-29 11:49:55,323	DROP	064090	인크레더블버즈	trend_gate
2026-04-29 11:49:55,706	DROP	038880	아이에이	trend_gate
2026-04-29 11:49:56,132	DROP	351320	넥사다이내믹스	trend_gate
2026-04-29 11:49:56,586	DROP	016670	디모아	trend_gate
2026-04-29 11:49:56,950	DROP	065370	위세아이텍	trend_gate
2026-04-29 11:49:57,343	DROP	014910	성문전자	trend_gate
2026-04-29 11:49:57,691	DROP	257370	피엔티엠에스	trend_gate
2026-04-29 11:49:58,061	DROP	025440	DH오토웨어	trend_gate
2026-04-29 11:49:58,422	DROP	134790	시디즈	trend_gate
2026-04-29 11:49:58,796	DROP	148780	비큐AI	trend_gate
2026-04-29 11:49:59,171	DROP	002870	신풍	trend_gate
2026-04-29 11:49:59,520	DROP	169330	엠브레인	trend_gate
2026-04-29 11:49:59,897	DROP	317120	라닉스	52w_ceiling_gate
2026-04-29 11:50:00,301	DROP	005820	원림	liquidity_gate:KOSPI
2026-04-29 11:50:00,687	DROP	021650	한국큐빅	trend_gate
2026-04-29 11:50:01,061	DROP	059100	아이컴포넌트	trend_gate
2026-04-29 11:50:01,443	DROP	099390	브레인즈컴퍼니	trend_gate
2026-04-29 11:50:01,802	DROP	024070	WISCOM	liquidity_gate:KOSPI
2026-04-29 11:50:02,179	DROP	263920	휴엠앤씨	trend_gate
2026-04-29 11:50:02,508	DROP	464580	닷밀	trend_gate
2026-04-29 11:50:02,913	DROP	000040	KR모터스	trend_gate
2026-04-29 11:50:03,267	DROP	140430	카티스	trend_gate
2026-04-29 11:50:03,626	DROP	285800	진영	trend_gate
2026-04-29 11:50:04,006	DROP	056730	CNT85	trend_gate
2026-04-29 11:50:04,394	DROP	038620	위즈코프	trend_gate
2026-04-29 11:50:04,772	DROP	045510	정원엔시스	trend_gate
2026-04-29 11:50:05,120	DROP	262840	아이퀘스트	trend_gate
2026-04-29 11:50:05,482	DROP	001810	무림SP	liquidity_gate:KOSDAQ
2026-04-29 11:50:05,847	DROP	006200	한국전자홀딩스	trend_gate
2026-04-29 11:50:06,194	DROP	146060	율촌	trend_gate
2026-04-29 11:50:06,587	DROP	177830	파버나인	trend_gate
2026-04-29 11:50:06,950	DROP	303530	이노뎁	trend_gate
2026-04-29 11:50:07,321	DROP	130500	GH신소재	trend_gate
2026-04-29 11:50:07,686	DROP	024890	대원화성	trend_gate
2026-04-29 11:50:08,071	DROP	274400	이노시뮬레이션	trend_gate
2026-04-29 11:50:08,419	DROP	424760	벨로크	52w_ceiling_gate
2026-04-29 11:50:08,793	DROP	109960	앱토크롬	trend_gate
2026-04-29 11:50:09,127	DROP	342870	오아	insufficient_rows:155
2026-04-29 11:50:09,493	DROP	187220	디티앤씨	liquidity_gate:KOSDAQ
2026-04-29 11:50:09,832	DROP	438700	버넥트	trend_gate
2026-04-29 11:50:10,219	DROP	017000	신원종합개발	liquidity_gate:KOSDAQ
2026-04-29 11:50:10,596	DROP	094860	네오리진	liquidity_gate:KOSDAQ
2026-04-29 11:50:11,031	DROP	462310	뉴키즈온	insufficient_rows:198
2026-04-29 11:50:11,406	DROP	243870	아이티센코어	liquidity_gate:KOSDAQ
2026-04-29 11:50:11,771	DROP	291230	엔피	trend_gate
2026-04-29 11:50:12,150	DROP	048470	대동스틸	trend_gate
2026-04-29 11:50:12,534	DROP	225220	제놀루션	trend_gate
2026-04-29 11:50:12,923	DROP	142760	모아라이프플러스	trend_gate
2026-04-29 11:50:13,307	DROP	001070	대한방직	trend_gate
2026-04-29 11:50:13,678	DROP	053290	NE능률	trend_gate
2026-04-29 11:50:14,052	DROP	060540	에스에이티	trend_gate
2026-04-29 11:50:14,433	DROP	009140	경인전자	liquidity_gate:KOSPI
2026-04-29 11:50:14,804	DROP	377220	프롬바이오	trend_gate
2026-04-29 11:50:15,194	DROP	196490	디에이테크놀로지	trend_gate
2026-04-29 11:50:15,579	DROP	051380	피씨디렉트	trend_gate
2026-04-29 11:50:15,942	DROP	049120	파인디앤씨	trend_gate
2026-04-29 11:50:16,318	DROP	038950	파인디지털	trend_gate
2026-04-29 11:50:16,691	DROP	015260	에이엔피	liquidity_gate:KOSPI
2026-04-29 11:50:17,087	DROP	284620	카이노스메드	trend_gate
2026-04-29 11:50:17,491	DROP	066900	디에이피	trend_gate
2026-04-29 11:50:17,858	DROP	016100	리더스코스메틱	trend_gate
2026-04-29 11:50:18,235	DROP	044480	빌리언스	trend_gate
2026-04-29 11:50:18,607	DROP	090370	메타랩스	trend_gate
2026-04-29 11:50:18,983	DROP	038530	케이바이오랩스	trend_gate
2026-04-29 11:50:19,361	DROP	013000	세우글로벌	liquidity_gate:KOSPI
2026-04-29 11:50:19,741	DROP	009810	플레이그램	trend_gate
2026-04-29 11:50:20,115	DROP	118000	메타케어	trend_gate
2026-04-29 11:50:20,497	DROP	068940	셀피글로벌	trend_gate
2026-04-29 11:50:20,879	DROP	006740	블루산업개발	trend_gate
2026-04-29 11:50:21,270	DROP	900340	윙입푸드	trend_gate
2026-04-29 11:50:21,642	DROP	131220	대한과학	trend_gate
2026-04-29 11:50:22,000	DROP	162120	루켄테크놀러지스	liquidity_gate:KOSDAQ
2026-04-29 11:50:22,377	DROP	027580	상보	trend_gate
2026-04-29 11:50:22,740	DROP	123840	뉴온	trend_gate
2026-04-29 11:50:23,100	DROP	263050	유틸렉스	trend_gate
2026-04-29 11:50:23,470	DROP	071850	캐스텍코리아	trend_gate
2026-04-29 11:50:23,842	DROP	208710	포톤	trend_gate
2026-04-29 11:50:24,242	DROP	002690	동일제강	trend_gate
2026-04-29 11:50:24,612	DROP	431190	케이쓰리아이	trend_gate
2026-04-29 11:50:24,975	DROP	354390	바스칸바이오제약	trend_gate
2026-04-29 11:50:25,382	DROP	900310	컬러레이	trend_gate
2026-04-29 11:50:25,779	DROP	301300	바이브컴퍼니	trend_gate
2026-04-29 11:50:26,168	DROP	079170	한창산업	trend_gate
2026-04-29 11:50:26,538	DROP	465770	STX그린로지스	trend_gate
2026-04-29 11:50:26,903	DROP	446440	에피바이오텍	trend_gate
2026-04-29 11:50:27,264	DROP	367000	플래티어	trend_gate
2026-04-29 11:50:27,598	DROP	397810	애드포러스	insufficient_rows:167
2026-04-29 11:50:27,980	DROP	333050	이노테나	trend_gate
2026-04-29 11:50:28,339	DROP	303030	지니틱스	trend_gate
2026-04-29 11:50:28,706	DROP	138070	신진에스엠	trend_gate
2026-04-29 11:50:29,057	DROP	337840	유엑스엔	trend_gate
2026-04-29 11:50:29,422	DROP	023150	MH에탄올	trend_gate
2026-04-29 11:50:29,794	DROP	252500	세화피앤씨	trend_gate
2026-04-29 11:50:30,180	DROP	210120	캔버스엔	trend_gate
2026-04-29 11:50:30,532	DROP	310870	디와이씨	trend_gate
2026-04-29 11:50:30,907	DROP	112190	KC산업	trend_gate
2026-04-29 11:50:31,269	DROP	054220	비츠로시스	trend_gate
2026-04-29 11:50:31,636	DROP	405920	나라셀라	trend_gate
2026-04-29 11:50:32,016	DROP	045300	성우테크론	trend_gate
2026-04-29 11:50:32,358	DROP	102950	아하	trend_gate
2026-04-29 11:50:32,750	DROP	089140	넥스턴앤롤코리아	trend_gate
2026-04-29 11:50:33,131	DROP	033050	제이엠아이	liquidity_gate:KOSDAQ
2026-04-29 11:50:33,483	DROP	198940	한주라이트메탈	trend_gate
2026-04-29 11:50:33,887	DROP	030720	동원수산	trend_gate
2026-04-29 11:50:34,263	DROP	014130	한익스프레스	trend_gate
2026-04-29 11:50:34,632	DROP	027040	서울전자통신	trend_gate
2026-04-29 11:50:34,977	DROP	377330	이지트로닉스	trend_gate
2026-04-29 11:50:35,328	DROP	446070	유니드비티플러스	trend_gate
2026-04-29 11:50:35,737	DROP	024940	PN풍년	trend_gate
2026-04-29 11:50:36,109	DROP	115480	씨유메디칼	trend_gate
2026-04-29 11:50:36,548	DROP	236810	엔비티	trend_gate
2026-04-29 11:50:37,009	DROP	069140	누리플랜	trend_gate
2026-04-29 11:50:37,648	DROP	063760	이엘피	liquidity_gate:KOSDAQ
2026-04-29 11:50:38,149	DROP	088790	진도	liquidity_gate:KOSPI
2026-04-29 11:50:38,553	DROP	008470	부스타	trend_gate
2026-04-29 11:50:38,971	DROP	039740	한국정보공학	liquidity_gate:KOSDAQ
2026-04-29 11:50:39,391	DROP	002420	세기상사	trend_gate
2026-04-29 11:50:39,796	DROP	227420	도부	trend_gate
2026-04-29 11:50:40,198	DROP	021040	대호특수강	trend_gate
2026-04-29 11:50:40,608	DROP	005360	모나미	trend_gate
2026-04-29 11:50:41,048	DROP	131090	시큐브	trend_gate
2026-04-29 11:50:41,516	DROP	304840	피플바이오	trend_gate
2026-04-29 11:50:41,860	DROP	495810	유비씨	trend_gate
2026-04-29 11:50:42,242	DROP	900070	글로벌에스엠	liquidity_gate:KOSDAQ
2026-04-29 11:50:42,613	DROP	023790	동일스틸럭스	trend_gate
2026-04-29 11:50:43,038	DROP	019570	플루토스	52w_ceiling_gate
2026-04-29 11:50:43,376	DROP	068100	케이웨더	trend_gate
2026-04-29 11:50:43,720	DROP	148930	에이치와이티씨	trend_gate
2026-04-29 11:50:44,102	DROP	009460	한창제지	trend_gate
2026-04-29 11:50:44,462	DROP	335870	윙스풋	trend_gate
2026-04-29 11:50:44,853	DROP	083660	CSA 코스믹	trend_gate
2026-04-29 11:50:45,230	DROP	096690	에이루트	trend_gate
2026-04-29 11:50:45,631	DROP	039310	세중	52w_ceiling_gate
2026-04-29 11:50:46,022	DROP	047080	한빛소프트	trend_gate
2026-04-29 11:50:46,390	DROP	060380	동양에스텍	trend_gate
2026-04-29 11:50:46,775	DROP	067730	로지시스	trend_gate
2026-04-29 11:50:47,192	DROP	032750	삼진	trend_gate
2026-04-29 11:50:47,562	DROP	018680	서울제약	trend_gate
2026-04-29 11:50:47,945	DROP	003680	한성기업	trend_gate
2026-04-29 11:50:48,308	DROP	354200	엔젠바이오	trend_gate
2026-04-29 11:50:48,728	DROP	033250	체시스	trend_gate
2026-04-29 11:50:49,122	DROP	900100	애머릿지	trend_gate
2026-04-29 11:50:49,486	DROP	004870	티웨이홀딩스	trend_gate
2026-04-29 11:50:49,859	DROP	085810	알티캐스트	trend_gate
2026-04-29 11:50:50,238	DROP	191410	육일씨엔에쓰	trend_gate
2026-04-29 11:50:50,635	DROP	115610	이미지스	trend_gate
2026-04-29 11:50:51,005	DROP	019660	글로본	trend_gate
2026-04-29 11:50:51,367	DROP	010400	우진아이엔에스	liquidity_gate:KOSPI
2026-04-29 11:50:51,836	DROP	270210	에스알바이오텍	trend_gate
2026-04-29 11:50:52,227	DROP	101000	KS인더스트리	trend_gate
2026-04-29 11:50:52,612	DROP	258830	세종메디칼	trend_gate
2026-04-29 11:50:52,991	DROP	115160	휴맥스	trend_gate
2026-04-29 11:50:53,373	DROP	091340	S&K폴리텍	trend_gate
2026-04-29 11:50:53,740	DROP	216400	인바이츠바이오코아	trend_gate
2026-04-29 11:50:54,115	DROP	065770	CS	trend_gate
2026-04-29 11:50:54,467	DROP	432980	엠에프씨	trend_gate
2026-04-29 11:50:54,852	DROP	224060	더코디	liquidity_gate:KOSDAQ
2026-04-29 11:50:55,228	DROP	139670	키네마스터	trend_gate
2026-04-29 11:50:55,576	DROP	373110	엑셀세라퓨틱스	trend_gate
2026-04-29 11:50:55,930	DROP	434190	탈로스	trend_gate
2026-04-29 11:50:56,298	DROP	322970	무진메디	trend_gate
2026-04-29 11:50:56,704	DROP	006570	대림통상	trend_gate
2026-04-29 11:50:57,042	DROP	328380	솔트웨어	trend_gate
2026-04-29 11:50:57,405	DROP	196700	웹스	trend_gate
2026-04-29 11:50:57,767	DROP	246250	에스엘에스바이오	trend_gate
2026-04-29 11:50:58,143	DROP	208640	썸에이지	trend_gate
2026-04-29 11:50:58,536	DROP	080470	성창오토텍	trend_gate
2026-04-29 11:50:58,874	DROP	109670	씨싸이트	trend_gate
2026-04-29 11:50:59,212	DROP	188040	바이오포트	trend_gate
2026-04-29 11:50:59,594	DROP	002820	SUN&L	trend_gate
2026-04-29 11:50:59,962	DROP	083640	인콘	trend_gate
2026-04-29 11:51:00,303	DROP	368600	아이씨에이치	trend_gate
2026-04-29 11:51:00,660	DROP	405000	플라즈맵	trend_gate
2026-04-29 11:51:01,040	DROP	069640	한세엠케이	trend_gate
2026-04-29 11:51:01,419	DROP	032680	소프트센	trend_gate
2026-04-29 11:51:01,794	DROP	227610	아우딘퓨쳐스	trend_gate
2026-04-29 11:51:02,181	DROP	318010	팜스빌	trend_gate
2026-04-29 11:51:02,525	DROP	457600	벡트	trend_gate
2026-04-29 11:51:02,909	DROP	372800	아이티아이즈	trend_gate
2026-04-29 11:51:03,277	DROP	123750	알톤	trend_gate
2026-04-29 11:51:03,627	DROP	240600	유진테크놀로지	trend_gate
2026-04-29 11:51:04,008	DROP	076080	웰크론한텍	trend_gate
2026-04-29 11:51:04,394	DROP	054090	삼진엘앤디	liquidity_gate:KOSDAQ
2026-04-29 11:51:04,808	DROP	031510	오스템	trend_gate
2026-04-29 11:51:05,190	DROP	362990	드림인사이트	trend_gate
2026-04-29 11:51:05,566	DROP	044780	에이치케이	liquidity_gate:KOSDAQ
2026-04-29 11:51:05,959	DROP	034940	조아제약	trend_gate
2026-04-29 11:51:06,321	DROP	103230	에스앤더블류	trend_gate
2026-04-29 11:51:06,695	DROP	226340	본느	trend_gate
2026-04-29 11:51:07,072	DROP	900110	이스트아시아홀딩스	trend_gate
2026-04-29 11:51:07,440	DROP	222980	한국맥널티	trend_gate
2026-04-29 11:51:07,831	DROP	042040	케이피엠테크	trend_gate
2026-04-29 11:51:08,222	DROP	418620	E8	trend_gate
2026-04-29 11:51:08,625	DROP	032080	아즈텍WB	liquidity_gate:KOSDAQ
2026-04-29 11:51:08,993	DROP	016920	카스	trend_gate
2026-04-29 11:51:09,372	DROP	036480	대성미생물	trend_gate
2026-04-29 11:51:09,737	DROP	052300	오션인더블유	trend_gate
2026-04-29 11:51:10,077	DROP	355690	에이텀	trend_gate
2026-04-29 11:51:10,461	DROP	037400	우리엔터프라이즈	trend_gate
2026-04-29 11:51:10,839	DROP	044380	주연테크	trend_gate
2026-04-29 11:51:11,179	DROP	417180	핑거스토리	trend_gate
2026-04-29 11:51:11,553	DROP	007770	한일화학	trend_gate
2026-04-29 11:51:11,922	DROP	131180	딜리	trend_gate
2026-04-29 11:51:12,294	DROP	101400	엔시트론	trend_gate
2026-04-29 11:51:12,663	DROP	093380	풍강	trend_gate
2026-04-29 11:51:13,019	DROP	311060	엘에이티	trend_gate
2026-04-29 11:51:13,431	DROP	060900	에이전트AI	trend_gate
2026-04-29 11:51:13,794	DROP	179720	머니무브	trend_gate
2026-04-29 11:51:14,168	DROP	279600	미디어젠	trend_gate
2026-04-29 11:51:14,535	DROP	208350	지란지교시큐리티	liquidity_gate:KOSDAQ
2026-04-29 11:51:14,897	DROP	004270	남성	trend_gate
2026-04-29 11:51:15,260	DROP	900270	헝셩그룹	trend_gate
2026-04-29 11:51:15,645	DROP	043220	티에스넥스젠	trend_gate
2026-04-29 11:51:16,023	DROP	091970	나노캠텍	52w_ceiling_gate
2026-04-29 11:51:16,370	DROP	312610	에이에프더블류	trend_gate
2026-04-29 11:51:16,754	DROP	070590	인티큐브	trend_gate
2026-04-29 11:51:17,139	DROP	023770	플레이위드	trend_gate
2026-04-29 11:51:17,530	DROP	079650	서산	trend_gate
2026-04-29 11:51:17,875	DROP	377030	비트맥스	trend_gate
2026-04-29 11:51:18,249	DROP	060230	제이케이시냅스	trend_gate
2026-04-29 11:51:18,612	DROP	331520	밸로프	trend_gate
2026-04-29 11:51:18,977	DROP	233990	질경이	trend_gate
2026-04-29 11:51:19,356	DROP	197140	디지캡	trend_gate
2026-04-29 11:51:19,735	DROP	193250	링크드	trend_gate
2026-04-29 11:51:20,137	DROP	005110	한창	trend_gate
2026-04-29 11:51:20,511	DROP	267790	배럴	trend_gate
2026-04-29 11:51:20,873	DROP	143210	핸즈코퍼레이션	trend_gate
2026-04-29 11:51:21,264	DROP	058450	한주에이알티	trend_gate
2026-04-29 11:51:21,658	DROP	012170	아센디오	trend_gate
2026-04-29 11:51:22,045	DROP	078860	스테이지원엔터	trend_gate
2026-04-29 11:51:22,437	DROP	059180	엔더블유시	insufficient_rows:86
2026-04-29 11:51:22,834	DROP	011090	에넥스	trend_gate
2026-04-29 11:51:23,230	DROP	067010	이씨에스	trend_gate
2026-04-29 11:51:23,627	DROP	065420	에스아이리소스	trend_gate
2026-04-29 11:51:24,008	DROP	101680	한국정밀기계	liquidity_gate:KOSDAQ
2026-04-29 11:51:24,376	DROP	054940	엑사이엔씨	liquidity_gate:KOSDAQ
2026-04-29 11:51:24,753	DROP	353190	휴럼	trend_gate
2026-04-29 11:51:25,098	DROP	403360	라피치	trend_gate
2026-04-29 11:51:25,446	DROP	352940	인바이오	trend_gate
2026-04-29 11:51:25,821	DROP	115570	스타플렉스	trend_gate
2026-04-29 11:51:26,168	DROP	415380	스튜디오삼익	trend_gate
2026-04-29 11:51:26,553	DROP	092600	앤씨앤	trend_gate
2026-04-29 11:51:26,930	DROP	206950	볼빅	52w_ceiling_gate
2026-04-29 11:51:27,278	DROP	348030	모비릭스	trend_gate
2026-04-29 11:51:27,712	DROP	207490	에이펙스인텍	liquidity_gate:KOSDAQ
2026-04-29 11:51:28,135	DROP	154030	아시아종묘	trend_gate
2026-04-29 11:51:28,568	DROP	130740	티피씨글로벌	52w_ceiling_gate
2026-04-29 11:51:28,938	DROP	225590	패션플랫폼	trend_gate
2026-04-29 11:51:29,319	DROP	115530	씨엔플러스	trend_gate
2026-04-29 11:51:29,790	DROP	009730	이렘	trend_gate
2026-04-29 11:51:30,172	DROP	278990	EMB	trend_gate
2026-04-29 11:51:30,517	DROP	336040	타스컴	liquidity_gate:KOSDAQ
2026-04-29 11:51:30,876	DROP	083470	이엠앤아이	trend_gate
2026-04-29 11:51:31,233	DROP	025890	한국주강	trend_gate
2026-04-29 11:51:31,607	DROP	308100	형지글로벌	trend_gate
2026-04-29 11:51:32,013	DROP	113810	디젠스	trend_gate
2026-04-29 11:51:32,404	DROP	365900	브이씨	trend_gate
2026-04-29 11:51:32,839	DROP	032280	삼일	52w_ceiling_gate
2026-04-29 11:51:33,223	DROP	043360	디지아이	trend_gate
2026-04-29 11:51:33,609	DROP	009310	참엔지니어링	trend_gate
2026-04-29 11:51:33,963	DROP	001420	태원물산	trend_gate
2026-04-29 11:51:34,346	DROP	238200	비피도	trend_gate
2026-04-29 11:51:34,711	DROP	191600	블루탑	trend_gate
2026-04-29 11:51:35,080	DROP	065150	대산F&B	trend_gate
2026-04-29 11:51:35,488	DROP	002680	한탑	trend_gate
2026-04-29 11:51:35,882	DROP	017250	인터엠	liquidity_gate:KOSDAQ
2026-04-29 11:51:36,228	DROP	389680	유디엠텍	trend_gate
2026-04-29 11:51:36,601	DROP	084440	유비온	trend_gate
2026-04-29 11:51:36,986	DROP	121890	에스디시스템	trend_gate
2026-04-29 11:51:37,346	DROP	291810	핀텔	trend_gate
2026-04-29 11:51:37,753	DROP	076340	지에이이노더스	trend_gate
2026-04-29 11:51:38,156	DROP	054410	케이피티유	trend_gate
2026-04-29 11:51:38,515	DROP	289010	아이스크림에듀	trend_gate
2026-04-29 11:51:38,909	DROP	341170	퓨쳐메디신	52w_ceiling_gate
2026-04-29 11:51:39,298	DROP	053060	세동	trend_gate
2026-04-29 11:51:39,625	DROP	403810	아이엘로보틱스	insufficient_rows:110
2026-04-29 11:51:39,986	DROP	275630	에스에스알	liquidity_gate:KOSDAQ
2026-04-29 11:51:40,366	DROP	192390	윈하이텍	trend_gate
2026-04-29 11:51:40,736	DROP	322780	코퍼스코리아	trend_gate
2026-04-29 11:51:41,136	DROP	134060	이퓨쳐	trend_gate
2026-04-29 11:51:41,521	DROP	045520	크린앤사이언스	trend_gate
2026-04-29 11:51:41,903	DROP	048830	엔피케이	trend_gate
2026-04-29 11:51:42,258	DROP	080720	한국유니온제약	trend_gate
2026-04-29 11:51:42,656	DROP	018620	우진비앤지	trend_gate
2026-04-29 11:51:43,069	DROP	050760	에스폴리텍	trend_gate
2026-04-29 11:51:43,430	DROP	230980	비유테크놀러지	trend_gate
2026-04-29 11:51:43,789	DROP	247660	나노씨엠에스	trend_gate
2026-04-29 11:51:44,188	DROP	154040	다산솔루에타	trend_gate
2026-04-29 11:51:44,564	DROP	098660	에스티오	trend_gate
2026-04-29 11:51:44,939	DROP	084180	수성웹툰	trend_gate
2026-04-29 11:51:45,315	DROP	014100	메디앙스	trend_gate
2026-04-29 11:51:45,687	DROP	110020	전진바이오팜	trend_gate
2026-04-29 11:51:46,056	DROP	137940	넥스트아이	trend_gate
2026-04-29 11:51:46,413	DROP	199730	바이오인프라	trend_gate
2026-04-29 11:51:46,777	DROP	177350	베셀	trend_gate
2026-04-29 11:51:47,150	DROP	215480	토박스코리아	trend_gate
2026-04-29 11:51:47,537	DROP	001770	SHD	trend_gate
2026-04-29 11:51:47,911	DROP	065690	파커스	liquidity_gate:KOSDAQ
2026-04-29 11:51:48,277	DROP	317860	노드메이슨	trend_gate
2026-04-29 11:51:48,653	DROP	096870	엘디티	trend_gate
2026-04-29 11:51:49,015	DROP	419540	비스토스	trend_gate
2026-04-29 11:51:49,439	DROP	060260	뉴보텍	trend_gate
2026-04-29 11:51:49,823	DROP	254160	제이엠멀티	trend_gate
2026-04-29 11:51:50,256	DROP	088290	이원컴포텍	trend_gate
2026-04-29 11:51:50,689	DROP	071950	코아스	trend_gate
2026-04-29 11:51:51,110	DROP	015020	이스타코	trend_gate
2026-04-29 11:51:51,478	DROP	060480	국일신동	trend_gate
2026-04-29 11:51:51,876	DROP	018700	바른손	trend_gate
2026-04-29 11:51:52,259	DROP	086220	광동헬스바이오	trend_gate
2026-04-29 11:51:52,654	DROP	214610	롤링스톤	trend_gate
2026-04-29 11:51:53,022	DROP	344860	이노진	trend_gate
2026-04-29 11:51:53,418	DROP	020400	대동금속	trend_gate
2026-04-29 11:51:53,827	DROP	217880	틸론	trend_gate
2026-04-29 11:51:54,240	DROP	051780	큐로홀딩스	trend_gate
2026-04-29 11:51:54,599	DROP	361670	삼영에스앤씨	trend_gate
2026-04-29 11:51:54,972	DROP	031860	디에이치엑스컴퍼니	trend_gate
2026-04-29 11:51:55,352	DROP	222670	플럼라인생명과학	trend_gate
2026-04-29 11:51:55,742	DROP	011080	형지I&C	trend_gate
2026-04-29 11:51:56,114	DROP	067770	세진티에스	trend_gate
2026-04-29 11:51:56,490	DROP	043590	웰킵스하이텍	trend_gate
2026-04-29 11:51:56,879	DROP	032980	바이온	trend_gate
2026-04-29 11:51:57,249	DROP	331660	한국미라클피플사	liquidity_gate:KOSDAQ
2026-04-29 11:51:57,634	DROP	035620	바른손이앤에이	trend_gate
2026-04-29 11:51:57,981	DROP	052960	태양3C	liquidity_gate:KOSDAQ
2026-04-29 11:51:58,364	DROP	025870	신라에스지	trend_gate
2026-04-29 11:51:58,736	DROP	008600	윌비스	trend_gate
2026-04-29 11:51:59,110	DROP	009440	KC그린홀딩스	trend_gate
2026-04-29 11:51:59,512	DROP	069330	유아이디	trend_gate
2026-04-29 11:51:59,904	DROP	176590	코나솔	trend_gate
2026-04-29 11:52:00,309	DROP	028080	휴맥스홀딩스	trend_gate
2026-04-29 11:52:00,648	DROP	368970	오에스피	trend_gate
2026-04-29 11:52:01,016	DROP	008290	원풍물산	trend_gate
2026-04-29 11:52:01,365	DROP	276730	한울앤제주	trend_gate
2026-04-29 11:52:01,705	DROP	476710	타조이엔터테인먼트	trend_gate
2026-04-29 11:52:02,081	DROP	035290	골드앤에스	trend_gate
2026-04-29 11:52:02,446	DROP	241820	피씨엘	trend_gate
2026-04-29 11:52:02,804	DROP	250930	예선테크	trend_gate
2026-04-29 11:52:03,168	DROP	012340	뉴인텍	trend_gate
2026-04-29 11:52:03,540	DROP	009620	삼보산업	trend_gate
2026-04-29 11:52:03,909	DROP	050090	비케이홀딩스	trend_gate
2026-04-29 11:52:04,292	DROP	069920	엑시온그룹	trend_gate
2026-04-29 11:52:04,667	DROP	008500	일정실업	trend_gate
2026-04-29 11:52:05,050	DROP	002070	비비안	trend_gate
2026-04-29 11:52:05,474	DROP	106520	노블엠앤비	trend_gate
2026-04-29 11:52:05,857	DROP	032800	판타지오	trend_gate
2026-04-29 11:52:06,225	DROP	233250	메디안디노스틱	trend_gate
2026-04-29 11:52:06,614	DROP	073190	듀오백	trend_gate
2026-04-29 11:52:06,994	DROP	079950	인베니아	trend_gate
2026-04-29 11:52:07,352	DROP	149010	아이케이세미콘	trend_gate
2026-04-29 11:52:07,735	DROP	900120	씨엑스아이	trend_gate
2026-04-29 11:52:08,145	DROP	030350	드래곤플라이	trend_gate
2026-04-29 11:52:08,504	DROP	208850	이비테크	trend_gate
2026-04-29 11:52:08,858	DROP	368030	창대정밀	trend_gate
2026-04-29 11:52:09,215	DROP	227100	프로브잇	trend_gate
2026-04-29 11:52:09,594	DROP	188260	세니젠	trend_gate
2026-04-29 11:52:09,954	DROP	225430	케이엠제약	trend_gate
2026-04-29 11:52:10,300	DROP	379390	이성씨엔아이	trend_gate
2026-04-29 11:52:10,687	DROP	121850	코이즈	trend_gate
2026-04-29 11:52:11,056	DROP	065060	지엔코	trend_gate
2026-04-29 11:52:11,412	DROP	302920	더콘텐츠온	trend_gate
2026-04-29 11:52:11,760	DROP	352770	셀레스트라	trend_gate
2026-04-29 11:52:12,114	DROP	244460	올리패스	trend_gate
2026-04-29 11:52:12,481	DROP	289170	바이오텐	trend_gate
2026-04-29 11:52:12,829	DROP	351020	미쥬	trend_gate
2026-04-29 11:52:13,185	DROP	224760	엔에스컴퍼니	trend_gate
2026-04-29 11:52:13,591	DROP	054180	메디콕스	trend_gate
2026-04-29 11:52:13,994	DROP	079190	케스피온	trend_gate
2026-04-29 11:52:14,388	DROP	026910	광진실업	trend_gate
2026-04-29 11:52:14,765	DROP	065570	삼영이엔씨	trend_gate
2026-04-29 11:52:15,139	DROP	456190	큐라켐	trend_gate
2026-04-29 11:52:15,537	DROP	169670	코스텍시스템	trend_gate
2026-04-29 11:52:15,921	DROP	060240	스타코링크	trend_gate
2026-04-29 11:52:16,258	DROP	0070X0	에스테크엠	insufficient_rows:3
2026-04-29 11:52:16,645	DROP	253610	루트락	trend_gate
2026-04-29 11:52:17,035	DROP	043100	알파AI	trend_gate
2026-04-29 11:52:17,400	DROP	238500	솔루믹스	trend_gate
2026-04-29 11:52:17,758	DROP	199150	데이터스트림즈	trend_gate
2026-04-29 11:52:18,132	DROP	217320	썬테크	trend_gate
2026-04-29 11:52:18,493	DROP	103660	씨앗	liquidity_gate:KOSDAQ
2026-04-29 11:52:18,898	DROP	185190	수프로	trend_gate
2026-04-29 11:52:19,282	DROP	106080	케이이엠텍	trend_gate
2026-04-29 11:52:19,646	DROP	244880	나눔테크	trend_gate
2026-04-29 11:52:20,022	DROP	145210	다이나믹디자인	trend_gate
2026-04-29 11:52:20,385	DROP	114920	대주이엔티	trend_gate
2026-04-29 11:52:20,864	DROP	189350	코셋	trend_gate
2026-04-29 11:52:21,240	DROP	178600	대동고려삼	trend_gate
2026-04-29 11:52:21,589	DROP	447690	아이오바이오	trend_gate
2026-04-29 11:52:21,981	DROP	079970	투비소프트	trend_gate
2026-04-29 11:52:22,372	DROP	212310	오건에코텍	trend_gate
2026-04-29 11:52:22,716	DROP	318660	타임기술	trend_gate
2026-04-29 11:52:23,083	DROP	066830	제노텍	trend_gate
2026-04-29 11:52:23,456	DROP	199290	바이오프로테크	trend_gate
2026-04-29 11:52:23,799	DROP	276040	스코넥	trend_gate
2026-04-29 11:52:24,149	DROP	251280	안지오랩	trend_gate
2026-04-29 11:52:24,547	DROP	236340	메디젠휴먼케어	trend_gate
2026-04-29 11:52:24,916	DROP	215570	크로넥스	trend_gate
2026-04-29 11:52:25,284	DROP	101390	아이엠	trend_gate
2026-04-29 11:52:25,647	DROP	236030	씨알푸드	liquidity_gate:KOSDAQ
2026-04-29 11:52:26,010	DROP	234070	에이원큐브텍	trend_gate
2026-04-29 11:52:26,373	DROP	223220	로지스몬	trend_gate
2026-04-29 11:52:26,750	DROP	224810	엄지하우스	trend_gate
2026-04-29 11:52:27,122	DROP	202960	판도라티비	trend_gate
2026-04-29 11:52:27,494	DROP	267080	세븐브로이맥주	trend_gate
2026-04-29 11:52:27,836	DROP	311960	인터로이드	trend_gate
2026-04-29 11:52:28,203	DROP	044180	KD	trend_gate
2026-04-29 11:52:28,593	DROP	092590	럭스피아	trend_gate
2026-04-29 11:52:28,963	DROP	313760	캐리	trend_gate
2026-04-29 11:52:29,328	DROP	276240	엘리비젼	trend_gate
2026-04-29 11:52:29,677	DROP	266350	팡스카이	trend_gate
2026-04-29 11:52:30,051	DROP	258050	테크트랜스	trend_gate
2026-04-29 11:52:30,426	DROP	327610	펨토바이오메드	trend_gate
2026-04-29 11:52:30,791	DROP	116100	태양기계	trend_gate
2026-04-29 11:52:31,155	DROP	346010	타이드	trend_gate
2026-04-29 11:52:31,533	DROP	136660	큐엠씨	trend_gate
2026-04-29 11:52:31,929	DROP	043090	더테크놀로지	trend_gate
2026-04-29 11:52:32,316	DROP	052770	아이톡시	trend_gate
2026-04-29 11:52:32,695	DROP	217910	에스제이켐	trend_gate
2026-04-29 11:52:33,062	DROP	299480	지앤이헬스케어	trend_gate
2026-04-29 11:52:33,434	DROP	121060	유니포인트	trend_gate
2026-04-29 11:52:33,785	DROP	390110	애니메디솔루션	trend_gate
2026-04-29 11:52:34,151	DROP	152550	한국ANKOR유전	trend_gate
2026-04-29 11:52:34,508	DROP	208890	미래엔에듀파트너	trend_gate
2026-04-29 11:52:34,871	DROP	093510	엔지브이아이	trend_gate
2026-04-29 11:52:35,246	DROP	139050	BF랩스	trend_gate
2026-04-29 11:52:35,607	DROP	140660	위월드	trend_gate
2026-04-29 11:52:35,999	DROP	245450	씨앤에스링크	trend_gate
2026-04-29 11:52:36,356	DROP	266470	바이오인프라생명과학	trend_gate
2026-04-29 11:52:36,710	DROP	296520	가이아코퍼레이션	trend_gate
2026-04-29 11:52:37,071	DROP	402420	켈스	trend_gate
2026-04-29 11:52:37,423	DROP	332190	오션스바이오	trend_gate
2026-04-29 11:52:37,770	DROP	413300	티엘엔지니어링	trend_gate
2026-04-29 11:52:38,115	DROP	448780	마이크로엔엑스	trend_gate
2026-04-29 11:52:38,483	DROP	266170	레드우즈	trend_gate
2026-04-29 11:52:38,854	DROP	149300	아퓨어스	trend_gate
2026-04-29 11:52:39,313	DROP	279060	이노벡스	trend_gate
2026-04-29 11:52:39,690	DROP	217620	선샤인푸드	trend_gate
2026-04-29 11:52:39,694	DROP	055550	신한지주	foreign_flow_gate:<0.00
2026-04-29 11:52:39,694	DROP	000150	두산	foreign_flow_gate:<0.00
2026-04-29 11:52:39,694	DROP	079550	LIG디펜스앤에어로스페이스	foreign_flow_gate:<0.00
2026-04-29 11:52:39,694	DROP	017670	SK텔레콤	foreign_flow_gate:<0.00
2026-04-29 11:52:39,694	DROP	278470	에이피알	foreign_flow_gate:<0.00
2026-04-29 11:52:39,694	DROP	071050	한국금융지주	foreign_flow_gate:<0.00
2026-04-29 11:52:39,694	DROP	005940	NH투자증권	foreign_flow_gate:<0.00
2026-04-29 11:52:39,695	DROP	016360	삼성증권	foreign_flow_gate:<0.00
2026-04-29 11:52:39,695	DROP	052690	한전기술	foreign_flow_gate:<0.00
2026-04-29 11:52:39,695	DROP	241560	두산밥캣	foreign_flow_gate:<0.00
2026-04-29 11:52:39,695	DROP	001040	CJ	foreign_flow_gate:<0.00
2026-04-29 11:52:39,695	DROP	039030	이오테크닉스	foreign_flow_gate:<0.00
2026-04-29 11:52:39,695	DROP	095340	ISC	foreign_flow_gate:<0.00
2026-04-29 11:52:39,695	DROP	032820	우리기술	foreign_flow_gate:<0.00
2026-04-29 11:52:39,695	DROP	357780	솔브레인	foreign_flow_gate:<0.00
2026-04-29 11:52:39,695	DROP	112610	씨에스윈드	foreign_flow_gate:<0.00
2026-04-29 11:52:39,695	DROP	007810	코리아써키트	foreign_flow_gate:<0.00
2026-04-29 11:52:39,695	DROP	101490	에스앤에스텍	foreign_flow_gate:<0.00
2026-04-29 11:52:39,695	DROP	475150	SK이터닉스	foreign_flow_gate:<0.00
2026-04-29 11:52:39,695	DROP	183300	코미코	foreign_flow_gate:<0.00
2026-04-29 11:52:39,695	DROP	100840	SNT에너지	foreign_flow_gate:<0.00
2026-04-29 11:52:39,695	DROP	033790	피노	foreign_flow_gate:<0.00
2026-04-29 11:52:39,695	DROP	005880	대한해운	foreign_flow_gate:<0.00
2026-04-29 11:52:39,695	DROP	425420	티에프이	foreign_flow_gate:<0.00
2026-04-29 11:52:39,695	DROP	393890	더블유씨피	foreign_flow_gate:<0.00
2026-04-29 11:52:39,695	DROP	098070	한텍	foreign_flow_gate:<0.00
2026-04-29 11:52:39,695	DROP	036170	에이치엠넥스	foreign_flow_gate:<0.00
2026-04-29 11:52:39,695	DROP	073490	LIG아큐버	foreign_flow_gate:<0.00
2026-04-29 11:52:39,696	DROP	322310	오로스테크놀로지	foreign_flow_gate:<0.00
2026-04-29 11:52:39,696	DROP	388050	지투파워	foreign_flow_gate:<0.00
2026-04-29 11:52:39,696	DROP	417840	저스템	foreign_flow_gate:<0.00
2026-04-29 11:52:39,696	DROP	095270	웨이브일렉트로	foreign_flow_gate:<0.00
2026-04-29 11:52:39,696	DROP	448710	코츠테크놀로지	foreign_flow_gate:<0.00
2026-04-29 11:52:39,696	DROP	038680	에스넷	foreign_flow_gate:<0.00
2026-04-29 11:52:39,696	DROP	452300	캡스톤파트너스	foreign_flow_gate:<0.00
2026-04-29 17:53:32,815	DROP	005930	삼성전자	volume_drought_gate
2026-04-29 17:53:33,233	DROP	000660	SK하이닉스	volume_drought_gate
2026-04-29 17:53:33,629	DROP	005380	현대차	trend_gate
2026-04-29 17:53:33,992	DROP	373220	LG에너지솔루션	volume_drought_gate
2026-04-29 17:53:34,382	DROP	402340	SK스퀘어	volume_drought_gate
2026-04-29 17:53:34,781	DROP	034020	두산에너빌리티	volume_drought_gate
2026-04-29 17:53:35,176	DROP	012450	한화에어로스페이스	trend_gate
2026-04-29 17:53:35,563	DROP	329180	HD현대중공업	trend_gate
2026-04-29 17:53:36,003	DROP	207940	삼성바이오로직스	trend_gate
2026-04-29 17:53:36,426	DROP	009150	삼성전기	volume_drought_gate
2026-04-29 17:53:36,858	DROP	000270	기아	trend_gate
2026-04-29 17:53:37,270	DROP	105560	KB금융	volume_drought_gate
2026-04-29 17:53:37,665	DROP	006400	삼성SDI	volume_drought_gate
2026-04-29 17:53:38,069	DROP	032830	삼성생명	volume_drought_gate
2026-04-29 17:53:38,464	DROP	028260	삼성물산	volume_drought_gate
2026-04-29 17:53:43,587	DROP	267260	HD현대일렉트릭	volume_drought_gate
2026-04-29 17:53:43,971	DROP	068270	셀트리온	trend_gate
2026-04-29 17:53:44,367	DROP	010120	LS ELECTRIC	volume_drought_gate
2026-04-29 17:53:44,783	DROP	042660	한화오션	trend_gate
2026-04-29 17:53:45,189	DROP	012330	현대모비스	trend_gate
2026-04-29 17:53:50,484	DROP	005490	POSCO홀딩스	volume_drought_gate
2026-04-29 17:53:50,883	DROP	298040	효성중공업	volume_drought_gate
2026-04-29 17:53:51,298	DROP	086790	하나금융지주	volume_drought_gate
2026-04-29 17:53:51,718	DROP	035420	NAVER	trend_gate
2026-04-29 17:53:52,118	DROP	042700	한미반도체	volume_drought_gate
2026-04-29 17:53:52,521	DROP	010130	고려아연	trend_gate
2026-04-29 17:53:52,921	DROP	009540	HD한국조선해양	volume_drought_gate
2026-04-29 17:53:53,307	DROP	034730	SK	volume_drought_gate
2026-04-29 17:53:53,702	DROP	010140	삼성중공업	volume_drought_gate
2026-04-29 17:53:54,090	DROP	064350	현대로템	volume_drought_gate
2026-04-29 17:53:54,493	DROP	051910	LG화학	volume_drought_gate
2026-04-29 17:53:54,883	DROP	015760	한국전력	trend_gate
2026-04-29 17:53:59,986	DROP	096770	SK이노베이션	volume_drought_gate
2026-04-29 17:54:00,478	DROP	316140	우리금융지주	trend_gate
2026-04-29 17:54:00,868	DROP	267250	HD현대	trend_gate
2026-04-29 17:54:01,254	DROP	003670	포스코퓨처엠	volume_drought_gate
2026-04-29 17:54:01,632	DROP	272210	한화시스템	trend_gate
2026-04-29 17:54:02,016	DROP	066570	LG전자	volume_drought_gate
2026-04-29 17:54:02,410	DROP	086520	에코프로	trend_gate
2026-04-29 17:54:02,810	DROP	035720	카카오	trend_gate
2026-04-29 17:54:08,094	DROP	247540	에코프로비엠	volume_drought_gate
2026-04-29 17:54:08,509	DROP	000810	삼성화재	trend_gate
2026-04-29 17:54:13,636	DROP	196170	알테오젠	trend_gate
2026-04-29 17:54:14,035	DROP	033780	KT&G	volume_drought_gate
2026-04-29 17:54:14,437	DROP	011200	HMM	trend_gate
2026-04-29 17:54:14,907	DROP	000720	현대건설	trend_gate
2026-04-29 17:54:15,367	DROP	024110	기업은행	trend_gate
2026-04-29 17:54:15,773	DROP	086280	현대글로비스	trend_gate
2026-04-29 17:54:20,866	DROP	047810	한국항공우주	trend_gate
2026-04-29 17:54:21,290	DROP	030200	KT	trend_gate
2026-04-29 17:54:21,698	DROP	047040	대우건설	volume_drought_gate
2026-04-29 17:54:22,103	DROP	003550	LG	trend_gate
2026-04-29 17:54:31,930	DROP	011070	LG이노텍	volume_drought_gate
2026-04-29 17:54:32,275	DROP	0126Z0	삼성에피스홀딩스	insufficient_rows:106
2026-04-29 17:54:32,669	DROP	071050	한국금융지주	volume_drought_gate
2026-04-29 17:54:33,059	DROP	018260	삼성에스디에스	trend_gate
2026-04-29 17:54:33,420	DROP	259960	크래프톤	trend_gate
2026-04-29 17:54:33,822	DROP	006260	LS	volume_drought_gate
2026-04-29 17:54:34,208	DROP	307950	현대오토에버	trend_gate
2026-04-29 17:54:34,582	DROP	277810	레인보우로보틱스	trend_gate
2026-04-29 17:54:39,644	DROP	443060	HD현대마린솔루션	trend_gate
2026-04-29 17:54:40,027	DROP	323410	카카오뱅크	trend_gate
2026-04-29 17:54:40,435	DROP	005830	DB손해보험	trend_gate
2026-04-29 17:54:40,836	DROP	039490	키움증권	trend_gate
2026-04-29 17:54:41,223	DROP	352820	하이브	trend_gate
2026-04-29 17:54:41,672	DROP	007660	이수페타시스	volume_drought_gate
2026-04-29 17:54:42,090	DROP	028050	삼성E&A	volume_drought_gate
2026-04-29 17:54:42,484	DROP	000250	삼천당제약	trend_gate
2026-04-29 17:54:42,890	DROP	003230	삼양식품	trend_gate
2026-04-29 17:54:47,978	DROP	001440	대한전선	volume_drought_gate
2026-04-29 17:54:48,361	DROP	267270	HD건설기계	volume_drought_gate
2026-04-29 17:54:53,431	DROP	003490	대한항공	trend_gate
2026-04-29 17:54:58,522	DROP	058470	리노공업	trend_gate
2026-04-29 17:54:58,919	DROP	066970	엘앤에프	volume_drought_gate
2026-04-29 17:55:04,003	DROP	090430	아모레퍼시픽	trend_gate
2026-04-29 17:55:04,392	DROP	009830	한화솔루션	trend_gate
2026-04-29 17:55:04,766	DROP	326030	SK바이오팜	trend_gate
2026-04-29 17:55:05,149	DROP	298380	에이비엘바이오	trend_gate
2026-04-29 17:55:05,509	DROP	377300	카카오페이	trend_gate
2026-04-29 17:55:05,896	DROP	078930	GS	volume_drought_gate
2026-04-29 17:55:06,312	DROP	161390	한국타이어앤테크놀로지	trend_gate
2026-04-29 17:55:06,708	DROP	180640	한진칼	trend_gate
2026-04-29 17:55:07,091	DROP	000100	유한양행	trend_gate
2026-04-29 17:55:12,189	DROP	082740	한화엔진	volume_drought_gate
2026-04-29 17:55:12,616	DROP	141080	리가켐바이오	trend_gate
2026-04-29 17:55:12,979	DROP	241560	두산밥캣	volume_drought_gate
2026-04-29 17:55:13,363	DROP	010060	OCI홀딩스	volume_drought_gate
2026-04-29 17:55:13,758	DROP	032640	LG유플러스	trend_gate
2026-04-29 17:55:14,110	DROP	062040	산일전기	volume_drought_gate
2026-04-29 17:55:14,515	DROP	000990	DB하이텍	volume_drought_gate
2026-04-29 17:55:19,534	DROP	454910	두산로보틱스	trend_gate
2026-04-29 17:55:19,880	DROP	064400	LG씨엔에스	trend_gate
2026-04-29 17:55:25,075	DROP	087010	펩트론	trend_gate
2026-04-29 17:55:25,470	DROP	034220	LG디스플레이	trend_gate
2026-04-29 17:55:25,870	DROP	128940	한미약품	trend_gate
2026-04-29 17:55:26,270	DROP	021240	코웨이	trend_gate
2026-04-29 17:55:26,660	DROP	029780	삼성카드	trend_gate
2026-04-29 17:55:27,059	DROP	004020	현대제철	volume_drought_gate
2026-04-29 17:55:27,462	DROP	036570	NC	volume_drought_gate
2026-04-29 17:55:27,856	DROP	240810	원익IPS	trend_gate
2026-04-29 17:55:28,218	DROP	450080	에코프로머티	volume_drought_gate
2026-04-29 17:55:28,606	DROP	138930	BNK금융지주	trend_gate
2026-04-29 17:55:29,025	DROP	036930	주성엔지니어링	volume_drought_gate
2026-04-29 17:55:29,444	DROP	271560	오리온	volume_drought_gate
2026-04-29 17:55:29,844	DROP	103590	일진전기	volume_drought_gate
2026-04-29 17:55:30,242	DROP	353200	대덕전자	volume_drought_gate
2026-04-29 17:55:30,650	DROP	214370	케어젠	trend_gate
2026-04-29 17:55:31,071	DROP	022100	포스코DX	trend_gate
2026-04-29 17:55:31,483	DROP	310210	보로노이	trend_gate
2026-04-29 17:55:31,977	DROP	088980	맥쿼리인프라	trend_gate
2026-04-29 17:55:32,466	DROP	095340	ISC	volume_drought_gate
2026-04-29 17:55:32,923	DROP	002380	KCC	trend_gate
2026-04-29 17:55:33,308	DROP	175330	JB금융지주	trend_gate
2026-04-29 17:55:33,698	DROP	011170	롯데케미칼	volume_drought_gate
2026-04-29 17:55:34,093	DROP	108490	로보티즈	volume_drought_gate
2026-04-29 17:55:34,480	DROP	011790	SKC	trend_gate
2026-04-29 17:55:34,873	DROP	018880	한온시스템	trend_gate
2026-04-29 17:55:35,253	DROP	088350	한화생명	trend_gate
2026-04-29 17:55:35,615	DROP	403870	HPSP	volume_drought_gate
2026-04-29 17:55:35,983	DROP	251270	넷마블	trend_gate
2026-04-29 17:55:36,329	DROP	489790	한화비전	volume_drought_gate
2026-04-29 17:55:36,691	DROP	440110	파두	volume_drought_gate
2026-04-29 17:55:37,053	DROP	375500	DL이앤씨	volume_drought_gate
2026-04-29 17:55:37,438	DROP	051900	LG생활건강	trend_gate
2026-04-29 17:55:47,201	DROP	004170	신세계	volume_drought_gate
2026-04-29 17:55:47,549	DROP	336260	두산퓨얼셀	volume_drought_gate
2026-04-29 17:55:52,600	DROP	457190	이수스페셜티케미컬	volume_drought_gate
2026-04-29 17:55:52,968	DROP	023530	롯데쇼핑	volume_drought_gate
2026-04-29 17:55:53,346	DROP	011780	금호석유화학	volume_drought_gate
2026-04-29 17:55:53,765	DROP	004800	효성	volume_drought_gate
2026-04-29 17:55:54,141	DROP	214150	클래시스	trend_gate
2026-04-29 17:55:54,512	DROP	226950	올릭스	trend_gate
2026-04-29 17:55:54,873	DROP	111770	영원무역	trend_gate
2026-04-29 17:55:59,937	DROP	071970	HD현대마린엔진	volume_drought_gate
2026-04-29 17:56:00,359	DROP	035250	강원랜드	trend_gate
2026-04-29 17:56:00,728	DROP	097950	CJ제일제당	trend_gate
2026-04-29 17:56:01,096	DROP	012510	더존비즈온	liquidity_gate:KOSPI
2026-04-29 17:56:01,467	DROP	036460	한국가스공사	trend_gate
2026-04-29 17:56:01,845	DROP	000500	가온전선	volume_drought_gate
2026-04-29 17:56:02,246	DROP	020150	롯데에너지머티리얼즈	volume_drought_gate
2026-04-29 17:56:02,626	DROP	006360	GS건설	volume_drought_gate
2026-04-29 17:56:02,998	DROP	319400	현대무벡스	52w_ceiling_gate
2026-04-29 17:56:03,388	DROP	064760	티씨케이	volume_drought_gate
2026-04-29 17:56:03,748	DROP	439260	대한조선	insufficient_rows:181
2026-04-29 17:56:04,115	DROP	302440	SK바이오사이언스	trend_gate
2026-04-29 17:56:04,493	DROP	237690	에스티팜	trend_gate
2026-04-29 17:56:04,846	DROP	347850	디앤디파마텍	trend_gate
2026-04-29 17:56:05,225	DROP	178320	서진시스템	volume_drought_gate
2026-04-29 17:56:05,558	DROP	031210	서울보증보험	trend_gate
2026-04-29 17:56:05,954	DROP	014680	한솔케미칼	trend_gate
2026-04-29 17:56:06,356	DROP	214450	파마리서치	trend_gate
2026-04-29 17:56:06,714	DROP	222800	심텍	volume_drought_gate
2026-04-29 17:56:07,162	DROP	001720	신영증권	trend_gate
2026-04-29 17:56:07,541	DROP	012750	에스원	trend_gate
2026-04-29 17:56:07,926	DROP	145020	휴젤	trend_gate
2026-04-29 17:56:08,319	DROP	084370	유진테크	volume_drought_gate
2026-04-29 17:56:08,656	DROP	0009K0	에임드바이오	insufficient_rows:98
2026-04-29 17:56:09,024	DROP	004990	롯데지주	trend_gate
2026-04-29 17:56:09,414	DROP	043260	성호전자	trend_gate
2026-04-29 17:56:09,833	DROP	083650	비에이치아이	trend_gate
2026-04-29 17:56:10,225	DROP	005850	에스엘	trend_gate
2026-04-29 17:56:19,942	DROP	100790	미래에셋벤처투자	volume_drought_gate
2026-04-29 17:56:20,344	DROP	120110	코오롱인더	volume_drought_gate
2026-04-29 17:56:20,745	DROP	005290	동진쎄미켐	volume_drought_gate
2026-04-29 17:56:21,148	DROP	139480	이마트	trend_gate
2026-04-29 17:56:26,287	DROP	483650	달바글로벌	volume_drought_gate
2026-04-29 17:56:26,694	DROP	140410	메지온	trend_gate
2026-04-29 17:56:27,101	DROP	058610	에스피지	trend_gate
2026-04-29 17:56:27,521	DROP	098460	고영	volume_drought_gate
2026-04-29 17:56:27,932	DROP	009970	영원무역홀딩스	trend_gate
2026-04-29 17:56:28,316	DROP	103140	풍산	trend_gate
2026-04-29 17:56:28,694	DROP	051600	한전KPS	trend_gate
2026-04-29 17:56:29,085	DROP	031980	피에스케이홀딩스	volume_drought_gate
2026-04-29 17:56:29,471	DROP	229640	LS에코에너지	volume_drought_gate
2026-04-29 17:56:29,840	DROP	257720	실리콘투	trend_gate
2026-04-29 17:56:30,234	DROP	097230	HJ중공업	volume_drought_gate
2026-04-29 17:56:30,611	DROP	204320	HL만도	trend_gate
2026-04-29 17:56:35,719	DROP	001450	현대해상	trend_gate
2026-04-29 17:56:36,101	DROP	077970	STX엔진	volume_drought_gate
2026-04-29 17:56:36,507	DROP	067310	하나마이크론	volume_drought_gate
2026-04-29 17:56:36,923	DROP	030530	원익홀딩스	trend_gate
2026-04-29 17:56:37,297	DROP	008770	호텔신라	trend_gate
2026-04-29 17:56:37,671	DROP	026960	동서	trend_gate
2026-04-29 17:56:38,075	DROP	017960	한국카본	volume_drought_gate
2026-04-29 17:56:38,458	DROP	018670	SK가스	liquidity_gate:KOSPI
2026-04-29 17:56:38,879	DROP	001430	세아베스틸지주	volume_drought_gate
2026-04-29 17:56:39,253	DROP	323280	태성	trend_gate
2026-04-29 17:56:39,641	DROP	008930	한미사이언스	trend_gate
2026-04-29 17:56:40,003	DROP	383220	F&F	trend_gate
2026-04-29 17:56:40,411	DROP	078600	대주전자재료	volume_drought_gate
2026-04-29 17:56:40,855	DROP	009420	한올바이오파마	trend_gate
2026-04-29 17:56:41,304	DROP	068760	셀트리온제약	trend_gate
2026-04-29 17:56:41,760	DROP	131970	두산테스나	volume_drought_gate
2026-04-29 17:56:42,122	DROP	279570	케이뱅크	insufficient_rows:40
2026-04-29 17:56:42,515	DROP	069960	현대백화점	trend_gate
2026-04-29 17:56:42,942	DROP	192820	코스맥스	trend_gate
2026-04-29 17:56:43,328	DROP	476830	알지노믹스	insufficient_rows:88
2026-04-29 17:56:48,399	DROP	082920	비츠로셀	volume_drought_gate
2026-04-29 17:56:48,769	DROP	218410	RFHIC	trend_gate
2026-04-29 17:56:49,124	DROP	322000	HD현대에너지솔루션	volume_drought_gate
2026-04-29 17:56:49,497	DROP	000240	한국앤컴퍼니	trend_gate
2026-04-29 17:56:49,926	DROP	011210	현대위아	trend_gate
2026-04-29 17:56:50,350	DROP	010170	대한광통신	trend_gate
2026-04-29 17:56:50,770	DROP	004370	농심	trend_gate
2026-04-29 17:56:51,176	DROP	005440	현대지에프홀딩스	trend_gate
2026-04-29 17:56:51,572	DROP	000120	CJ대한통운	trend_gate
2026-04-29 17:56:51,954	DROP	298020	효성티앤씨	volume_drought_gate
2026-04-29 17:56:52,322	DROP	282330	BGF리테일	trend_gate
2026-04-29 17:56:52,700	DROP	035900	JYP Ent.	trend_gate
2026-04-29 17:56:57,801	DROP	030000	제일기획	trend_gate
2026-04-29 17:56:58,170	DROP	085620	미래에셋생명	trend_gate
2026-04-29 17:56:58,521	DROP	361610	SK아이이테크놀로지	trend_gate
2026-04-29 17:56:58,891	DROP	041510	에스엠	trend_gate
2026-04-29 17:56:59,254	DROP	003690	코리안리	trend_gate
2026-04-29 17:56:59,633	DROP	089030	테크윙	trend_gate
2026-04-29 17:56:59,997	DROP	002790	아모레퍼시픽홀딩스	trend_gate
2026-04-29 17:57:00,394	DROP	081660	미스토홀딩스	trend_gate
2026-04-29 17:57:10,181	DROP	417200	LS머트리얼즈	volume_drought_gate
2026-04-29 17:57:10,589	DROP	161890	한국콜마	volume_drought_gate
2026-04-29 17:57:10,968	DROP	023590	다우기술	trend_gate
2026-04-29 17:57:11,345	DROP	039200	오스코텍	trend_gate
2026-04-29 17:57:11,714	DROP	347700	스피어	trend_gate
2026-04-29 17:57:12,098	DROP	005070	코스모신소재	volume_drought_gate
2026-04-29 17:57:12,462	DROP	462870	시프트업	trend_gate
2026-04-29 17:57:17,482	DROP	027360	아주IB투자	volume_drought_gate
2026-04-29 17:57:17,858	DROP	140860	파크시스템스	trend_gate
2026-04-29 17:57:18,235	DROP	060370	LS마린솔루션	volume_drought_gate
2026-04-29 17:57:18,639	DROP	007070	GS리테일	liquidity_gate:KOSPI
2026-04-29 17:57:19,013	DROP	099320	쎄트렉아이	trend_gate
2026-04-29 17:57:19,388	DROP	003570	SNT다이내믹스	trend_gate
2026-04-29 17:57:19,733	DROP	475830	오름테라퓨틱	trend_gate
2026-04-29 17:57:20,126	DROP	003540	대신증권	trend_gate
2026-04-29 17:57:25,208	DROP	232140	와이씨	trend_gate
2026-04-29 17:57:25,556	DROP	458870	씨어스	trend_gate
2026-04-29 17:57:26,006	DROP	080220	제주반도체	volume_drought_gate
2026-04-29 17:57:26,401	DROP	004000	롯데정밀화학	liquidity_gate:KOSPI
2026-04-29 17:57:26,793	DROP	038500	삼표시멘트	trend_gate
2026-04-29 17:57:27,127	DROP	491000	리브스메드	insufficient_rows:84
2026-04-29 17:57:27,468	DROP	437730	삼현	trend_gate
2026-04-29 17:57:27,854	DROP	073240	금호타이어	trend_gate
2026-04-29 17:57:28,254	DROP	445680	큐리옥스바이오시스템즈	trend_gate
2026-04-29 17:57:28,631	DROP	290650	엘앤씨바이오	trend_gate
2026-04-29 17:57:29,000	DROP	069620	대웅제약	trend_gate
2026-04-29 17:57:29,361	DROP	012630	HDC	liquidity_gate:KOSPI
2026-04-29 17:57:29,748	DROP	032350	롯데관광개발	trend_gate
2026-04-29 17:57:30,123	DROP	006040	동원산업	trend_gate
2026-04-29 17:57:30,497	DROP	003530	한화투자증권	trend_gate
2026-04-29 17:57:35,593	DROP	036830	솔브레인홀딩스	volume_drought_gate
2026-04-29 17:57:36,000	DROP	006280	녹십자	trend_gate
2026-04-29 17:57:36,450	DROP	085660	차바이오텍	trend_gate
2026-04-29 17:57:36,833	DROP	281740	레이크머티리얼즈	volume_drought_gate
2026-04-29 17:57:37,209	DROP	065350	신성델타테크	trend_gate
2026-04-29 17:57:37,629	DROP	000210	DL	volume_drought_gate
2026-04-29 17:57:38,041	DROP	030610	교보증권	trend_gate
2026-04-29 17:57:38,468	DROP	001800	오리온홀딩스	trend_gate
2026-04-29 17:57:38,896	DROP	166090	하나머티리얼즈	volume_drought_gate
2026-04-29 17:57:39,288	DROP	294870	IPARK현대산업개발	liquidity_gate:KOSPI
2026-04-29 17:57:39,682	DROP	090710	휴림로봇	trend_gate
2026-04-29 17:57:40,045	DROP	195940	HK이노엔	trend_gate
2026-04-29 17:57:40,420	DROP	100090	SK오션플랜트	trend_gate
2026-04-29 17:57:40,799	DROP	003380	하림지주	trend_gate
2026-04-29 17:57:41,189	DROP	093370	후성	volume_drought_gate
2026-04-29 17:57:41,573	DROP	052020	에스티큐브	volume_drought_gate
2026-04-29 17:57:41,996	DROP	397030	에이프릴바이오	trend_gate
2026-04-29 17:57:42,397	DROP	034230	파라다이스	trend_gate
2026-04-29 17:57:42,784	DROP	183300	코미코	volume_drought_gate
2026-04-29 17:57:47,882	DROP	115180	큐리언트	trend_gate
2026-04-29 17:57:48,283	DROP	007310	오뚜기	trend_gate
2026-04-29 17:57:48,684	DROP	020560	아시아나항공	trend_gate
2026-04-29 17:57:49,073	DROP	222080	씨아이에스	volume_drought_gate
2026-04-29 17:57:49,471	DROP	127120	제이에스링크	trend_gate
2026-04-29 17:57:49,852	DROP	036540	SFA반도체	volume_drought_gate
2026-04-29 17:57:50,257	DROP	048410	현대바이오	trend_gate
2026-04-29 17:57:50,614	DROP	456160	지투지바이오	insufficient_rows:172
2026-04-29 17:57:55,634	DROP	388210	씨엠티엑스	insufficient_rows:108
2026-04-29 17:57:56,007	DROP	420770	기가비스	volume_drought_gate
2026-04-29 17:57:56,424	DROP	181710	NHN	liquidity_gate:KOSPI
2026-04-29 17:57:56,815	DROP	137400	피엔티	volume_drought_gate
2026-04-29 17:57:57,170	DROP	160190	하이젠알앤엠	trend_gate
2026-04-29 17:57:57,579	DROP	003240	태광산업	liquidity_gate:KOSPI
2026-04-29 17:57:58,003	DROP	082640	동양생명	trend_gate
2026-04-29 17:57:58,389	DROP	490470	세미파이브	insufficient_rows:82
2026-04-29 17:57:58,782	DROP	003090	대웅	trend_gate
2026-04-29 17:57:59,170	DROP	001740	SK네트웍스	liquidity_gate:KOSPI
2026-04-29 17:57:59,549	DROP	126340	비나텍	trend_gate
2026-04-29 17:57:59,923	DROP	192080	더블유게임즈	trend_gate
2026-04-29 17:58:00,317	DROP	096530	씨젠	trend_gate
2026-04-29 17:58:00,692	DROP	213420	덕산네오룩스	volume_drought_gate
2026-04-29 17:58:01,072	DROP	300720	한일시멘트	trend_gate
2026-04-29 17:58:01,427	DROP	466100	클로봇	trend_gate
2026-04-29 17:58:01,756	DROP	376900	로킷헬스케어	trend_gate
2026-04-29 17:58:02,142	DROP	195870	해성디에스	volume_drought_gate
2026-04-29 17:58:02,533	DROP	007390	네이처셀	trend_gate
2026-04-29 17:58:02,916	DROP	124500	아이티센글로벌	trend_gate
2026-04-29 17:58:03,332	DROP	014620	성광벤드	volume_drought_gate
2026-04-29 17:58:03,699	DROP	456040	OCI	volume_drought_gate
2026-04-29 17:58:08,773	DROP	000670	영풍	liquidity_gate:KOSPI
2026-04-29 17:58:09,167	DROP	298050	HS효성첨단소재	trend_gate
2026-04-29 17:58:09,571	DROP	281820	케이씨텍	liquidity_gate:KOSPI
2026-04-29 17:58:09,972	DROP	001510	SK증권	volume_drought_gate
2026-04-29 17:58:10,371	DROP	023160	태광	volume_drought_gate
2026-04-29 17:58:10,758	DROP	006650	대한유화	volume_drought_gate
2026-04-29 17:58:11,116	DROP	415640	KB발해인프라	trend_gate
2026-04-29 17:58:11,550	DROP	035760	CJ ENM	trend_gate
2026-04-29 17:58:11,939	DROP	089860	롯데렌탈	liquidity_gate:KOSPI
2026-04-29 17:58:12,339	DROP	000080	하이트진로	trend_gate
2026-04-29 17:58:17,415	DROP	328130	루닛	trend_gate
2026-04-29 17:58:17,817	DROP	075580	세진중공업	liquidity_gate:KOSPI
2026-04-29 17:58:18,195	DROP	185750	종근당	trend_gate
2026-04-29 17:58:18,564	DROP	388720	유일로보틱스	trend_gate
2026-04-29 17:58:18,967	DROP	090460	비에이치	volume_drought_gate
2026-04-29 17:58:19,349	DROP	005690	파미셀	volume_drought_gate
2026-04-29 17:58:24,457	DROP	499790	GS피앤엘	trend_gate
2026-04-29 17:58:24,917	DROP	161580	필옵틱스	trend_gate
2026-04-29 17:58:25,346	DROP	056190	에스에프에이	trend_gate
2026-04-29 17:58:25,897	DROP	204270	제이앤티씨	trend_gate
2026-04-29 17:58:26,433	DROP	005300	롯데칠성	trend_gate
2026-04-29 17:58:26,818	DROP	280360	롯데웰푸드	trend_gate
2026-04-29 17:58:27,233	DROP	009450	경동나비엔	trend_gate
2026-04-29 17:58:27,641	DROP	086450	동국제약	trend_gate
2026-04-29 17:58:28,014	DROP	293490	카카오게임즈	trend_gate
2026-04-29 17:58:28,398	DROP	082270	젬백스	trend_gate
2026-04-29 17:58:33,530	DROP	078160	메디포스트	volume_drought_gate
2026-04-29 17:58:33,926	DROP	003470	유안타증권	trend_gate
2026-04-29 17:58:34,376	DROP	192400	쿠쿠홀딩스	trend_gate
2026-04-29 17:58:34,744	DROP	336370	솔루스첨단소재	volume_drought_gate
2026-04-29 17:58:35,123	DROP	121600	나노신소재	volume_drought_gate
2026-04-29 17:58:40,187	DROP	285130	SK케미칼	trend_gate
2026-04-29 17:58:40,526	DROP	295310	에이치브이엠	trend_gate
2026-04-29 17:58:40,904	DROP	033240	자화전자	liquidity_gate:KOSPI
2026-04-29 17:58:41,258	DROP	484870	엠앤씨솔루션	trend_gate
2026-04-29 17:58:41,631	DROP	253450	스튜디오드래곤	trend_gate
2026-04-29 17:58:42,040	DROP	171090	선익시스템	trend_gate
2026-04-29 17:58:42,466	DROP	358570	지아이이노베이션	trend_gate
2026-04-29 17:58:42,855	DROP	033100	제룡전기	volume_drought_gate
2026-04-29 17:58:43,197	DROP	0011T0	채비	insufficient_rows:1
2026-04-29 17:58:43,577	DROP	009240	한샘	trend_gate
2026-04-29 17:58:43,964	DROP	057050	현대홈쇼핑	trend_gate
2026-04-29 17:58:44,385	DROP	036530	SNT홀딩스	liquidity_gate:KOSPI
2026-04-29 17:58:44,716	DROP	496320	본시스템즈	insufficient_rows:156
2026-04-29 17:58:45,139	DROP	365340	성일하이텍	volume_drought_gate
2026-04-29 17:58:45,521	DROP	348370	엔켐	trend_gate
2026-04-29 17:58:45,906	DROP	006730	서부T&D	trend_gate
2026-04-29 17:58:46,313	DROP	122870	와이지엔터테인먼트	trend_gate
2026-04-29 17:58:46,702	DROP	006120	SK디스커버리	liquidity_gate:KOSPI
2026-04-29 17:58:47,085	DROP	006340	대원전선	volume_drought_gate
2026-04-29 17:58:47,478	DROP	074600	원익QnC	volume_drought_gate
2026-04-29 17:58:47,913	DROP	003030	세아제강지주	volume_drought_gate
2026-04-29 17:58:48,399	DROP	056080	유진로봇	trend_gate
2026-04-29 17:58:48,780	DROP	137310	에스디바이오센서	trend_gate
2026-04-29 17:58:49,241	DROP	108320	LX세미콘	trend_gate
2026-04-29 17:58:49,636	DROP	174900	앱클론	trend_gate
2026-04-29 17:58:50,039	DROP	094170	동운아나텍	volume_drought_gate
2026-04-29 17:58:50,453	DROP	064960	SNT모티브	trend_gate
2026-04-29 17:58:50,828	DROP	372320	큐로셀	volume_drought_gate
2026-04-29 17:58:51,205	DROP	476060	온코닉테라퓨틱스	trend_gate
2026-04-29 17:58:51,617	DROP	003160	디아이	trend_gate
2026-04-29 17:58:51,996	DROP	050890	쏠리드	trend_gate
2026-04-29 17:58:52,392	DROP	002020	코오롱	liquidity_gate:KOSPI
2026-04-29 17:58:57,449	DROP	248070	솔루엠	liquidity_gate:KOSPI
2026-04-29 17:59:02,578	DROP	004490	세방전지	trend_gate
2026-04-29 17:59:02,951	DROP	030190	NICE평가정보	trend_gate
2026-04-29 17:59:03,325	DROP	032190	다우데이타	trend_gate
2026-04-29 17:59:03,698	DROP	083450	GST	volume_drought_gate
2026-04-29 17:59:04,091	DROP	025540	한국단자	liquidity_gate:KOSPI
2026-04-29 17:59:04,478	DROP	241710	코스메카코리아	volume_drought_gate
2026-04-29 17:59:04,863	DROP	003620	KG모빌리티	liquidity_gate:KOSPI
2026-04-29 17:59:05,257	DROP	010780	아이에스동서	trend_gate
2026-04-29 17:59:05,634	DROP	053610	프로텍	liquidity_gate:KOSDAQ
2026-04-29 17:59:06,008	DROP	071320	지역난방공사	trend_gate
2026-04-29 17:59:06,383	DROP	009520	포스코엠텍	volume_drought_gate
2026-04-29 17:59:06,748	DROP	033500	동성화인텍	trend_gate
2026-04-29 17:59:07,137	DROP	005090	SGC에너지	volume_drought_gate
2026-04-29 17:59:07,523	DROP	249420	일동제약	trend_gate
2026-04-29 17:59:07,897	DROP	003850	보령	liquidity_gate:KOSPI
2026-04-29 17:59:08,293	DROP	102710	이엔에프테크놀로지	trend_gate
2026-04-29 17:59:13,327	DROP	389470	인벤티지랩	trend_gate
2026-04-29 17:59:13,701	DROP	112040	위메이드	trend_gate
2026-04-29 17:59:14,053	DROP	252990	샘씨엔에스	volume_drought_gate
2026-04-29 17:59:14,434	DROP	253590	네오셈	trend_gate
2026-04-29 17:59:14,819	DROP	046890	서울반도체	volume_drought_gate
2026-04-29 17:59:19,926	DROP	399720	가온칩스	volume_drought_gate
2026-04-29 17:59:20,312	DROP	084110	휴온스글로벌	trend_gate
2026-04-29 17:59:20,647	DROP	317450	명인제약	insufficient_rows:139
2026-04-29 17:59:21,026	DROP	014820	동원시스템즈	trend_gate
2026-04-29 17:59:26,080	DROP	00104K	CJ4우(전환)	liquidity_gate:KOSPI
2026-04-29 17:59:26,439	DROP	425420	티에프이	volume_drought_gate
2026-04-29 17:59:26,814	DROP	161000	애경케미칼	volume_drought_gate
2026-04-29 17:59:27,162	DROP	348340	뉴로메카	trend_gate
2026-04-29 17:59:27,534	DROP	052400	코나아이	trend_gate
2026-04-29 17:59:27,958	DROP	214430	아이쓰리시스템	trend_gate
2026-04-29 17:59:28,329	DROP	060250	NHN KCP	trend_gate
2026-04-29 17:59:28,680	DROP	460860	동국제강	volume_drought_gate
2026-04-29 17:59:29,077	DROP	079160	CJ CGV	trend_gate
2026-04-29 17:59:29,492	DROP	376300	디어유	trend_gate
2026-04-29 17:59:29,868	DROP	199800	툴젠	liquidity_gate:KOSDAQ
2026-04-29 17:59:30,246	DROP	077360	덕산하이메탈	volume_drought_gate
2026-04-29 17:59:30,605	DROP	278280	천보	volume_drought_gate
2026-04-29 17:59:30,967	DROP	225570	넥슨게임즈	trend_gate
2026-04-29 17:59:31,336	DROP	000370	한화손해보험	trend_gate
2026-04-29 17:59:31,700	DROP	102940	코오롱생명과학	trend_gate
2026-04-29 17:59:32,084	DROP	086900	메디톡스	trend_gate
2026-04-29 17:59:32,467	DROP	178920	PI첨단소재	liquidity_gate:KOSPI
2026-04-29 17:59:32,854	DROP	069260	TKG휴켐스	trend_gate
2026-04-29 17:59:37,924	DROP	214320	이노션	trend_gate
2026-04-29 17:59:38,281	DROP	348210	넥스틴	trend_gate
2026-04-29 17:59:38,671	DROP	001270	부국증권	trend_gate
2026-04-29 17:59:39,044	DROP	486990	노타	insufficient_rows:121
2026-04-29 17:59:39,408	DROP	007700	F&F홀딩스	trend_gate
2026-04-29 17:59:39,817	DROP	002350	넥센타이어	trend_gate
2026-04-29 17:59:40,143	DROP	493280	아이엠바이오로직스	insufficient_rows:29
2026-04-29 17:59:40,489	DROP	475960	토모큐브	trend_gate
2026-04-29 17:59:40,859	DROP	200710	에이디테크놀로지	volume_drought_gate
2026-04-29 17:59:41,248	DROP	089890	코세스	volume_drought_gate
2026-04-29 17:59:41,622	DROP	001060	JW중외제약	trend_gate
2026-04-29 17:59:42,015	DROP	114090	GKL	trend_gate
2026-04-29 17:59:42,393	DROP	093050	LF	liquidity_gate:KOSPI
2026-04-29 17:59:42,745	DROP	009900	명신산업	volume_drought_gate
2026-04-29 17:59:43,118	DROP	017940	E1	trend_gate
2026-04-29 17:59:43,468	DROP	327260	RF머트리얼즈	trend_gate
2026-04-29 17:59:43,865	DROP	015750	성우하이텍	trend_gate
2026-04-29 17:59:44,261	DROP	001820	삼화콘덴서	volume_drought_gate
2026-04-29 17:59:44,601	DROP	460930	현대힘스	trend_gate
2026-04-29 17:59:44,972	DROP	033640	네패스	volume_drought_gate
2026-04-29 17:59:45,389	DROP	041960	코미팜	liquidity_gate:KOSDAQ
2026-04-29 17:59:45,787	DROP	024850	HLB이노베이션	liquidity_gate:KOSDAQ
2026-04-29 17:59:46,161	DROP	053800	안랩	liquidity_gate:KOSDAQ
2026-04-29 17:59:46,525	DROP	001680	대상	trend_gate
2026-04-29 17:59:46,903	DROP	059090	미코	volume_drought_gate
2026-04-29 17:59:47,300	DROP	031330	에스에이엠티	liquidity_gate:KOSDAQ
2026-04-29 17:59:47,634	DROP	217590	티엠씨	insufficient_rows:91
2026-04-29 17:59:48,002	DROP	002240	고려제강	liquidity_gate:KOSPI
2026-04-29 17:59:48,372	DROP	383800	LX홀딩스	trend_gate
2026-04-29 17:59:48,759	DROP	005420	코스모화학	trend_gate
2026-04-29 17:59:49,128	DROP	002840	미원상사	trend_gate
2026-04-29 17:59:49,493	DROP	272290	이녹스첨단소재	trend_gate
2026-04-29 17:59:49,902	DROP	058650	세아홀딩스	liquidity_gate:KOSPI
2026-04-29 17:59:50,295	DROP	001500	현대차증권	trend_gate
2026-04-29 17:59:50,680	DROP	025980	아난티	trend_gate
2026-04-29 17:59:51,031	DROP	393890	더블유씨피	volume_drought_gate
2026-04-29 17:59:51,435	DROP	005180	빙그레	trend_gate
2026-04-29 17:59:51,793	DROP	383310	에코프로에이치엔	trend_gate
2026-04-29 17:59:52,165	DROP	060280	큐렉소	trend_gate
2026-04-29 17:59:52,540	DROP	003280	흥아해운	trend_gate
2026-04-29 17:59:52,933	DROP	067160	SOOP	trend_gate
2026-04-29 17:59:53,321	DROP	090360	로보스타	trend_gate
2026-04-29 17:59:53,698	DROP	104830	원익머트리얼즈	liquidity_gate:KOSDAQ
2026-04-29 17:59:54,065	DROP	094800	맵스리얼티	liquidity_gate:KOSPI
2026-04-29 17:59:54,429	DROP	336570	원텍	trend_gate
2026-04-29 17:59:59,476	DROP	016380	KG스틸	liquidity_gate:KOSPI
2026-04-29 17:59:59,859	DROP	089010	켐트로닉스	volume_drought_gate
2026-04-29 18:00:00,337	DROP	130660	한전산업	trend_gate
2026-04-29 18:00:00,735	DROP	000640	동아쏘시오홀딩스	trend_gate
2026-04-29 18:00:01,116	DROP	187660	페니트리움바이오	trend_gate
2026-04-29 18:00:01,482	DROP	000400	롯데손해보험	trend_gate
2026-04-29 18:00:01,819	DROP	468530	프로티나	insufficient_rows:184
2026-04-29 18:00:02,171	DROP	271940	일진하이솔루스	liquidity_gate:KOSPI
2026-04-29 18:00:02,556	DROP	033160	엠케이전자	volume_drought_gate
2026-04-29 18:00:02,931	DROP	014830	유니드	liquidity_gate:KOSPI
2026-04-29 18:00:03,301	DROP	039130	하나투어	trend_gate
2026-04-29 18:00:03,677	DROP	008730	율촌화학	trend_gate
2026-04-29 18:00:08,751	DROP	001530	DI동일	trend_gate
2026-04-29 18:00:09,112	DROP	002960	한국쉘석유	liquidity_gate:KOSPI
2026-04-29 18:00:09,474	DROP	005250	녹십자홀딩스	trend_gate
2026-04-29 18:00:09,809	DROP	125490	한라캐스트	insufficient_rows:169
2026-04-29 18:00:10,190	DROP	003000	부광약품	trend_gate
2026-04-29 18:00:15,297	DROP	107640	한중엔시에스	volume_drought_gate
2026-04-29 18:00:15,687	DROP	001570	금양	trend_gate
2026-04-29 18:00:16,088	DROP	019210	와이지-원	volume_drought_gate
2026-04-29 18:00:16,452	DROP	042000	카페24	trend_gate
2026-04-29 18:00:16,842	DROP	019170	신풍제약	trend_gate
2026-04-29 18:00:17,220	DROP	099190	아이센스	trend_gate
2026-04-29 18:00:17,602	DROP	006380	카프로	trend_gate
2026-04-29 18:00:17,958	DROP	452260	한화갤러리아	trend_gate
2026-04-29 18:00:18,318	DROP	017900	광전자	52w_ceiling_gate
2026-04-29 18:00:18,656	DROP	448900	한국피아이엠	trend_gate
2026-04-29 18:00:19,024	DROP	025900	동화기업	liquidity_gate:KOSDAQ
2026-04-29 18:00:19,407	DROP	122640	예스티	volume_drought_gate
2026-04-29 18:00:19,794	DROP	020000	한섬	liquidity_gate:KOSPI
2026-04-29 18:00:20,187	DROP	036620	감성코퍼레이션	trend_gate
2026-04-29 18:00:20,572	DROP	006910	보성파워텍	trend_gate
2026-04-29 18:00:20,960	DROP	018290	브이티	trend_gate
2026-04-29 18:00:21,340	DROP	268280	미원에스씨	trend_gate
2026-04-29 18:00:21,706	DROP	039440	에스티아이	trend_gate
2026-04-29 18:00:22,082	DROP	009410	태영건설	52w_ceiling_gate
2026-04-29 18:00:22,457	DROP	016610	DB증권	trend_gate
2026-04-29 18:00:22,825	DROP	119850	지엔씨에너지	trend_gate
2026-04-29 18:00:23,226	DROP	045100	한양이엔지	volume_drought_gate
2026-04-29 18:00:23,574	DROP	287840	인투셀	trend_gate
2026-04-29 18:00:23,957	DROP	047920	HLB제약	liquidity_gate:KOSDAQ
2026-04-29 18:00:24,366	DROP	105840	우진	trend_gate
2026-04-29 18:00:24,695	DROP	0120G0	삼양바이오팜	insufficient_rows:106
2026-04-29 18:00:25,081	DROP	001200	유진투자증권	volume_drought_gate
2026-04-29 18:00:25,471	DROP	064260	다날	trend_gate
2026-04-29 18:00:25,847	DROP	041190	우리기술투자	trend_gate
2026-04-29 18:00:26,203	DROP	092790	넥스틸	volume_drought_gate
2026-04-29 18:00:26,757	DROP	488900	비츠로넥스텍	insufficient_rows:107
2026-04-29 18:00:27,135	DROP	025320	시노펙스	trend_gate
2026-04-29 18:00:27,720	DROP	002710	TCC스틸	trend_gate
2026-04-29 18:00:28,361	DROP	284740	쿠쿠홈시스	trend_gate
2026-04-29 18:00:29,181	DROP	101160	월덱스	liquidity_gate:KOSDAQ
2026-04-29 18:00:29,796	DROP	002030	아세아	trend_gate
2026-04-29 18:00:30,203	DROP	484590	삼양컴텍	insufficient_rows:171
2026-04-29 18:00:36,260	DROP	000070	삼양홀딩스	trend_gate
2026-04-29 18:00:36,684	DROP	950210	프레스티지바이오파마	trend_gate
2026-04-29 18:00:37,081	DROP	381970	케이카	trend_gate
2026-04-29 18:00:37,500	DROP	058430	포스코스틸리온	volume_drought_gate
2026-04-29 18:00:37,873	DROP	003300	한일홀딩스	trend_gate
2026-04-29 18:00:38,329	DROP	211050	인카금융서비스	trend_gate
2026-04-29 18:00:43,444	DROP	004690	삼천리	trend_gate
2026-04-29 18:00:43,812	DROP	031430	신세계인터내셔날	liquidity_gate:KOSPI
2026-04-29 18:00:44,192	DROP	034310	NICE	trend_gate
2026-04-29 18:00:44,546	DROP	394280	오픈엣지테크놀로지	volume_drought_gate
2026-04-29 18:00:44,903	DROP	290550	디케이티	volume_drought_gate
2026-04-29 18:00:45,269	DROP	251970	펌텍코리아	trend_gate
2026-04-29 18:00:45,634	DROP	008060	대덕	liquidity_gate:KOSPI
2026-04-29 18:00:45,979	DROP	424870	이뮨온시아	trend_gate
2026-04-29 18:00:46,357	DROP	013030	하이록코리아	liquidity_gate:KOSDAQ
2026-04-29 18:00:46,742	DROP	168360	펨트론	trend_gate
2026-04-29 18:00:47,099	DROP	453340	현대그린푸드	liquidity_gate:KOSPI
2026-04-29 18:00:47,491	DROP	067630	HLB생명과학	trend_gate
2026-04-29 18:00:47,839	DROP	377740	바이오노트	trend_gate
2026-04-29 18:00:48,193	DROP	016590	신대양제지	trend_gate
2026-04-29 18:00:48,568	DROP	317330	덕산테코피아	volume_drought_gate
2026-04-29 18:00:49,003	DROP	101730	위메이드맥스	trend_gate
2026-04-29 18:00:49,377	DROP	069540	빛과전자	52w_ceiling_gate
2026-04-29 18:00:49,750	DROP	093320	케이아이엔엑스	trend_gate
2026-04-29 18:00:50,111	DROP	306200	세아제강	liquidity_gate:KOSPI
2026-04-29 18:00:50,481	DROP	340570	티앤엘	liquidity_gate:KOSDAQ
2026-04-29 18:00:50,847	DROP	015860	일진홀딩스	liquidity_gate:KOSPI
2026-04-29 18:00:51,223	DROP	079370	제우스	trend_gate
2026-04-29 18:00:51,633	DROP	027410	BGF	liquidity_gate:KOSPI
2026-04-29 18:00:51,973	DROP	0088M0	메쥬	insufficient_rows:25
2026-04-29 18:00:52,356	DROP	170920	엘티씨	volume_drought_gate
2026-04-29 18:00:52,743	DROP	145990	삼양사	trend_gate
2026-04-29 18:00:53,098	DROP	0082N0	카나프테라퓨틱스	insufficient_rows:33
2026-04-29 18:00:53,486	DROP	215200	메가스터디교육	trend_gate
2026-04-29 18:00:53,871	DROP	030520	한글과컴퓨터	trend_gate
2026-04-29 18:00:54,244	DROP	114810	한솔아이원스	volume_drought_gate
2026-04-29 18:00:54,664	DROP	064820	케이프	volume_drought_gate
2026-04-29 18:00:55,042	DROP	215600	신라젠	trend_gate
2026-04-29 18:00:55,406	DROP	230360	에코마케팅	trend_gate
2026-04-29 18:00:56,127	DROP	078130	국일제지	trend_gate
2026-04-29 18:00:56,478	DROP	126720	수산인더스트리	liquidity_gate:KOSPI
2026-04-29 18:00:56,849	DROP	095660	네오위즈	trend_gate
2026-04-29 18:00:57,223	DROP	029530	신도리코	trend_gate
2026-04-29 18:00:57,608	DROP	110990	디아이티	liquidity_gate:KOSDAQ
2026-04-29 18:00:57,994	DROP	092870	엑시콘	volume_drought_gate
2026-04-29 18:00:58,391	DROP	389650	넥스트바이오메디컬	trend_gate
2026-04-29 18:00:58,774	DROP	006220	제주은행	trend_gate
2026-04-29 18:00:59,177	DROP	078350	한양디지텍	volume_drought_gate
2026-04-29 18:00:59,557	DROP	117730	티로보틱스	trend_gate
2026-04-29 18:00:59,895	DROP	0001A0	덕양에너젠	insufficient_rows:60
2026-04-29 18:01:00,292	DROP	206650	유바이오로직스	trend_gate
2026-04-29 18:01:00,677	DROP	101930	인화정공	liquidity_gate:KOSDAQ
2026-04-29 18:01:01,019	DROP	308430	셀비온	liquidity_gate:KOSDAQ
2026-04-29 18:01:01,436	DROP	034950	한국기업평가	trend_gate
2026-04-29 18:01:01,870	DROP	105630	한세실업	trend_gate
2026-04-29 18:01:02,248	DROP	192650	드림텍	trend_gate
2026-04-29 18:01:02,615	DROP	241520	DSC인베스트먼트	trend_gate
2026-04-29 18:01:02,989	DROP	138080	오이솔루션	trend_gate
2026-04-29 18:01:08,064	DROP	344820	KCC글라스	trend_gate
2026-04-29 18:01:08,438	DROP	017810	풀무원	trend_gate
2026-04-29 18:01:08,801	DROP	145720	덴티움	trend_gate
2026-04-29 18:01:09,183	DROP	084010	대한제강	trend_gate
2026-04-29 18:01:09,554	DROP	419530	SAMG엔터	trend_gate
2026-04-29 18:01:09,932	DROP	004700	조광피혁	trend_gate
2026-04-29 18:01:10,285	DROP	455900	엔젤로보틱스	trend_gate
2026-04-29 18:01:10,763	DROP	180400	DXVX	trend_gate
2026-04-29 18:01:11,145	DROP	091700	파트론	trend_gate
2026-04-29 18:01:11,498	DROP	304360	에스바이오메딕스	trend_gate
2026-04-29 18:01:11,880	DROP	042370	비츠로테크	volume_drought_gate
2026-04-29 18:01:12,300	DROP	089980	상아프론테크	liquidity_gate:KOSDAQ
2026-04-29 18:01:12,671	DROP	072710	농심홀딩스	trend_gate
2026-04-29 18:01:13,016	DROP	403550	쏘카	trend_gate
2026-04-29 18:01:13,391	DROP	078020	LS증권	trend_gate
2026-04-29 18:01:13,778	DROP	389260	대명에너지	trend_gate
2026-04-29 18:01:14,160	DROP	010690	화신	trend_gate
2026-04-29 18:01:14,557	DROP	001250	GS글로벌	volume_drought_gate
2026-04-29 18:01:14,924	DROP	234340	헥토파이낸셜	trend_gate
2026-04-29 18:01:15,309	DROP	015360	INVENI	liquidity_gate:KOSPI
2026-04-29 18:01:15,685	DROP	042520	한스바이오메드	trend_gate
2026-04-29 18:01:16,032	DROP	376270	HEM파마	trend_gate
2026-04-29 18:01:16,384	DROP	389500	에스비비테크	volume_drought_gate
2026-04-29 18:01:16,773	DROP	183190	아세아시멘트	trend_gate
2026-04-29 18:01:21,883	DROP	228760	지노믹트리	trend_gate
2026-04-29 18:01:22,224	DROP	394800	쓰리빌리언	trend_gate
2026-04-29 18:01:22,645	DROP	170900	동아에스티	trend_gate
2026-04-29 18:01:27,684	DROP	378340	필에너지	volume_drought_gate
2026-04-29 18:01:28,057	DROP	089590	제주항공	trend_gate
2026-04-29 18:01:28,440	DROP	029460	케이씨	liquidity_gate:KOSPI
2026-04-29 18:01:28,845	DROP	450950	아스테라시스	trend_gate
2026-04-29 18:01:29,236	DROP	160980	싸이맥스	volume_drought_gate
2026-04-29 18:01:29,645	DROP	194370	제이에스코퍼레이션	liquidity_gate:KOSPI
2026-04-29 18:01:30,006	DROP	330860	네패스아크	volume_drought_gate
2026-04-29 18:01:30,352	DROP	017860	DS단석	trend_gate
2026-04-29 18:01:30,720	DROP	011760	현대코퍼레이션	liquidity_gate:KOSPI
2026-04-29 18:01:31,091	DROP	005610	삼립	trend_gate
2026-04-29 18:01:31,467	DROP	001390	KG케미칼	liquidity_gate:KOSPI
2026-04-29 18:01:31,844	DROP	069080	웹젠	trend_gate
2026-04-29 18:01:32,203	DROP	494120	큐리오시스	insufficient_rows:113
2026-04-29 18:01:32,547	DROP	482630	삼양엔씨켐	volume_drought_gate
2026-04-29 18:01:32,939	DROP	220100	퓨쳐켐	trend_gate
2026-04-29 18:01:33,307	DROP	025770	한국정보통신	52w_ceiling_gate
2026-04-29 18:01:33,641	DROP	0008Z0	에스엔시스	insufficient_rows:170
2026-04-29 18:01:34,066	DROP	009290	광동제약	trend_gate
2026-04-29 18:01:39,433	DROP	114190	강원에너지	volume_drought_gate
2026-04-29 18:01:39,828	DROP	243840	신흥에스이씨	volume_drought_gate
2026-04-29 18:01:40,250	DROP	204620	글로벌텍스프리	trend_gate
2026-04-29 18:01:40,648	DROP	352480	씨앤씨인터내셔널	trend_gate
2026-04-29 18:01:41,079	DROP	016800	퍼시스	trend_gate
2026-04-29 18:01:41,425	DROP	478340	나라스페이스테크놀로지	insufficient_rows:89
2026-04-29 18:01:41,831	DROP	097520	엠씨넥스	trend_gate
2026-04-29 18:01:42,228	DROP	200670	휴메딕스	trend_gate
2026-04-29 18:01:42,640	DROP	012030	DB	trend_gate
2026-04-29 18:01:47,823	DROP	034830	한국토지신탁	trend_gate
2026-04-29 18:01:48,205	DROP	007690	국도화학	liquidity_gate:KOSPI
2026-04-29 18:01:48,548	DROP	452280	한선엔지니어링	volume_drought_gate
2026-04-29 18:01:48,888	DROP	298830	슈어소프트테크	trend_gate
2026-04-29 18:01:49,268	DROP	026890	스틱인베스트먼트	trend_gate
2026-04-29 18:01:49,642	DROP	018250	애경산업	trend_gate
2026-04-29 18:01:50,053	DROP	041830	인바디	trend_gate
2026-04-29 18:01:50,447	DROP	036890	진성티이씨	liquidity_gate:KOSDAQ
2026-04-29 18:01:50,904	DROP	078340	컴투스	trend_gate
2026-04-29 18:01:51,305	DROP	046120	오르비텍	volume_drought_gate
2026-04-29 18:01:51,704	DROP	079940	가비아	liquidity_gate:KOSDAQ
2026-04-29 18:01:52,070	DROP	041920	메디아나	trend_gate
2026-04-29 18:01:52,470	DROP	060980	HL홀딩스	trend_gate
2026-04-29 18:01:52,872	DROP	078520	에이블씨엔씨	liquidity_gate:KOSPI
2026-04-29 18:01:53,257	DROP	365270	큐라클	trend_gate
2026-04-29 18:01:53,659	DROP	009160	SIMPAC	liquidity_gate:KOSPI
2026-04-29 18:01:54,027	DROP	005010	휴스틸	volume_drought_gate
2026-04-29 18:01:54,410	DROP	003720	삼영	volume_drought_gate
2026-04-29 18:01:54,743	DROP	318060	그래피	insufficient_rows:166
2026-04-29 18:01:55,125	DROP	179900	유티아이	trend_gate
2026-04-29 18:01:55,491	DROP	241770	메카로	trend_gate
2026-04-29 18:01:55,870	DROP	265520	AP시스템	liquidity_gate:KOSDAQ
2026-04-29 18:01:56,242	DROP	200880	서연이화	trend_gate
2026-04-29 18:01:56,607	DROP	086390	유니테스트	trend_gate
2026-04-29 18:01:56,998	DROP	104700	한국철강	trend_gate
2026-04-29 18:01:57,365	DROP	094360	칩스앤미디어	liquidity_gate:KOSDAQ
2026-04-29 18:01:57,722	DROP	091810	트리니티항공	trend_gate
2026-04-29 18:01:58,064	DROP	0015G0	그린광학	insufficient_rows:111
2026-04-29 18:01:58,445	DROP	064290	인텍플러스	volume_drought_gate
2026-04-29 18:01:58,822	DROP	230240	에치에프알	trend_gate
2026-04-29 18:01:59,195	DROP	073490	LIG아큐버	volume_drought_gate
2026-04-29 18:01:59,571	DROP	236200	슈프리마	liquidity_gate:KOSDAQ
2026-04-29 18:01:59,954	DROP	046970	우리로	trend_gate
2026-04-29 18:02:00,321	DROP	475400	씨메스로보틱스	trend_gate
2026-04-29 18:02:00,692	DROP	011500	한농화성	trend_gate
2026-04-29 18:02:01,067	DROP	005720	넥센	trend_gate
2026-04-29 18:02:01,466	DROP	144510	지씨셀	trend_gate
2026-04-29 18:02:01,839	DROP	084850	아이티엠반도체	liquidity_gate:KOSDAQ
2026-04-29 18:02:02,320	DROP	001940	KISCO홀딩스	trend_gate
2026-04-29 18:02:02,693	DROP	003800	에이스침대	trend_gate
2026-04-29 18:02:03,084	DROP	418550	제이오	volume_drought_gate
2026-04-29 18:02:03,474	DROP	002810	삼영무역	trend_gate
2026-04-29 18:02:03,837	DROP	093520	매커스	trend_gate
2026-04-29 18:02:04,206	DROP	092230	KPX홀딩스	liquidity_gate:KOSPI
2026-04-29 18:02:04,561	DROP	356680	엑스게이트	52w_ceiling_gate
2026-04-29 18:02:09,588	DROP	332570	PS일렉트로닉스	volume_drought_gate
2026-04-29 18:02:09,964	DROP	126560	현대퓨처넷	liquidity_gate:KOSPI
2026-04-29 18:02:10,342	DROP	065660	안트로젠	trend_gate
2026-04-29 18:02:10,709	DROP	091580	상신이디피	volume_drought_gate
2026-04-29 18:02:11,094	DROP	053030	바이넥스	trend_gate
2026-04-29 18:02:11,472	DROP	035890	서희건설	trend_gate
2026-04-29 18:02:11,816	DROP	099430	바이오플러스	trend_gate
2026-04-29 18:02:12,307	DROP	001750	한양증권	liquidity_gate:KOSPI
2026-04-29 18:02:12,662	DROP	014940	오리엔탈정공	trend_gate
2026-04-29 18:02:17,720	DROP	199820	제일일렉트릭	volume_drought_gate
2026-04-29 18:02:18,128	DROP	065680	우주일렉트로	trend_gate
2026-04-29 18:02:18,518	DROP	092220	KEC	volume_drought_gate
2026-04-29 18:02:18,877	DROP	355150	코스텍시스	volume_drought_gate
2026-04-29 18:02:19,276	DROP	200470	에이팩트	trend_gate
2026-04-29 18:02:19,642	DROP	000680	LS네트웍스	trend_gate
2026-04-29 18:02:20,001	DROP	036200	유니셈	liquidity_gate:KOSDAQ
2026-04-29 18:02:20,394	DROP	108860	셀바스AI	trend_gate
2026-04-29 18:02:20,796	DROP	001230	동국홀딩스	liquidity_gate:KOSPI
2026-04-29 18:02:21,143	DROP	448280	에코아이	trend_gate
2026-04-29 18:02:21,538	DROP	002310	아세아제지	trend_gate
2026-04-29 18:02:21,879	DROP	451760	컨텍	volume_drought_gate
2026-04-29 18:02:22,254	DROP	321550	티움바이오	volume_drought_gate
2026-04-29 18:02:27,293	DROP	474650	링크솔루션	trend_gate
2026-04-29 18:02:27,679	DROP	101360	에코앤드림	trend_gate
2026-04-29 18:02:28,039	DROP	425040	티이엠씨	volume_drought_gate
2026-04-29 18:02:28,420	DROP	088800	에이스테크	trend_gate
2026-04-29 18:02:28,786	DROP	004430	송원산업	trend_gate
2026-04-29 18:02:29,155	DROP	092730	네오팜	trend_gate
2026-04-29 18:02:29,533	DROP	035810	이지홀딩스	trend_gate
2026-04-29 18:02:29,890	DROP	314930	바이오다인	trend_gate
2026-04-29 18:02:30,235	DROP	452430	사피엔반도체	volume_drought_gate
2026-04-29 18:02:30,644	DROP	058970	엠로	trend_gate
2026-04-29 18:02:30,994	DROP	416180	신성에스티	trend_gate
2026-04-29 18:02:31,361	DROP	286940	롯데이노베이트	trend_gate
2026-04-29 18:02:31,739	DROP	092460	한라IMS	liquidity_gate:KOSDAQ
2026-04-29 18:02:32,093	DROP	084690	대상홀딩스	trend_gate
2026-04-29 18:02:32,475	DROP	136480	하림	liquidity_gate:KOSDAQ
2026-04-29 18:02:32,854	DROP	151860	KG에코솔루션	liquidity_gate:KOSDAQ
2026-04-29 18:02:33,247	DROP	200130	콜마비앤에이치	trend_gate
2026-04-29 18:02:33,617	DROP	043150	바텍	liquidity_gate:KOSDAQ
2026-04-29 18:02:33,958	DROP	338840	와이바이오로직스	trend_gate
2026-04-29 18:02:34,359	DROP	052710	아모텍	volume_drought_gate
2026-04-29 18:02:34,715	DROP	389020	자람테크놀로지	trend_gate
2026-04-29 18:02:35,134	DROP	051500	CJ프레시웨이	trend_gate
2026-04-29 18:02:35,633	DROP	024720	콜마홀딩스	trend_gate
2026-04-29 18:02:36,015	DROP	094480	갤럭시아머니트리	trend_gate
2026-04-29 18:02:36,397	DROP	049630	재영솔루텍	trend_gate
2026-04-29 18:02:36,789	DROP	900290	GRT	trend_gate
2026-04-29 18:02:37,151	DROP	018000	유니슨	trend_gate
2026-04-29 18:02:37,510	DROP	462350	이노스페이스	trend_gate
2026-04-29 18:02:37,885	DROP	322310	오로스테크놀로지	volume_drought_gate
2026-04-29 18:02:38,250	DROP	472850	폰드그룹	exception:TypeError
2026-04-29 18:02:38,641	DROP	001340	PKC	liquidity_gate:KOSPI
2026-04-29 18:02:39,023	DROP	060720	KH바텍	trend_gate
2026-04-29 18:02:39,408	DROP	123890	한국자산신탁	trend_gate
2026-04-29 18:02:39,800	DROP	054210	이랜텍	volume_drought_gate
2026-04-29 18:02:40,165	DROP	272450	진에어	trend_gate
2026-04-29 18:02:40,538	DROP	095500	미래나노텍	trend_gate
2026-04-29 18:02:40,918	DROP	900140	엘브이엠씨홀딩스	trend_gate
2026-04-29 18:02:41,279	DROP	045390	대아티아이	trend_gate
2026-04-29 18:02:41,651	DROP	037270	YG PLUS	trend_gate
2026-04-29 18:02:42,002	DROP	061970	LB세미콘	volume_drought_gate
2026-04-29 18:02:42,364	DROP	272110	케이엔제이	volume_drought_gate
2026-04-29 18:02:42,744	DROP	002900	TYM	liquidity_gate:KOSPI
2026-04-29 18:02:43,129	DROP	232530	이엠티	liquidity_gate:KOSDAQ
2026-04-29 18:02:43,564	DROP	003520	영진약품	trend_gate
2026-04-29 18:02:43,942	DROP	094820	일진파워	volume_drought_gate
2026-04-29 18:02:44,316	DROP	033270	유나이티드제약	liquidity_gate:KOSPI
2026-04-29 18:02:44,697	DROP	445090	에이직랜드	trend_gate
2026-04-29 18:02:45,082	DROP	128820	대성산업	trend_gate
2026-04-29 18:02:45,439	DROP	051370	인터플렉스	liquidity_gate:KOSDAQ
2026-04-29 18:02:45,814	DROP	067390	아스트	trend_gate
2026-04-29 18:02:46,203	DROP	009470	삼화전기	volume_drought_gate
2026-04-29 18:02:46,581	DROP	049070	인탑스	trend_gate
2026-04-29 18:02:46,959	DROP	096760	JW홀딩스	trend_gate
2026-04-29 18:02:47,336	DROP	005680	삼영전자	liquidity_gate:KOSPI
2026-04-29 18:02:47,707	DROP	215000	골프존	trend_gate
2026-04-29 18:02:48,047	DROP	394420	리센스메디컬	insufficient_rows:22
2026-04-29 18:02:48,432	DROP	023410	유진기업	trend_gate
2026-04-29 18:02:48,837	DROP	017390	서울가스	trend_gate
2026-04-29 18:02:49,205	DROP	357550	석경에이티	trend_gate
2026-04-29 18:02:49,570	DROP	243070	휴온스	trend_gate
2026-04-29 18:02:49,940	DROP	003920	남양유업	trend_gate
2026-04-29 18:02:50,314	DROP	001780	알루코	volume_drought_gate
2026-04-29 18:02:50,682	DROP	035600	KG이니시스	liquidity_gate:KOSDAQ
2026-04-29 18:02:51,053	DROP	053690	한미글로벌	trend_gate
2026-04-29 18:02:51,435	DROP	099440	스맥	trend_gate
2026-04-29 18:02:51,803	DROP	251370	와이엠티	volume_drought_gate
2026-04-29 18:02:52,168	DROP	001460	BYC	trend_gate
2026-04-29 18:02:52,556	DROP	035510	신세계 I&C	liquidity_gate:KOSPI
2026-04-29 18:02:52,900	DROP	475560	더본코리아	trend_gate
2026-04-29 18:02:53,271	DROP	064850	에프앤가이드	liquidity_gate:KOSDAQ
2026-04-29 18:02:53,666	DROP	004360	세방	liquidity_gate:KOSPI
2026-04-29 18:02:54,043	DROP	005950	이수화학	volume_drought_gate
2026-04-29 18:02:54,422	DROP	274090	켄코아에어로스페이스	trend_gate
2026-04-29 18:02:59,463	DROP	092200	디아이씨	trend_gate
2026-04-29 18:02:59,832	DROP	023760	한국캐피탈	trend_gate
2026-04-29 18:03:00,185	DROP	432720	퀄리타스반도체	volume_drought_gate
2026-04-29 18:03:00,556	DROP	115450	HLB테라퓨틱스	trend_gate
2026-04-29 18:03:00,891	DROP	0007C0	아크릴	insufficient_rows:90
2026-04-29 18:03:01,240	DROP	112290	와이씨켐	trend_gate
2026-04-29 18:03:01,635	DROP	138360	앤로보틱스	volume_drought_gate
2026-04-29 18:03:01,976	DROP	012210	삼미금속	exception:TypeError
2026-04-29 18:03:02,357	DROP	003120	일성아이에스	trend_gate
2026-04-29 18:03:02,730	DROP	037710	광주신세계	trend_gate
2026-04-29 18:03:03,070	DROP	382900	범한퓨얼셀	liquidity_gate:KOSDAQ
2026-04-29 18:03:03,435	DROP	294570	쿠콘	trend_gate
2026-04-29 18:03:03,825	DROP	011690	와이투솔루션	trend_gate
2026-04-29 18:03:04,183	DROP	054950	제이브이엠	trend_gate
2026-04-29 18:03:04,601	DROP	138610	나이벡	trend_gate
2026-04-29 18:03:04,976	DROP	254490	미래반도체	trend_gate
2026-04-29 18:03:05,399	DROP	092190	서울바이오시스	liquidity_gate:KOSDAQ
2026-04-29 18:03:05,741	DROP	459510	나우로보틱스	trend_gate
2026-04-29 18:03:06,111	DROP	002320	한진	trend_gate
2026-04-29 18:03:06,478	DROP	108670	LX하우시스	liquidity_gate:KOSPI
2026-04-29 18:03:06,842	DROP	304100	솔트룩스	trend_gate
2026-04-29 18:03:07,232	DROP	219130	타이거일렉	liquidity_gate:KOSDAQ
2026-04-29 18:03:07,627	DROP	003960	사조대림	trend_gate
2026-04-29 18:03:08,022	DROP	017890	한국알콜	liquidity_gate:KOSDAQ
2026-04-29 18:03:08,450	DROP	003200	일신방직	trend_gate
2026-04-29 18:03:08,884	DROP	003070	코오롱글로벌	liquidity_gate:KOSPI
2026-04-29 18:03:09,273	DROP	108380	대양전기공업	trend_gate
2026-04-29 18:03:09,663	DROP	000320	노루홀딩스	trend_gate
2026-04-29 18:03:10,019	DROP	372170	윤성에프앤씨	trend_gate
2026-04-29 18:03:19,767	DROP	000490	대동	trend_gate
2026-04-29 18:03:20,120	DROP	464080	에스오에스랩	trend_gate
2026-04-29 18:03:25,177	DROP	241590	화승엔터프라이즈	trend_gate
2026-04-29 18:03:25,544	DROP	034120	SBS	trend_gate
2026-04-29 18:03:25,966	DROP	221800	지구홀딩스	trend_gate
2026-04-29 18:03:26,307	DROP	474170	루미르	trend_gate
2026-04-29 18:03:26,683	DROP	004980	성신양회	liquidity_gate:KOSPI
2026-04-29 18:03:27,053	DROP	036800	나이스정보통신	liquidity_gate:KOSDAQ
2026-04-29 18:03:27,434	DROP	000650	천일고속	trend_gate
2026-04-29 18:03:27,808	DROP	012860	모베이스전자	trend_gate
2026-04-29 18:03:28,146	DROP	226590	엠디바이스	trend_gate
2026-04-29 18:03:28,505	DROP	226320	잇츠한불	trend_gate
2026-04-29 18:03:28,885	DROP	000540	흥국화재	trend_gate
2026-04-29 18:03:29,261	DROP	144960	뉴파워프라즈마	liquidity_gate:KOSDAQ
2026-04-29 18:03:29,626	DROP	086820	바이오솔루션	trend_gate
2026-04-29 18:03:29,985	DROP	199430	케이엔알시스템	trend_gate
2026-04-29 18:03:30,366	DROP	126700	하이비젼시스템	trend_gate
2026-04-29 18:03:30,726	DROP	013890	지누스	trend_gate
2026-04-29 18:03:31,106	DROP	008350	남선알미늄	trend_gate
2026-04-29 18:03:31,483	DROP	004310	현대약품	trend_gate
2026-04-29 18:03:31,871	DROP	092070	디엔에프	liquidity_gate:KOSDAQ
2026-04-29 18:03:32,250	DROP	083310	엘오티베큠	liquidity_gate:KOSDAQ
2026-04-29 18:03:32,620	DROP	255220	SG	trend_gate
2026-04-29 18:03:32,984	DROP	194480	데브시스터즈	trend_gate
2026-04-29 18:03:33,389	DROP	043370	피에이치에이	liquidity_gate:KOSDAQ
2026-04-29 18:03:33,752	DROP	382800	지앤비에스 에코	volume_drought_gate
2026-04-29 18:03:34,131	DROP	289930	웨이비스	volume_drought_gate
2026-04-29 18:03:34,550	DROP	064550	바이오니아	trend_gate
2026-04-29 18:03:39,569	DROP	488280	에스투더블유	insufficient_rows:147
2026-04-29 18:03:39,943	DROP	134380	미원화학	liquidity_gate:KOSPI
2026-04-29 18:03:40,316	DROP	000050	경방	trend_gate
2026-04-29 18:03:40,691	DROP	005710	대원산업	trend_gate
2026-04-29 18:03:41,056	DROP	039860	나노엔텍	trend_gate
2026-04-29 18:03:41,426	DROP	256840	한국비엔씨	trend_gate
2026-04-29 18:03:41,804	DROP	067080	대화제약	trend_gate
2026-04-29 18:03:42,183	DROP	078070	유비쿼스홀딩스	trend_gate
2026-04-29 18:03:42,552	DROP	194700	노바렉스	trend_gate
2026-04-29 18:03:42,889	DROP	484810	티엑스알로보틱스	52w_ceiling_gate
2026-04-29 18:03:43,258	DROP	084680	이월드	liquidity_gate:KOSPI
2026-04-29 18:03:43,637	DROP	203650	드림시큐리티	52w_ceiling_gate
2026-04-29 18:03:44,018	DROP	267980	매일유업	trend_gate
2026-04-29 18:03:44,393	DROP	004560	현대비앤지스틸	trend_gate
2026-04-29 18:03:44,747	DROP	439090	마녀공장	trend_gate
2026-04-29 18:03:45,125	DROP	018310	삼목에스폼	trend_gate
2026-04-29 18:03:45,503	DROP	030210	다올투자증권	trend_gate
2026-04-29 18:03:45,850	DROP	338220	뷰노	trend_gate
2026-04-29 18:03:46,230	DROP	357580	아모센스	trend_gate
2026-04-29 18:03:46,728	DROP	053300	한국정보인증	trend_gate
2026-04-29 18:03:47,122	DROP	293580	나우IB	volume_drought_gate
2026-04-29 18:03:47,497	DROP	214180	헥토이노베이션	trend_gate
2026-04-29 18:03:47,896	DROP	079960	동양이엔피	trend_gate
2026-04-29 18:03:48,283	DROP	000390	삼화페인트	trend_gate
2026-04-29 18:03:48,673	DROP	042600	새로닉스	liquidity_gate:KOSDAQ
2026-04-29 18:03:49,053	DROP	004710	한솔테크닉스	trend_gate
2026-04-29 18:03:49,441	DROP	078150	HB테크놀러지	volume_drought_gate
2026-04-29 18:03:49,818	DROP	314130	지놈앤컴퍼니	trend_gate
2026-04-29 18:03:50,165	DROP	481070	에이유브랜즈	trend_gate
2026-04-29 18:03:50,539	DROP	000430	대원강업	liquidity_gate:KOSPI
2026-04-29 18:03:50,883	DROP	309710	아이티켐	insufficient_rows:177
2026-04-29 18:03:51,266	DROP	190510	나무가	trend_gate
2026-04-29 18:03:51,645	DROP	001790	대한제당	trend_gate
2026-04-29 18:03:52,023	DROP	058820	CMG제약	trend_gate
2026-04-29 18:03:52,410	DROP	007160	사조산업	trend_gate
2026-04-29 18:03:52,765	DROP	462860	더즌	trend_gate
2026-04-29 18:03:53,141	DROP	182400	엔케이젠바이오텍코리아	trend_gate
2026-04-29 18:03:53,514	DROP	034810	해성산업	trend_gate
2026-04-29 18:03:53,852	DROP	0004V0	엔비알모션	insufficient_rows:72
2026-04-29 18:03:54,210	DROP	402030	코난테크놀로지	trend_gate
2026-04-29 18:03:54,620	DROP	126600	BGF에코머티리얼즈	trend_gate
2026-04-29 18:03:55,089	DROP	001130	대한제분	trend_gate
2026-04-29 18:03:55,458	DROP	013580	계룡건설	liquidity_gate:KOSPI
2026-04-29 18:03:55,870	DROP	051360	토비스	trend_gate
2026-04-29 18:03:56,244	DROP	013120	동원개발	trend_gate
2026-04-29 18:03:56,621	DROP	299030	하나기술	liquidity_gate:KOSDAQ
2026-04-29 18:03:56,978	DROP	0011A0	액스비스	insufficient_rows:38
2026-04-29 18:03:57,326	DROP	403850	더핑크퐁컴퍼니	insufficient_rows:110
2026-04-29 18:03:57,737	DROP	353810	이지바이오	liquidity_gate:KOSDAQ
2026-04-29 18:03:58,113	DROP	216080	제테마	trend_gate
2026-04-29 18:03:58,453	DROP	457550	우진엔텍	trend_gate
2026-04-29 18:03:58,821	DROP	176750	듀켐바이오	trend_gate
2026-04-29 18:03:59,238	DROP	136490	선진	trend_gate
2026-04-29 18:03:59,619	DROP	206640	바디텍메드	trend_gate
2026-04-29 18:03:59,993	DROP	125210	아모그린텍	volume_drought_gate
2026-04-29 18:04:00,379	DROP	122900	아이마켓코리아	trend_gate
2026-04-29 18:04:00,735	DROP	452450	피아이이	trend_gate
2026-04-29 18:04:01,108	DROP	041020	폴라리스오피스	trend_gate
2026-04-29 18:04:01,473	DROP	211270	AP위성	trend_gate
2026-04-29 18:04:01,864	DROP	121800	비덴트	trend_gate
2026-04-29 18:04:06,928	DROP	469610	이노테크	insufficient_rows:117
2026-04-29 18:04:07,266	DROP	125020	티씨머티리얼즈	trend_gate
2026-04-29 18:04:07,638	DROP	033920	무학	trend_gate
2026-04-29 18:04:08,024	DROP	095700	제넥신	trend_gate
2026-04-29 18:04:08,427	DROP	024060	흥구석유	trend_gate
2026-04-29 18:04:08,803	DROP	119610	인터로조	liquidity_gate:KOSDAQ
2026-04-29 18:04:09,170	DROP	297090	씨에스베어링	liquidity_gate:KOSDAQ
2026-04-29 18:04:09,532	DROP	377460	큐에이드	trend_gate
2026-04-29 18:04:09,919	DROP	005500	삼진제약	trend_gate
2026-04-29 18:04:10,259	DROP	461300	아이스크림미디어	trend_gate
2026-04-29 18:04:10,638	DROP	035150	백산	trend_gate
2026-04-29 18:04:11,008	DROP	036030	케이티알파	trend_gate
2026-04-29 18:04:11,397	DROP	100120	뷰웍스	liquidity_gate:KOSDAQ
2026-04-29 18:04:11,737	DROP	380550	뉴로핏	insufficient_rows:186
2026-04-29 18:04:12,137	DROP	117580	대성에너지	trend_gate
2026-04-29 18:04:12,508	DROP	405100	큐알티	volume_drought_gate
2026-04-29 18:04:12,891	DROP	001630	종근당홀딩스	trend_gate
2026-04-29 18:04:13,285	DROP	004380	삼익THK	trend_gate
2026-04-29 18:04:13,626	DROP	950250	테라뷰	insufficient_rows:95
2026-04-29 18:04:13,998	DROP	285490	노바텍	trend_gate
2026-04-29 18:04:14,343	DROP	484120	도우인시스	insufficient_rows:188
2026-04-29 18:04:14,721	DROP	237880	클리오	trend_gate
2026-04-29 18:04:15,086	DROP	102120	어보브반도체	volume_drought_gate
2026-04-29 18:04:15,476	DROP	950140	잉글우드랩	trend_gate
2026-04-29 18:04:15,861	DROP	065710	서호전기	trend_gate
2026-04-29 18:04:16,244	DROP	011560	세보엠이씨	liquidity_gate:KOSDAQ
2026-04-29 18:04:16,589	DROP	487570	HS효성	trend_gate
2026-04-29 18:04:16,934	DROP	209640	와이제이링크	volume_drought_gate
2026-04-29 18:04:17,309	DROP	244920	에이플러스에셋	trend_gate
2026-04-29 18:04:17,702	DROP	028100	동아지질	liquidity_gate:KOSPI
2026-04-29 18:04:18,075	DROP	009680	모토닉	trend_gate
2026-04-29 18:04:18,460	DROP	036190	금화피에스시	liquidity_gate:KOSDAQ
2026-04-29 18:04:18,837	DROP	073010	케이에스피	trend_gate
2026-04-29 18:04:19,209	DROP	095570	AJ네트웍스	liquidity_gate:KOSPI
2026-04-29 18:04:19,576	DROP	003220	대원제약	trend_gate
2026-04-29 18:04:19,943	DROP	234690	녹십자웰빙	trend_gate
2026-04-29 18:04:20,297	DROP	371950	풍원정밀	trend_gate
2026-04-29 18:04:20,685	DROP	210980	SK디앤디	trend_gate
2026-04-29 18:04:21,078	DROP	270660	에브리봇	trend_gate
2026-04-29 18:04:21,455	DROP	000480	CR홀딩스	trend_gate
2026-04-29 18:04:21,844	DROP	002150	도화엔지니어링	liquidity_gate:KOSPI
2026-04-29 18:04:22,229	DROP	019010	베뉴지	trend_gate
2026-04-29 18:04:22,617	DROP	083930	아바코	liquidity_gate:KOSDAQ
2026-04-29 18:04:22,954	DROP	061090	세나테크놀로지	insufficient_rows:112
2026-04-29 18:04:23,314	DROP	298690	에어부산	trend_gate
2026-04-29 18:04:23,672	DROP	417010	나노팀	trend_gate
2026-04-29 18:04:24,059	DROP	025000	KPX케미칼	liquidity_gate:KOSPI
2026-04-29 18:04:24,451	DROP	260870	SK시그넷	trend_gate
2026-04-29 18:04:24,840	DROP	053210	스카이라이프	trend_gate
2026-04-29 18:04:25,234	DROP	008490	서흥	trend_gate
2026-04-29 18:04:25,614	DROP	123330	제닉	trend_gate
2026-04-29 18:04:26,037	DROP	039840	디오	trend_gate
2026-04-29 18:04:26,411	DROP	003610	방림	trend_gate
2026-04-29 18:04:26,788	DROP	010580	에스엠벡셀	52w_ceiling_gate
2026-04-29 18:04:27,170	DROP	036560	KZ정밀	trend_gate
2026-04-29 18:04:27,559	DROP	293780	압타바이오	trend_gate
2026-04-29 18:04:27,934	DROP	018470	조일알미늄	volume_drought_gate
2026-04-29 18:04:28,307	DROP	104480	티케이케미칼	liquidity_gate:KOSDAQ
2026-04-29 18:04:28,706	DROP	203400	에이비온	trend_gate
2026-04-29 18:04:29,081	DROP	146320	비씨엔씨	liquidity_gate:KOSDAQ
2026-04-29 18:04:29,456	DROP	068930	디지털대성	trend_gate
2026-04-29 18:04:29,825	DROP	102260	동성케미컬	liquidity_gate:KOSPI
2026-04-29 18:04:30,219	DROP	033530	SJG세종	trend_gate
2026-04-29 18:04:30,589	DROP	007860	서연	trend_gate
2026-04-29 18:04:30,969	DROP	003350	한국화장품제조	trend_gate
2026-04-29 18:04:31,330	DROP	339770	교촌에프앤비	trend_gate
2026-04-29 18:04:31,723	DROP	000860	강남제비스코	trend_gate
2026-04-29 18:04:32,109	DROP	121440	골프존홀딩스	trend_gate
2026-04-29 18:04:32,489	DROP	016880	웅진	trend_gate
2026-04-29 18:04:32,863	DROP	118990	모트렉스	trend_gate
2026-04-29 18:04:33,213	DROP	445180	퓨릿	liquidity_gate:KOSDAQ
2026-04-29 18:04:38,259	DROP	147830	제룡산업	volume_drought_gate
2026-04-29 18:04:38,631	DROP	264660	씨앤지하이테크	liquidity_gate:KOSDAQ
2026-04-29 18:04:38,998	DROP	051980	중앙첨단소재	trend_gate
2026-04-29 18:04:39,376	DROP	005960	동부건설	liquidity_gate:KOSPI
2026-04-29 18:04:39,756	DROP	232680	라온로보틱스	liquidity_gate:KOSDAQ
2026-04-29 18:04:40,156	DROP	001080	만호제강	trend_gate
2026-04-29 18:04:40,542	DROP	016580	환인제약	trend_gate
2026-04-29 18:04:40,934	DROP	060150	인선이엔티	trend_gate
2026-04-29 18:04:41,283	DROP	101970	우양에이치씨	trend_gate
2026-04-29 18:04:41,655	DROP	007570	일양약품	trend_gate
2026-04-29 18:04:42,032	DROP	080160	모두투어	trend_gate
2026-04-29 18:04:42,391	DROP	140670	알에스오토메이션	trend_gate
2026-04-29 18:04:42,769	DROP	054450	텔레칩스	trend_gate
2026-04-29 18:04:43,321	DROP	264450	유비쿼스	trend_gate
2026-04-29 18:04:43,805	DROP	039570	HDC랩스	trend_gate
2026-04-29 18:04:44,244	DROP	259630	엠플러스	volume_drought_gate
2026-04-29 18:04:44,688	DROP	032620	GC메디아이	liquidity_gate:KOSDAQ
2026-04-29 18:04:45,097	DROP	307750	국전	trend_gate
2026-04-29 18:04:45,515	DROP	012610	경인양행	liquidity_gate:KOSPI
2026-04-29 18:04:45,875	DROP	377450	리파인	trend_gate
2026-04-29 18:04:46,236	DROP	460850	동국씨엠	liquidity_gate:KOSPI
2026-04-29 18:04:46,644	DROP	017510	세명전기	volume_drought_gate
2026-04-29 18:04:47,012	DROP	179290	엠아이텍	trend_gate
2026-04-29 18:04:47,370	DROP	950170	JTC	trend_gate
2026-04-29 18:04:47,717	DROP	489500	엘케이켐	trend_gate
2026-04-29 18:04:48,134	DROP	003650	미창석유	trend_gate
2026-04-29 18:04:48,517	DROP	081000	일진다이아	trend_gate
2026-04-29 18:04:48,894	DROP	039560	다산네트웍스	trend_gate
2026-04-29 18:04:49,275	DROP	123860	아나패스	trend_gate
2026-04-29 18:04:49,634	DROP	307180	아이엘	trend_gate
2026-04-29 18:04:50,018	DROP	002780	진흥기업	volume_drought_gate
2026-04-29 18:04:50,386	DROP	000140	하이트진로홀딩스	trend_gate
2026-04-29 18:04:50,762	DROP	002990	금호건설	liquidity_gate:KOSPI
2026-04-29 18:04:51,111	DROP	475230	엔알비	insufficient_rows:185
2026-04-29 18:04:51,474	DROP	453450	그리드위즈	volume_drought_gate
2026-04-29 18:04:51,855	DROP	271980	제일약품	trend_gate
2026-04-29 18:04:52,259	DROP	005160	동국산업	trend_gate
2026-04-29 18:04:52,653	DROP	054920	한컴위드	volume_drought_gate
2026-04-29 18:04:53,036	DROP	267320	나인테크	trend_gate
2026-04-29 18:04:53,410	DROP	037350	성도이엔지	liquidity_gate:KOSDAQ
2026-04-29 18:04:53,781	DROP	088130	동아엘텍	trend_gate
2026-04-29 18:04:54,141	DROP	418420	라온텍	volume_drought_gate
2026-04-29 18:04:54,525	DROP	102460	이연제약	trend_gate
2026-04-29 18:04:54,893	DROP	234080	JW생명과학	trend_gate
2026-04-29 18:04:55,277	DROP	040160	누리플렉스	liquidity_gate:KOSDAQ
2026-04-29 18:04:55,664	DROP	106190	하이텍팜	trend_gate
2026-04-29 18:04:56,015	DROP	380540	옵티코어	trend_gate
2026-04-29 18:04:56,396	DROP	052330	코텍	liquidity_gate:KOSDAQ
2026-04-29 18:04:56,731	DROP	340450	지씨지놈	trend_gate
2026-04-29 18:04:57,106	DROP	031440	신세계푸드	liquidity_gate:KOSPI
2026-04-29 18:04:57,486	DROP	008970	KBI동양철관	trend_gate
2026-04-29 18:04:57,865	DROP	056090	시지메드텍	trend_gate
2026-04-29 18:04:58,281	DROP	003460	유화증권	trend_gate
2026-04-29 18:04:58,680	DROP	122990	와이솔	liquidity_gate:KOSDAQ
2026-04-29 18:04:59,058	DROP	119830	아이텍	trend_gate
2026-04-29 18:04:59,447	DROP	308080	바이젠셀	52w_ceiling_gate
2026-04-29 18:04:59,825	DROP	115310	인포바인	trend_gate
2026-04-29 18:05:00,217	DROP	046440	KG파이낸셜	liquidity_gate:KOSDAQ
2026-04-29 18:05:00,592	DROP	213500	한솔제지	trend_gate
2026-04-29 18:05:00,959	DROP	004090	한국석유	trend_gate
2026-04-29 18:05:01,334	DROP	002230	피에스텍	trend_gate
2026-04-29 18:05:01,750	DROP	204610	티쓰리	liquidity_gate:KOSDAQ
2026-04-29 18:05:02,131	DROP	032940	원익	trend_gate
2026-04-29 18:05:02,540	DROP	101170	우림피티에스	trend_gate
2026-04-29 18:05:02,928	DROP	082800	비보존 제약	trend_gate
2026-04-29 18:05:03,308	DROP	036710	심텍홀딩스	liquidity_gate:KOSDAQ
2026-04-29 18:05:03,668	DROP	317400	자이에스앤디	liquidity_gate:KOSPI
2026-04-29 18:05:04,010	DROP	473980	노머스	trend_gate
2026-04-29 18:05:04,394	DROP	002100	경농	liquidity_gate:KOSPI
2026-04-29 18:05:04,782	DROP	123410	코리아에프티	trend_gate
2026-04-29 18:05:05,174	DROP	001360	삼성제약	liquidity_gate:KOSPI
2026-04-29 18:05:05,561	DROP	086890	이수앱지스	trend_gate
2026-04-29 18:05:05,946	DROP	100250	진양홀딩스	trend_gate
2026-04-29 18:05:06,329	DROP	000520	삼일제약	trend_gate
2026-04-29 18:05:06,741	DROP	220260	켐트로스	52w_ceiling_gate
2026-04-29 18:05:11,815	DROP	322180	LS티라유텍	liquidity_gate:KOSDAQ
2026-04-29 18:05:12,171	DROP	158430	아톤	trend_gate
2026-04-29 18:05:12,545	DROP	068790	DMS	trend_gate
2026-04-29 18:05:12,891	DROP	365330	에스와이스틸텍	trend_gate
2026-04-29 18:05:13,267	DROP	025820	이구산업	liquidity_gate:KOSPI
2026-04-29 18:05:13,663	DROP	012200	계양전기	trend_gate
2026-04-29 18:05:14,028	DROP	300080	플리토	trend_gate
2026-04-29 18:05:14,409	DROP	037070	파세코	liquidity_gate:KOSDAQ
2026-04-29 18:05:14,775	DROP	114840	아이패밀리에스씨	trend_gate
2026-04-29 18:05:15,155	DROP	001520	동양	trend_gate
2026-04-29 18:05:20,244	DROP	006060	화승인더	trend_gate
2026-04-29 18:05:20,608	DROP	322510	제이엘케이	trend_gate
2026-04-29 18:05:20,986	DROP	047310	파워로직스	trend_gate
2026-04-29 18:05:21,351	DROP	264850	이랜시스	trend_gate
2026-04-29 18:05:21,699	DROP	333430	일승	trend_gate
2026-04-29 18:05:22,092	DROP	217820	원익피앤이	trend_gate
2026-04-29 18:05:22,456	DROP	143160	아이디스	trend_gate
2026-04-29 18:05:22,812	DROP	282880	코윈테크	trend_gate
2026-04-29 18:05:23,199	DROP	071840	롯데하이마트	trend_gate
2026-04-29 18:05:23,573	DROP	038390	레드캡투어	trend_gate
2026-04-29 18:05:24,020	DROP	015230	대창단조	liquidity_gate:KOSPI
2026-04-29 18:05:24,384	DROP	009580	무림P&P	52w_ceiling_gate
2026-04-29 18:05:24,753	DROP	217270	넵튠	trend_gate
2026-04-29 18:05:25,127	DROP	115500	케이씨에스	52w_ceiling_gate
2026-04-29 18:05:25,473	DROP	290690	소룩스	trend_gate
2026-04-29 18:05:25,821	DROP	474610	RF시스템즈	trend_gate
2026-04-29 18:05:26,188	DROP	101530	해태제과식품	trend_gate
2026-04-29 18:05:26,535	DROP	446540	메가터치	liquidity_gate:KOSDAQ
2026-04-29 18:05:26,923	DROP	049080	기가레인	trend_gate
2026-04-29 18:05:27,286	DROP	163730	핑거	trend_gate
2026-04-29 18:05:27,661	DROP	048870	시너지이노베이션	trend_gate
2026-04-29 18:05:28,055	DROP	005430	한국공항	trend_gate
2026-04-29 18:05:28,442	DROP	187790	나노	volume_drought_gate
2026-04-29 18:05:28,834	DROP	016790	현대사료	trend_gate
2026-04-29 18:05:29,242	DROP	214420	토니모리	trend_gate
2026-04-29 18:05:29,693	DROP	140610	엔솔바이오사이언스	trend_gate
2026-04-29 18:05:30,044	DROP	334970	프레스티지바이오로직스	trend_gate
2026-04-29 18:05:30,416	DROP	003480	한진중공업홀딩스	liquidity_gate:KOSPI
2026-04-29 18:05:30,796	DROP	143240	사람인	liquidity_gate:KOSDAQ
2026-04-29 18:05:31,162	DROP	037560	LG헬로비전	trend_gate
2026-04-29 18:05:31,529	DROP	086980	쇼박스	liquidity_gate:KOSDAQ
2026-04-29 18:05:31,894	DROP	149950	아바텍	liquidity_gate:KOSDAQ
2026-04-29 18:05:32,264	DROP	008830	대동기어	trend_gate
2026-04-29 18:05:32,643	DROP	049430	코메론	trend_gate
2026-04-29 18:05:33,022	DROP	092130	이크레더블	trend_gate
2026-04-29 18:05:33,377	DROP	452190	한빛레이저	trend_gate
2026-04-29 18:05:33,741	DROP	290740	액트로	trend_gate
2026-04-29 18:05:34,139	DROP	016450	한세예스24홀딩스	trend_gate
2026-04-29 18:05:34,480	DROP	107600	새빗켐	trend_gate
2026-04-29 18:05:34,846	DROP	047770	코데즈컴바인	liquidity_gate:KOSDAQ
2026-04-29 18:05:35,226	DROP	009070	KCTC	trend_gate
2026-04-29 18:05:35,588	DROP	235980	메드팩토	trend_gate
2026-04-29 18:05:35,963	DROP	002170	SYTS	liquidity_gate:KOSPI
2026-04-29 18:05:36,337	DROP	053080	케이엔솔	trend_gate
2026-04-29 18:05:36,717	DROP	054540	삼영엠텍	trend_gate
2026-04-29 18:05:37,040	DROP	0007J0	인벤테라	insufficient_rows:20
2026-04-29 18:05:37,406	DROP	066620	국보디자인	trend_gate
2026-04-29 18:05:37,762	DROP	272550	삼양패키징	trend_gate
2026-04-29 18:05:38,125	DROP	042420	네오위즈홀딩스	trend_gate
2026-04-29 18:05:38,469	DROP	456070	이엔셀	trend_gate
2026-04-29 18:05:38,854	DROP	090350	노루페인트	trend_gate
2026-04-29 18:05:39,224	DROP	242040	나무기술	trend_gate
2026-04-29 18:05:39,622	DROP	089470	HDC현대EP	trend_gate
2026-04-29 18:05:39,985	DROP	038290	마크로젠	trend_gate
2026-04-29 18:05:40,352	DROP	323990	박셀바이오	trend_gate
2026-04-29 18:05:40,829	DROP	108230	톱텍	trend_gate
2026-04-29 18:05:41,227	DROP	013990	아가방컴퍼니	52w_ceiling_gate
2026-04-29 18:05:41,590	DROP	357880	SKAI	trend_gate
2026-04-29 18:05:42,011	DROP	071200	인피니트헬스케어	trend_gate
2026-04-29 18:05:42,391	DROP	293480	하나제약	trend_gate
2026-04-29 18:05:42,754	DROP	126730	코칩	trend_gate
2026-04-29 18:05:43,128	DROP	047560	이스트소프트	trend_gate
2026-04-29 18:05:43,472	DROP	462520	조선내화	trend_gate
2026-04-29 18:05:43,838	DROP	067280	멀티캠퍼스	trend_gate
2026-04-29 18:05:44,227	DROP	039830	오로라	trend_gate
2026-04-29 18:05:44,605	DROP	069510	에스텍	liquidity_gate:KOSDAQ
2026-04-29 18:05:44,990	DROP	086670	비엠티	liquidity_gate:KOSDAQ
2026-04-29 18:05:45,367	DROP	000300	DH오토넥스	trend_gate
2026-04-29 18:05:45,747	DROP	023910	대한약품	trend_gate
2026-04-29 18:05:46,126	DROP	396270	넥스트칩	liquidity_gate:KOSDAQ
2026-04-29 18:05:46,466	DROP	475580	에이럭스	trend_gate
2026-04-29 18:05:46,831	DROP	210540	디와이파워	liquidity_gate:KOSPI
2026-04-29 18:05:47,158	DROP	234030	싸이닉솔루션	trend_gate
2026-04-29 18:05:47,538	DROP	011040	경동제약	trend_gate
2026-04-29 18:05:47,936	DROP	166480	코아스템켐온	liquidity_gate:KOSDAQ
2026-04-29 18:05:48,306	DROP	067000	조이시티	trend_gate
2026-04-29 18:05:48,670	DROP	083500	에프엔에스테크	liquidity_gate:KOSDAQ
2026-04-29 18:05:49,028	DROP	360070	탑머티리얼	trend_gate
2026-04-29 18:05:49,385	DROP	148150	세경하이테크	trend_gate
2026-04-29 18:05:49,839	DROP	044820	코스맥스비티아이	trend_gate
2026-04-29 18:05:50,269	DROP	256940	킵스파마	trend_gate
2026-04-29 18:05:50,665	DROP	004960	한신공영	trend_gate
2026-04-29 18:05:51,045	DROP	000020	동화약품	trend_gate
2026-04-29 18:05:51,430	DROP	156100	엘앤케이바이오	trend_gate
2026-04-29 18:05:51,821	DROP	095190	신화프리텍	liquidity_gate:KOSDAQ
2026-04-29 18:05:52,187	DROP	297890	HB솔루션	trend_gate
2026-04-29 18:06:01,921	DROP	085670	뉴프렉스	liquidity_gate:KOSDAQ
2026-04-29 18:06:02,300	DROP	000970	한국주철관	trend_gate
2026-04-29 18:06:02,675	DROP	131030	옵투스제약	trend_gate
2026-04-29 18:06:03,031	DROP	389030	지니너스	trend_gate
2026-04-29 18:06:03,416	DROP	007330	푸른저축은행	trend_gate
2026-04-29 18:06:03,765	DROP	172670	에이엘티	liquidity_gate:KOSDAQ
2026-04-29 18:06:04,129	DROP	090470	제이스로보틱스	liquidity_gate:KOSDAQ
2026-04-29 18:06:04,523	DROP	192440	슈피겐코리아	trend_gate
2026-04-29 18:06:04,899	DROP	012320	경동인베스트	trend_gate
2026-04-29 18:06:05,292	DROP	040300	YTN	liquidity_gate:KOSDAQ
2026-04-29 18:06:05,624	DROP	408470	한패스	insufficient_rows:26
2026-04-29 18:06:06,019	DROP	000700	유수홀딩스	trend_gate
2026-04-29 18:06:06,411	DROP	024800	유성티엔에스	liquidity_gate:KOSDAQ
2026-04-29 18:06:06,785	DROP	105330	케이엔더블유	liquidity_gate:KOSDAQ
2026-04-29 18:06:07,175	DROP	021080	에이티넘인베스트	liquidity_gate:KOSDAQ
2026-04-29 18:06:07,548	DROP	182360	큐브엔터	trend_gate
2026-04-29 18:06:07,923	DROP	003830	대한화섬	trend_gate
2026-04-29 18:06:08,295	DROP	214390	경보제약	trend_gate
2026-04-29 18:06:08,667	DROP	067990	도이치모터스	trend_gate
2026-04-29 18:06:09,032	DROP	033340	좋은사람들	trend_gate
2026-04-29 18:06:09,380	DROP	260970	에스앤디	trend_gate
2026-04-29 18:06:09,754	DROP	025620	차AI헬스케어	trend_gate
2026-04-29 18:06:10,142	DROP	079430	현대리바트	liquidity_gate:KOSPI
2026-04-29 18:06:10,547	DROP	104460	디와이피엔에프	trend_gate
2026-04-29 18:06:10,920	DROP	093640	케이알엠	trend_gate
2026-04-29 18:06:11,276	DROP	388790	라이콤	trend_gate
2026-04-29 18:06:11,711	DROP	054800	아이디스홀딩스	trend_gate
2026-04-29 18:06:12,102	DROP	014280	금강공업	trend_gate
2026-04-29 18:06:12,477	DROP	136540	윈스테크넷	trend_gate
2026-04-29 18:06:12,860	DROP	023600	삼보판지	liquidity_gate:KOSDAQ
2026-04-29 18:06:13,213	DROP	062970	한국첨단소재	trend_gate
2026-04-29 18:06:13,583	DROP	077500	유니퀘스트	trend_gate
2026-04-29 18:06:13,972	DROP	063570	NICE인프라	trend_gate
2026-04-29 18:06:14,371	DROP	066410	버킷스튜디오	trend_gate
2026-04-29 18:06:14,760	DROP	072870	메가스터디	liquidity_gate:KOSDAQ
2026-04-29 18:06:15,145	DROP	093190	빅솔론	liquidity_gate:KOSDAQ
2026-04-29 18:06:15,511	DROP	080420	모다이노칩	trend_gate
2026-04-29 18:06:15,865	DROP	046070	코다코	trend_gate
2026-04-29 18:06:16,197	DROP	136150	원일티엔아이	trend_gate
2026-04-29 18:06:16,581	DROP	021320	KCC건설	liquidity_gate:KOSDAQ
2026-04-29 18:06:16,963	DROP	009270	신원	trend_gate
2026-04-29 18:06:17,336	DROP	214680	디알텍	trend_gate
2026-04-29 18:06:17,674	DROP	408920	메쎄이상	liquidity_gate:KOSDAQ
2026-04-29 18:06:18,064	DROP	078000	텔코웨어	trend_gate
2026-04-29 18:06:18,401	DROP	464490	쿼드메디슨	insufficient_rows:92
2026-04-29 18:06:18,763	DROP	331740	아우토크립트	insufficient_rows:194
2026-04-29 18:06:19,171	DROP	053700	삼보모터스	trend_gate
2026-04-29 18:06:19,548	DROP	123040	엠에스오토텍	trend_gate
2026-04-29 18:06:19,938	DROP	041520	이엘씨	liquidity_gate:KOSDAQ
2026-04-29 18:06:20,320	DROP	021820	세원정공	trend_gate
2026-04-29 18:06:20,745	DROP	225190	LK삼양	trend_gate
2026-04-29 18:06:21,117	DROP	382840	원준	liquidity_gate:KOSDAQ
2026-04-29 18:06:21,495	DROP	004970	신라교역	trend_gate
2026-04-29 18:06:21,843	DROP	336680	탑런토탈솔루션	trend_gate
2026-04-29 18:06:22,212	DROP	038110	에코플라스틱	trend_gate
2026-04-29 18:06:22,586	DROP	013520	화승코퍼레이션	trend_gate
2026-04-29 18:06:22,947	DROP	263720	디앤씨미디어	trend_gate
2026-04-29 18:06:23,324	DROP	011700	한신기계	trend_gate
2026-04-29 18:06:23,683	DROP	083420	그린케미칼	trend_gate
2026-04-29 18:06:24,069	DROP	094280	효성ITX	trend_gate
2026-04-29 18:06:24,451	DROP	049960	쎌바이오텍	liquidity_gate:KOSDAQ
2026-04-29 18:06:24,800	DROP	417500	제이아이테크	trend_gate
2026-04-29 18:06:25,153	DROP	306620	지아이에스	liquidity_gate:KOSDAQ
2026-04-29 18:06:25,494	DROP	0015S0	페스카로	insufficient_rows:94
2026-04-29 18:06:25,866	DROP	036010	아비코전자	liquidity_gate:KOSDAQ
2026-04-29 18:06:26,224	DROP	321370	센서뷰	trend_gate
2026-04-29 18:06:26,621	DROP	007540	샘표	trend_gate
2026-04-29 18:06:27,002	DROP	250060	모비스	trend_gate
2026-04-29 18:06:27,378	DROP	005860	한일사료	trend_gate
2026-04-29 18:06:27,752	DROP	045970	코아시아	trend_gate
2026-04-29 18:06:28,134	DROP	012800	대창	liquidity_gate:KOSPI
2026-04-29 18:06:28,486	DROP	139990	아주스틸	trend_gate
2026-04-29 18:06:28,856	DROP	015890	태경산업	trend_gate
2026-04-29 18:06:29,222	DROP	037030	파워넷	trend_gate
2026-04-29 18:06:29,568	DROP	240550	동방메디컬	trend_gate
2026-04-29 18:06:29,943	DROP	307930	컴퍼니케이	volume_drought_gate
2026-04-29 18:06:30,310	DROP	476040	오가노이드사이언스	trend_gate
2026-04-29 18:06:30,720	DROP	217950	파마리서치바이오	trend_gate
2026-04-29 18:06:31,109	DROP	013310	아진산업	liquidity_gate:KOSDAQ
2026-04-29 18:06:31,467	DROP	096250	와이즈넛	trend_gate
2026-04-29 18:06:31,868	DROP	090850	현대이지웰	trend_gate
2026-04-29 18:06:32,236	DROP	215100	로보로보	trend_gate
2026-04-29 18:06:32,614	DROP	005990	매일홀딩스	trend_gate
2026-04-29 18:06:32,984	DROP	016740	두올	liquidity_gate:KOSPI
2026-04-29 18:06:33,377	DROP	115440	우리넷	trend_gate
2026-04-29 18:06:33,755	DROP	020120	키다리스튜디오	trend_gate
2026-04-29 18:06:34,195	DROP	011280	태림포장	trend_gate
2026-04-29 18:06:34,576	DROP	070960	모나용평	trend_gate
2026-04-29 18:06:34,945	DROP	310200	애니플러스	trend_gate
2026-04-29 18:06:35,302	DROP	129920	대성하이텍	trend_gate
2026-04-29 18:06:35,674	DROP	024090	디씨엠	trend_gate
2026-04-29 18:06:36,039	DROP	006620	동구바이오제약	trend_gate
2026-04-29 18:06:36,424	DROP	027710	팜스토리	trend_gate
2026-04-29 18:06:36,776	DROP	413630	씨피시스템	trend_gate
2026-04-29 18:06:37,139	DROP	228670	레이	volume_drought_gate
2026-04-29 18:06:37,474	DROP	493330	지에프아이	insufficient_rows:72
2026-04-29 18:06:37,839	DROP	298000	효성화학	trend_gate
2026-04-29 18:06:38,212	DROP	107590	미원홀딩스	trend_gate
2026-04-29 18:06:38,600	DROP	123690	한국화장품	trend_gate
2026-04-29 18:06:38,976	DROP	008040	사조동아원	trend_gate
2026-04-29 18:06:39,347	DROP	109610	에스와이	trend_gate
2026-04-29 18:06:39,704	DROP	443670	에스피소프트	trend_gate
2026-04-29 18:06:40,080	DROP	003100	선광	trend_gate
2026-04-29 18:06:40,452	DROP	255440	야스	trend_gate
2026-04-29 18:06:40,829	DROP	027970	한국제지	trend_gate
2026-04-29 18:06:41,246	DROP	071280	로체시스템즈	trend_gate
2026-04-29 18:06:41,637	DROP	004250	NPC	trend_gate
2026-04-29 18:06:42,008	DROP	246710	티앤알바이오팹	trend_gate
2026-04-29 18:06:42,392	DROP	002620	제일파마홀딩스	trend_gate
2026-04-29 18:06:42,775	DROP	049950	미래컴퍼니	trend_gate
2026-04-29 18:06:43,151	DROP	122450	KX	trend_gate
2026-04-29 18:06:43,541	DROP	001290	상상인증권	trend_gate
2026-04-29 18:06:43,928	DROP	049720	고려신용정보	trend_gate
2026-04-29 18:06:44,320	DROP	366030	공구우먼	liquidity_gate:KOSDAQ
2026-04-29 18:06:44,700	DROP	002390	한독	trend_gate
2026-04-29 18:06:45,090	DROP	035000	HS애드	trend_gate
2026-04-29 18:06:45,452	DROP	363280	티와이홀딩스	trend_gate
2026-04-29 18:06:45,831	DROP	079810	APS이노베이션	trend_gate
2026-04-29 18:06:46,198	DROP	159010	아스플로	liquidity_gate:KOSDAQ
2026-04-29 18:06:46,585	DROP	100130	동국S&C	trend_gate
2026-04-29 18:06:46,962	DROP	035080	그래디언트	trend_gate
2026-04-29 18:06:47,346	DROP	025950	동신건설	trend_gate
2026-04-29 18:06:47,708	DROP	263860	지니언스	trend_gate
2026-04-29 18:06:48,073	DROP	052420	오성첨단소재	trend_gate
2026-04-29 18:06:48,441	DROP	226400	오스테오닉	trend_gate
2026-04-29 18:06:48,819	DROP	225530	HC보광산업	52w_ceiling_gate
2026-04-29 18:06:49,213	DROP	010100	한국무브넥스	trend_gate
2026-04-29 18:06:49,600	DROP	004140	동방	trend_gate
2026-04-29 18:06:49,981	DROP	396300	세아메카닉스	volume_drought_gate
2026-04-29 18:06:50,384	DROP	014530	극동유화	trend_gate
2026-04-29 18:06:50,781	DROP	066310	큐에스아이	52w_ceiling_gate
2026-04-29 18:06:51,208	DROP	309960	LB인베스트먼트	trend_gate
2026-04-29 18:06:51,634	DROP	039980	폴라리스AI	trend_gate
2026-04-29 18:06:52,021	DROP	047820	초록뱀미디어	trend_gate
2026-04-29 18:06:52,413	DROP	019180	티에이치엔	trend_gate
2026-04-29 18:06:52,813	DROP	013570	디와이	trend_gate
2026-04-29 18:06:53,169	DROP	187870	디바이스	volume_drought_gate
2026-04-29 18:06:53,542	DROP	141000	비아트론	liquidity_gate:KOSDAQ
2026-04-29 18:06:53,912	DROP	016710	대성홀딩스	trend_gate
2026-04-29 18:06:54,298	DROP	014710	사조씨푸드	trend_gate
2026-04-29 18:06:54,665	DROP	042510	라온시큐어	trend_gate
2026-04-29 18:06:55,052	DROP	002220	한일철강	liquidity_gate:KOSPI
2026-04-29 18:06:55,438	DROP	192410	오늘이엔엠	trend_gate
2026-04-29 18:06:55,818	DROP	059120	아진엑스텍	trend_gate
2026-04-29 18:06:56,202	DROP	007210	벽산	liquidity_gate:KOSPI
2026-04-29 18:06:56,620	DROP	067900	와이엔텍	liquidity_gate:KOSDAQ
2026-04-29 18:06:57,044	DROP	089600	KT나스미디어	trend_gate
2026-04-29 18:06:57,413	DROP	086710	선진뷰티사이언스	trend_gate
2026-04-29 18:06:57,805	DROP	014790	HL D&I	liquidity_gate:KOSPI
2026-04-29 18:06:58,187	DROP	131370	알서포트	trend_gate
2026-04-29 18:06:58,574	DROP	089230	THE E&M	liquidity_gate:KOSDAQ
2026-04-29 18:06:58,955	DROP	004150	한솔홀딩스	trend_gate
2026-04-29 18:06:59,336	DROP	024840	KBI메탈	volume_drought_gate
2026-04-29 18:06:59,709	DROP	267290	경동도시가스	liquidity_gate:KOSPI
2026-04-29 18:07:00,090	DROP	205100	엑셈	trend_gate
2026-04-29 18:07:00,473	DROP	005800	신영와코루	trend_gate
2026-04-29 18:07:00,839	DROP	005870	휴니드	liquidity_gate:KOSPI
2026-04-29 18:07:01,218	DROP	042500	링네트	volume_drought_gate
2026-04-29 18:07:01,654	DROP	052260	현대바이오랜드	trend_gate
2026-04-29 18:07:06,712	DROP	337930	젝시믹스	trend_gate
2026-04-29 18:07:07,096	DROP	014580	태경비케이	trend_gate
2026-04-29 18:07:07,479	DROP	092040	아미코젠	trend_gate
2026-04-29 18:07:07,856	DROP	002460	HS화성	trend_gate
2026-04-29 18:07:08,228	DROP	217330	싸이토젠	trend_gate
2026-04-29 18:07:08,656	DROP	000440	중앙에너비스	trend_gate
2026-04-29 18:07:09,029	DROP	269620	시스웍	trend_gate
2026-04-29 18:07:09,428	DROP	036220	오상헬스케어	trend_gate
2026-04-29 18:07:09,798	DROP	262260	에이프로	trend_gate
2026-04-29 18:07:10,172	DROP	088390	이녹스	trend_gate
2026-04-29 18:07:10,529	DROP	317770	엑스페릭스	52w_ceiling_gate
2026-04-29 18:07:15,606	DROP	950130	엑세스바이오	trend_gate
2026-04-29 18:07:15,983	DROP	095720	웅진씽크빅	trend_gate
2026-04-29 18:07:16,331	DROP	273640	와이엠텍	trend_gate
2026-04-29 18:07:16,677	DROP	389140	포바이포	trend_gate
2026-04-29 18:07:17,058	DROP	054050	농우바이오	trend_gate
2026-04-29 18:07:17,438	DROP	054620	APS	trend_gate
2026-04-29 18:07:17,799	DROP	067830	세이브존I&C	liquidity_gate:KOSPI
2026-04-29 18:07:18,158	DROP	331920	셀레믹스	liquidity_gate:KOSDAQ
2026-04-29 18:07:18,536	DROP	004080	신흥	trend_gate
2026-04-29 18:07:18,911	DROP	029480	광무	trend_gate
2026-04-29 18:07:19,295	DROP	007110	일신석재	trend_gate
2026-04-29 18:07:19,676	DROP	023800	인지컨트롤스	liquidity_gate:KOSPI
2026-04-29 18:07:20,081	DROP	032300	한국파마	trend_gate
2026-04-29 18:07:20,440	DROP	432470	케이엔에스	trend_gate
2026-04-29 18:07:20,799	DROP	489460	바이오비쥬	trend_gate
2026-04-29 18:07:21,186	DROP	109740	디에스케이	trend_gate
2026-04-29 18:07:21,558	DROP	120030	조선선재	trend_gate
2026-04-29 18:07:21,975	DROP	014160	대영포장	trend_gate
2026-04-29 18:07:22,394	DROP	036580	팜스코	trend_gate
2026-04-29 18:07:22,776	DROP	009780	엠에스씨	trend_gate
2026-04-29 18:07:23,156	DROP	227840	현대코퍼레이션홀딩스	liquidity_gate:KOSPI
2026-04-29 18:07:23,545	DROP	019680	대교	trend_gate
2026-04-29 18:07:23,927	DROP	044990	에이치엔에스하이텍	trend_gate
2026-04-29 18:07:24,273	DROP	37550L	DL이앤씨2우(전환)	liquidity_gate:KOSPI
2026-04-29 18:07:24,624	DROP	396470	워트	trend_gate
2026-04-29 18:07:24,970	DROP	411080	샌즈랩	trend_gate
2026-04-29 18:07:25,345	DROP	074430	아미노로직스	trend_gate
2026-04-29 18:07:25,714	DROP	038540	상상인	liquidity_gate:KOSDAQ
2026-04-29 18:07:26,043	DROP	463020	뉴엔AI	trend_gate
2026-04-29 18:07:26,401	DROP	251120	바이오에프디엔씨	trend_gate
2026-04-29 18:07:26,740	DROP	0015N0	아로마티카	insufficient_rows:103
2026-04-29 18:07:27,125	DROP	223250	드림씨아이에스	trend_gate
2026-04-29 18:07:27,514	DROP	100700	세운메디칼	trend_gate
2026-04-29 18:07:27,900	DROP	036690	코맥스	trend_gate
2026-04-29 18:07:28,292	DROP	053260	금강철강	volume_drought_gate
2026-04-29 18:07:28,651	DROP	265740	엔에프씨	trend_gate
2026-04-29 18:07:29,034	DROP	091120	이엠텍	trend_gate
2026-04-29 18:07:29,404	DROP	049520	유아이엘	trend_gate
2026-04-29 18:07:29,788	DROP	248170	샘표식품	trend_gate
2026-04-29 18:07:30,179	DROP	117670	알파칩스	liquidity_gate:KOSDAQ
2026-04-29 18:07:30,577	DROP	063170	서울옥션	trend_gate
2026-04-29 18:07:31,027	DROP	088280	쏘닉스	volume_drought_gate
2026-04-29 18:07:31,404	DROP	059210	메타바이오메드	trend_gate
2026-04-29 18:07:31,769	DROP	305090	마이크로디지탈	trend_gate
2026-04-29 18:07:32,118	DROP	417970	모델솔루션	trend_gate
2026-04-29 18:07:32,513	DROP	294630	서남	52w_ceiling_gate
2026-04-29 18:07:32,907	DROP	078140	대봉엘에스	trend_gate
2026-04-29 18:07:33,241	DROP	381620	제닉스로보틱스	trend_gate
2026-04-29 18:07:33,619	DROP	073560	우리손에프앤지	trend_gate
2026-04-29 18:07:33,987	DROP	003310	대주산업	trend_gate
2026-04-29 18:07:34,366	DROP	063080	컴투스홀딩스	trend_gate
2026-04-29 18:07:34,768	DROP	004100	태양금속	52w_ceiling_gate
2026-04-29 18:07:35,169	DROP	290720	푸드나무	trend_gate
2026-04-29 18:07:35,530	DROP	339950	아이비김영	liquidity_gate:KOSDAQ
2026-04-29 18:07:35,922	DROP	267850	아시아나IDT	trend_gate
2026-04-29 18:07:36,295	DROP	078890	가온그룹	liquidity_gate:KOSDAQ
2026-04-29 18:07:36,664	DROP	081180	쎄크	52w_ceiling_gate
2026-04-29 18:07:37,045	DROP	015590	DKME	trend_gate
2026-04-29 18:07:37,454	DROP	388870	파로스아이바이오	trend_gate
2026-04-29 18:07:37,839	DROP	101670	하이드로리튬	trend_gate
2026-04-29 18:07:38,260	DROP	053580	웹케시	trend_gate
2026-04-29 18:07:38,649	DROP	142210	유니트론텍	trend_gate
2026-04-29 18:07:39,047	DROP	024880	케이피에프	trend_gate
2026-04-29 18:07:39,398	DROP	370090	퓨런티어	trend_gate
2026-04-29 18:07:39,763	DROP	330730	스톤브릿지벤처스	liquidity_gate:KOSDAQ
2026-04-29 18:07:40,149	DROP	001020	페이퍼코리아	trend_gate
2026-04-29 18:07:40,502	DROP	330350	위더스제약	liquidity_gate:KOSDAQ
2026-04-29 18:07:40,882	DROP	026150	특수건설	liquidity_gate:KOSDAQ
2026-04-29 18:07:45,928	DROP	018120	진로발효	trend_gate
2026-04-29 18:07:50,986	DROP	099750	이지케어텍	trend_gate
2026-04-29 18:07:51,370	DROP	205500	넥써쓰	trend_gate
2026-04-29 18:07:51,750	DROP	038460	바이오스마트	trend_gate
2026-04-29 18:07:52,128	DROP	079980	휴비스	liquidity_gate:KOSPI
2026-04-29 18:07:52,506	DROP	048530	인트론바이오	trend_gate
2026-04-29 18:07:52,868	DROP	451220	아이엠티	liquidity_gate:KOSDAQ
2026-04-29 18:07:53,262	DROP	034590	인천도시가스	trend_gate
2026-04-29 18:07:53,628	DROP	265560	영화테크	liquidity_gate:KOSDAQ
2026-04-29 18:07:54,004	DROP	096240	크레버스	trend_gate
2026-04-29 18:07:54,381	DROP	007610	선도전기	liquidity_gate:KOSPI
2026-04-29 18:07:54,746	DROP	298540	더네이쳐홀딩스	trend_gate
2026-04-29 18:07:55,119	DROP	051160	지어소프트	trend_gate
2026-04-29 18:07:55,478	DROP	036420	콘텐트리중앙	trend_gate
2026-04-29 18:07:55,842	DROP	000230	일동홀딩스	trend_gate
2026-04-29 18:07:56,227	DROP	131400	이브이첨단소재	trend_gate
2026-04-29 18:07:56,607	DROP	041590	플래스크	trend_gate
2026-04-29 18:07:56,981	DROP	008700	아남전자	trend_gate
2026-04-29 18:07:57,368	DROP	058850	KTcs	trend_gate
2026-04-29 18:07:57,717	DROP	418470	KT밀리의서재	trend_gate
2026-04-29 18:07:58,106	DROP	067290	JW신약	trend_gate
2026-04-29 18:07:58,486	DROP	086960	MDS테크	trend_gate
2026-04-29 18:07:58,887	DROP	006840	AK홀딩스	trend_gate
2026-04-29 18:07:59,258	DROP	008260	NI스틸	liquidity_gate:KOSPI
2026-04-29 18:07:59,644	DROP	017370	우신시스템	trend_gate
2026-04-29 18:08:00,022	DROP	424960	스마트레이더시스템	trend_gate
2026-04-29 18:08:00,408	DROP	412350	레이저쎌	trend_gate
2026-04-29 18:08:00,780	DROP	208370	셀바스헬스케어	trend_gate
2026-04-29 18:08:01,160	DROP	084670	동양고속	trend_gate
2026-04-29 18:08:01,543	DROP	105740	디케이락	liquidity_gate:KOSDAQ
2026-04-29 18:08:01,900	DROP	317830	에스피시스템스	trend_gate
2026-04-29 18:08:02,279	DROP	033290	로젠	trend_gate
2026-04-29 18:08:02,624	DROP	377480	마음AI	trend_gate
2026-04-29 18:08:02,994	DROP	277880	티에스아이	trend_gate
2026-04-29 18:08:03,399	DROP	002450	삼익악기	trend_gate
2026-04-29 18:08:03,755	DROP	348350	위드텍	liquidity_gate:KOSDAQ
2026-04-29 18:08:04,102	DROP	439580	블루엠텍	trend_gate
2026-04-29 18:08:04,476	DROP	066700	테라젠이텍스	trend_gate
2026-04-29 18:08:04,854	DROP	101330	모베이스	trend_gate
2026-04-29 18:08:05,252	DROP	096350	대창솔루션	liquidity_gate:KOSDAQ
2026-04-29 18:08:05,639	DROP	010660	화천기계	trend_gate
2026-04-29 18:08:06,031	DROP	066590	스모트로닉	trend_gate
2026-04-29 18:08:06,414	DROP	003580	HLB글로벌	trend_gate
2026-04-29 18:08:06,769	DROP	362320	청담글로벌	trend_gate
2026-04-29 18:08:07,122	DROP	303810	동국생명과학	trend_gate
2026-04-29 18:08:07,511	DROP	030960	양지사	trend_gate
2026-04-29 18:08:07,869	DROP	229500	노브메타파마	trend_gate
2026-04-29 18:08:08,325	DROP	100590	머큐리	trend_gate
2026-04-29 18:08:08,707	DROP	048550	SM C&C	trend_gate
2026-04-29 18:08:09,089	DROP	040910	아이씨디	liquidity_gate:KOSDAQ
2026-04-29 18:08:09,463	DROP	347860	알체라	trend_gate
2026-04-29 18:08:09,834	DROP	278650	HLB바이오스텝	trend_gate
2026-04-29 18:08:10,218	DROP	094840	슈프리마에이치큐	liquidity_gate:KOSDAQ
2026-04-29 18:08:10,596	DROP	011370	서한	trend_gate
2026-04-29 18:08:10,950	DROP	382150	온코크로스	trend_gate
2026-04-29 18:08:11,311	DROP	382480	지아이텍	liquidity_gate:KOSDAQ
2026-04-29 18:08:11,675	DROP	014970	삼륭물산	trend_gate
2026-04-29 18:08:12,017	DROP	413390	엠오티	liquidity_gate:KOSDAQ
2026-04-29 18:08:12,402	DROP	463480	모티브링크	trend_gate
2026-04-29 18:08:12,827	DROP	032560	황금에스티	liquidity_gate:KOSPI
2026-04-29 18:08:13,201	DROP	039340	한국경제TV	trend_gate
2026-04-29 18:08:13,622	DROP	011810	STX	trend_gate
2026-04-29 18:08:13,980	DROP	460940	피앤에스로보틱스	trend_gate
2026-04-29 18:08:14,331	DROP	419050	삼기에너지솔루션즈	trend_gate
2026-04-29 18:08:14,698	DROP	311320	지오엘리먼트	liquidity_gate:KOSDAQ
2026-04-29 18:08:15,088	DROP	006660	삼성공조	trend_gate
2026-04-29 18:08:15,475	DROP	264900	크라운제과	trend_gate
2026-04-29 18:08:15,842	DROP	315640	딥노이드	trend_gate
2026-04-29 18:08:16,225	DROP	149980	하이로닉	trend_gate
2026-04-29 18:08:16,594	DROP	950190	고스트스튜디오	trend_gate
2026-04-29 18:08:16,966	DROP	063160	종근당바이오	trend_gate
2026-04-29 18:08:17,340	DROP	005740	크라운해태홀딩스	trend_gate
2026-04-29 18:08:17,714	DROP	082850	우리바이오	trend_gate
2026-04-29 18:08:18,107	DROP	002200	한국수출포장	trend_gate
2026-04-29 18:08:18,480	DROP	052860	아이앤씨	liquidity_gate:KOSDAQ
2026-04-29 18:08:18,867	DROP	049480	오픈베이스	trend_gate
2026-04-29 18:08:19,242	DROP	006140	피제이전자	trend_gate
2026-04-29 18:08:19,608	DROP	039610	화성밸브	trend_gate
2026-04-29 18:08:19,993	DROP	004440	삼일씨엔에스	liquidity_gate:KOSPI
2026-04-29 18:08:20,346	DROP	348150	고바이오랩	trend_gate
2026-04-29 18:08:20,720	DROP	007820	엠엑스로보틱스	trend_gate
2026-04-29 18:08:21,100	DROP	001540	안국약품	trend_gate
2026-04-29 18:08:21,475	DROP	046940	우원개발	liquidity_gate:KOSDAQ
2026-04-29 18:08:21,845	DROP	234300	에스트래픽	trend_gate
2026-04-29 18:08:22,236	DROP	058630	엠게임	trend_gate
2026-04-29 18:08:22,643	DROP	023450	동남합성	trend_gate
2026-04-29 18:08:23,018	DROP	163560	동일고무벨트	liquidity_gate:KOSPI
2026-04-29 18:08:23,389	DROP	059270	해성에어로보틱스	trend_gate
2026-04-29 18:08:23,789	DROP	201490	미투온	trend_gate
2026-04-29 18:08:24,177	DROP	041930	SY동아	trend_gate
2026-04-29 18:08:24,547	DROP	261780	차백신연구소	52w_ceiling_gate
2026-04-29 18:08:24,940	DROP	025550	한국선재	trend_gate
2026-04-29 18:08:25,315	DROP	357230	에이치피오	trend_gate
2026-04-29 18:08:25,707	DROP	035610	솔본	trend_gate
2026-04-29 18:08:26,036	DROP	475430	키스트론	trend_gate
2026-04-29 18:08:26,406	DROP	004840	DRB동일	trend_gate
2026-04-29 18:08:26,754	DROP	352090	스톰테크	trend_gate
2026-04-29 18:08:27,125	DROP	007980	TP	liquidity_gate:KOSPI
2026-04-29 18:08:27,510	DROP	060560	HC홈센타	trend_gate
2026-04-29 18:08:27,894	DROP	009300	삼아제약	trend_gate
2026-04-29 18:08:28,293	DROP	091440	한울소재과학	liquidity_gate:KOSDAQ
2026-04-29 18:08:28,675	DROP	137950	제이씨케미칼	trend_gate
2026-04-29 18:08:29,044	DROP	043610	KT지니뮤직	trend_gate
2026-04-29 18:08:29,417	DROP	205470	휴마시스	trend_gate
2026-04-29 18:08:29,795	DROP	033230	인성정보	trend_gate
2026-04-29 18:08:30,146	DROP	311690	CJ 바이오사이언스	trend_gate
2026-04-29 18:08:30,542	DROP	019550	SBI인베스트먼트	trend_gate
2026-04-29 18:08:30,910	DROP	299170	더블유에스아이	trend_gate
2026-04-29 18:08:31,354	DROP	019990	에너토크	liquidity_gate:KOSDAQ
2026-04-29 18:08:31,735	DROP	072950	빛샘전자	52w_ceiling_gate
2026-04-29 18:08:32,119	DROP	013360	일성건설	trend_gate
2026-04-29 18:08:32,493	DROP	124560	태웅로직스	trend_gate
2026-04-29 18:08:32,866	DROP	263600	덕우전자	liquidity_gate:KOSDAQ
2026-04-29 18:08:33,241	DROP	228850	레이언스	liquidity_gate:KOSDAQ
2026-04-29 18:08:33,645	DROP	002700	신일전자	liquidity_gate:KOSPI
2026-04-29 18:08:34,228	DROP	006890	태경케미컬	trend_gate
2026-04-29 18:08:34,579	DROP	461030	아이엠비디엑스	trend_gate
2026-04-29 18:08:34,955	DROP	238090	앤디포스	trend_gate
2026-04-29 18:08:35,329	DROP	173130	오파스넷	liquidity_gate:KOSDAQ
2026-04-29 18:08:35,701	DROP	347890	엠엑스온	trend_gate
2026-04-29 18:08:36,091	DROP	054670	대한뉴팜	trend_gate
2026-04-29 18:08:36,474	DROP	065530	와이어블	trend_gate
2026-04-29 18:08:36,875	DROP	064800	포니링크	trend_gate
2026-04-29 18:08:37,240	DROP	191420	테고사이언스	trend_gate
2026-04-29 18:08:37,655	DROP	105550	엣지파운드리	trend_gate
2026-04-29 18:08:38,062	DROP	084650	랩지노믹스	trend_gate
2026-04-29 18:08:38,438	DROP	000180	성창기업지주	trend_gate
2026-04-29 18:08:38,822	DROP	033130	디지틀조선	trend_gate
2026-04-29 18:08:39,205	DROP	002720	국제약품	trend_gate
2026-04-29 18:08:39,574	DROP	290670	대보마그네틱	trend_gate
2026-04-29 18:08:39,953	DROP	020710	시공테크	52w_ceiling_gate
2026-04-29 18:08:40,321	DROP	119650	KC코트렐	trend_gate
2026-04-29 18:08:40,695	DROP	071090	하이스틸	trend_gate
2026-04-29 18:08:41,033	DROP	453860	에이에스텍	trend_gate
2026-04-29 18:08:41,426	DROP	222040	코스맥스엔비티	liquidity_gate:KOSDAQ
2026-04-29 18:08:41,829	DROP	036630	세종텔레콤	trend_gate
2026-04-29 18:08:42,223	DROP	120240	대정화금	trend_gate
2026-04-29 18:08:42,607	DROP	067370	선바이오	trend_gate
2026-04-29 18:08:42,987	DROP	251630	브이원텍	trend_gate
2026-04-29 18:08:43,360	DROP	012700	리드코프	trend_gate
2026-04-29 18:08:43,753	DROP	058860	KTis	trend_gate
2026-04-29 18:08:44,126	DROP	055490	테이팩스	liquidity_gate:KOSPI
2026-04-29 18:08:44,515	DROP	175140	휴먼테크놀로지	trend_gate
2026-04-29 18:08:44,878	DROP	323350	다원넥스뷰	trend_gate
2026-04-29 18:08:45,255	DROP	246720	아스타	trend_gate
2026-04-29 18:08:45,590	DROP	014950	삼익제약	insufficient_rows:126
2026-04-29 18:08:45,972	DROP	004060	SG세계물산	trend_gate
2026-04-29 18:08:46,363	DROP	019540	일지테크	liquidity_gate:KOSDAQ
2026-04-29 18:08:46,748	DROP	048430	유라테크	trend_gate
2026-04-29 18:08:47,133	DROP	001260	남광토건	liquidity_gate:KOSPI
2026-04-29 18:08:47,505	DROP	212560	네오오토	trend_gate
2026-04-29 18:08:47,852	DROP	348080	큐라티스	trend_gate
2026-04-29 18:08:48,228	DROP	048910	대원미디어	trend_gate
2026-04-29 18:08:48,625	DROP	023000	삼원강재	trend_gate
2026-04-29 18:08:49,011	DROP	033320	제이씨현시스템	liquidity_gate:KOSDAQ
2026-04-29 18:08:49,402	DROP	083790	CG인바이츠	trend_gate
2026-04-29 18:08:49,786	DROP	056360	코위버	52w_ceiling_gate
2026-04-29 18:08:50,163	DROP	084730	팅크웨어	trend_gate
2026-04-29 18:08:50,545	DROP	290660	다이나믹솔루션	52w_ceiling_gate
2026-04-29 18:08:50,928	DROP	011150	CJ씨푸드	trend_gate
2026-04-29 18:08:51,304	DROP	066790	씨씨에스	trend_gate
2026-04-29 18:08:51,683	DROP	093920	서원인텍	trend_gate
2026-04-29 18:08:52,064	DROP	004890	동일산업	trend_gate
2026-04-29 18:08:52,447	DROP	044340	위닉스	trend_gate
2026-04-29 18:08:52,894	DROP	010960	삼호개발	trend_gate
2026-04-29 18:08:53,269	DROP	217190	제너셈	liquidity_gate:KOSDAQ
2026-04-29 18:08:53,652	DROP	068240	다원시스	trend_gate
2026-04-29 18:08:54,029	DROP	004650	창해에탄올	trend_gate
2026-04-29 18:08:54,423	DROP	007460	에이프로젠	trend_gate
2026-04-29 18:08:54,817	DROP	046210	HLB파나진	trend_gate
2026-04-29 18:08:55,210	DROP	072020	중앙백신	trend_gate
2026-04-29 18:08:55,603	DROP	014440	영보화학	trend_gate
2026-04-29 18:08:55,981	DROP	253840	수젠텍	trend_gate
2026-04-29 18:08:56,349	DROP	241690	유니테크노	trend_gate
2026-04-29 18:08:56,726	DROP	126880	제이엔케이글로벌	trend_gate
2026-04-29 18:08:57,085	DROP	302550	리메드	trend_gate
2026-04-29 18:08:57,458	DROP	299660	셀리드	trend_gate
2026-04-29 18:08:57,851	DROP	058400	KNN	trend_gate
2026-04-29 18:08:58,228	DROP	005750	대림바스	liquidity_gate:KOSPI
2026-04-29 18:08:58,609	DROP	171120	라이온켐텍	trend_gate
2026-04-29 18:08:58,999	DROP	134580	탑코미디어	trend_gate
2026-04-29 18:08:59,377	DROP	041910	폴라리스AI파마	trend_gate
2026-04-29 18:08:59,757	DROP	013870	지엠비코리아	trend_gate
2026-04-29 18:09:00,191	DROP	040420	정상제이엘에스	trend_gate
2026-04-29 18:09:00,574	DROP	060590	씨티씨바이오	trend_gate
2026-04-29 18:09:00,955	DROP	032850	비트컴퓨터	trend_gate
2026-04-29 18:09:01,336	DROP	002210	동성제약	trend_gate
2026-04-29 18:09:01,717	DROP	140070	서플러스글로벌	trend_gate
2026-04-29 18:09:02,120	DROP	214270	FSN	trend_gate
2026-04-29 18:09:02,511	DROP	024830	세원물산	trend_gate
2026-04-29 18:09:02,890	DROP	067570	엔브이에이치코리아	trend_gate
2026-04-29 18:09:03,284	DROP	060570	드림어스컴퍼니	trend_gate
2026-04-29 18:09:03,683	DROP	007280	한국특강	trend_gate
2026-04-29 18:09:04,033	DROP	451250	삐아	trend_gate
2026-04-29 18:09:04,399	DROP	054040	한국컴퓨터	liquidity_gate:KOSDAQ
2026-04-29 18:09:04,756	DROP	110790	크리스에프앤씨	trend_gate
2026-04-29 18:09:05,140	DROP	162300	신스틸	trend_gate
2026-04-29 18:09:05,516	DROP	011320	유니크	trend_gate
2026-04-29 18:09:05,894	DROP	192250	케이사인	trend_gate
2026-04-29 18:09:06,260	DROP	085310	엔케이	trend_gate
2026-04-29 18:09:06,643	DROP	023810	인팩	52w_ceiling_gate
2026-04-29 18:09:07,020	DROP	065440	이루온	trend_gate
2026-04-29 18:09:07,393	DROP	000590	CS홀딩스	trend_gate
2026-04-29 18:09:07,787	DROP	068290	삼성출판사	trend_gate
2026-04-29 18:09:08,170	DROP	065510	휴비츠	trend_gate
2026-04-29 18:09:08,524	DROP	391710	코닉오토메이션	trend_gate
2026-04-29 18:09:08,914	DROP	004720	팜젠사이언스	trend_gate
2026-04-29 18:09:09,289	DROP	217500	러셀	trend_gate
2026-04-29 18:09:09,655	DROP	039010	현대에이치티	liquidity_gate:KOSDAQ
2026-04-29 18:09:10,038	DROP	100220	비상교육	liquidity_gate:KOSPI
2026-04-29 18:09:15,156	DROP	031820	아이티센씨티에스	trend_gate
2026-04-29 18:09:15,506	DROP	347000	센코	trend_gate
2026-04-29 18:09:15,901	DROP	001560	제일연마	liquidity_gate:KOSPI
2026-04-29 18:09:16,276	DROP	104040	디에스엠	trend_gate
2026-04-29 18:09:16,661	DROP	128660	피제이메탈	liquidity_gate:KOSDAQ
2026-04-29 18:09:17,007	DROP	478560	블랙야크아이앤씨	trend_gate
2026-04-29 18:09:17,398	DROP	071670	에이테크솔루션	trend_gate
2026-04-29 18:09:17,748	DROP	435570	에르코스	trend_gate
2026-04-29 18:09:18,123	DROP	109070	주성코퍼레이션	52w_ceiling_gate
2026-04-29 18:09:18,504	DROP	003010	혜인	volume_drought_gate
2026-04-29 18:09:18,901	DROP	009180	한솔로지스틱스	liquidity_gate:KOSPI
2026-04-29 18:09:19,266	DROP	002800	신신제약	52w_ceiling_gate
2026-04-29 18:09:19,640	DROP	081150	티플랙스	liquidity_gate:KOSDAQ
2026-04-29 18:09:20,020	DROP	016250	SGC E&C	trend_gate
2026-04-29 18:09:20,402	DROP	099220	SDN	liquidity_gate:KOSDAQ
2026-04-29 18:09:20,779	DROP	170030	현대공업	trend_gate
2026-04-29 18:09:21,144	DROP	291650	압타머사이언스	trend_gate
2026-04-29 18:09:21,485	DROP	111380	동인기연	trend_gate
2026-04-29 18:09:21,853	DROP	203690	아크솔루션스	trend_gate
2026-04-29 18:09:22,206	DROP	102370	케이옥션	trend_gate
2026-04-29 18:09:22,585	DROP	187420	HLB제넥스	trend_gate
2026-04-29 18:09:22,952	DROP	263800	데이타솔루션	trend_gate
2026-04-29 18:09:23,292	DROP	212710	아이에스티이	trend_gate
2026-04-29 18:09:23,681	DROP	002600	조흥	trend_gate
2026-04-29 18:09:24,049	DROP	094940	푸른기술	trend_gate
2026-04-29 18:09:24,418	DROP	307870	비투엔	trend_gate
2026-04-29 18:09:24,791	DROP	012690	모나리자	trend_gate
2026-04-29 18:09:25,167	DROP	130580	나이스디앤비	trend_gate
2026-04-29 18:09:25,551	DROP	378800	샤페론	trend_gate
2026-04-29 18:09:25,930	DROP	036640	HRS	trend_gate
2026-04-29 18:09:26,295	DROP	027830	대성창투	trend_gate
2026-04-29 18:09:26,667	DROP	111710	남화산업	trend_gate
2026-04-29 18:09:27,038	DROP	053280	예스24	trend_gate
2026-04-29 18:09:27,393	DROP	459100	위츠	trend_gate
2026-04-29 18:09:27,766	DROP	900250	크리스탈신소재	trend_gate
2026-04-29 18:09:28,156	DROP	216050	인크로스	trend_gate
2026-04-29 18:09:28,548	DROP	215360	우리산업	liquidity_gate:KOSDAQ
2026-04-29 18:09:28,896	DROP	163280	에어레인	trend_gate
2026-04-29 18:09:29,273	DROP	018500	동원금속	liquidity_gate:KOSPI
2026-04-29 18:09:29,652	DROP	214330	금호에이치티	trend_gate
2026-04-29 18:09:30,024	DROP	014470	부방	trend_gate
2026-04-29 18:09:30,393	DROP	246690	TS인베스트먼트	trend_gate
2026-04-29 18:09:30,755	DROP	214260	라파스	trend_gate
2026-04-29 18:09:31,169	DROP	101140	인바이오젠	trend_gate
2026-04-29 18:09:31,540	DROP	109080	옵티시스	trend_gate
2026-04-29 18:09:31,920	DROP	207760	미스터블루	trend_gate
2026-04-29 18:09:32,268	DROP	452400	이닉스	trend_gate
2026-04-29 18:09:32,643	DROP	000850	화천기공	trend_gate
2026-04-29 18:09:33,021	DROP	142280	녹십자엠에스	trend_gate
2026-04-29 18:09:33,370	DROP	443250	레뷰코퍼레이션	trend_gate
2026-04-29 18:09:38,415	DROP	104620	노랑풍선	trend_gate
2026-04-29 18:09:38,756	DROP	376930	노을	trend_gate
2026-04-29 18:09:39,145	DROP	009200	무림페이퍼	trend_gate
2026-04-29 18:09:39,540	DROP	123420	위메이드플레이	trend_gate
2026-04-29 18:09:39,906	DROP	241790	티이엠씨씨엔에스	liquidity_gate:KOSDAQ
2026-04-29 18:09:40,283	DROP	017650	대림제지	trend_gate
2026-04-29 18:09:45,370	DROP	168330	내츄럴엔도텍	trend_gate
2026-04-29 18:09:45,713	DROP	424980	마이크로투나노	liquidity_gate:KOSDAQ
2026-04-29 18:09:46,096	DROP	052900	KX하이텍	trend_gate
2026-04-29 18:09:46,481	DROP	036090	위지트	trend_gate
2026-04-29 18:09:46,856	DROP	049180	셀루메드	trend_gate
2026-04-29 18:09:47,228	DROP	183490	엔지켐생명과학	trend_gate
2026-04-29 18:09:47,557	DROP	261520	이지스	insufficient_rows:93
2026-04-29 18:09:47,930	DROP	006880	신송홀딩스	trend_gate
2026-04-29 18:09:48,319	DROP	066430	아이로보틱스	trend_gate
2026-04-29 18:09:48,668	DROP	479960	위너스일렉	trend_gate
2026-04-29 18:09:49,064	DROP	045660	에이텍	trend_gate
2026-04-29 18:09:49,437	DROP	480370	씨케이솔루션	trend_gate
2026-04-29 18:09:49,781	DROP	360350	코셈	trend_gate
2026-04-29 18:09:50,141	DROP	408900	스튜디오미르	trend_gate
2026-04-29 18:09:50,507	DROP	208140	정다운	trend_gate
2026-04-29 18:09:50,883	DROP	027050	코리아나	trend_gate
2026-04-29 18:09:51,274	DROP	089850	유비벨록스	trend_gate
2026-04-29 18:09:51,638	DROP	340360	다보링크	trend_gate
2026-04-29 18:09:52,015	DROP	013700	까뮤이앤씨	liquidity_gate:KOSPI
2026-04-29 18:09:52,397	DROP	007590	동방아그로	trend_gate
2026-04-29 18:09:52,753	DROP	136410	아셈스	trend_gate
2026-04-29 18:09:53,126	DROP	069730	DSR제강	liquidity_gate:KOSPI
2026-04-29 18:09:53,494	DROP	302430	이노메트리	trend_gate
2026-04-29 18:09:53,874	DROP	180060	탑선	trend_gate
2026-04-29 18:09:54,269	DROP	010040	한국내화	trend_gate
2026-04-29 18:09:54,651	DROP	039240	경남스틸	trend_gate
2026-04-29 18:09:55,018	DROP	204840	지엘팜텍	trend_gate
2026-04-29 18:09:55,393	DROP	017480	삼현철강	liquidity_gate:KOSDAQ
2026-04-29 18:09:55,764	DROP	053450	세코닉스	trend_gate
2026-04-29 18:09:56,149	DROP	417790	트루엔	trend_gate
2026-04-29 18:09:56,520	DROP	175250	아이큐어	trend_gate
2026-04-29 18:09:56,889	DROP	066980	한성크린텍	liquidity_gate:KOSDAQ
2026-04-29 18:09:57,229	DROP	145170	노브랜드	trend_gate
2026-04-29 18:09:57,597	DROP	412540	제일엠앤에스	trend_gate
2026-04-29 18:09:57,972	DROP	222110	팬젠	trend_gate
2026-04-29 18:09:58,354	DROP	041460	한국전자인증	liquidity_gate:KOSDAQ
2026-04-29 18:09:58,716	DROP	099410	동방선기	trend_gate
2026-04-29 18:09:59,095	DROP	064240	홈캐스트	trend_gate
2026-04-29 18:09:59,468	DROP	227950	엔투텍	trend_gate
2026-04-29 18:09:59,839	DROP	004590	한국가구	trend_gate
2026-04-29 18:10:00,230	DROP	159580	제로투세븐	trend_gate
2026-04-29 18:10:00,612	DROP	011390	부산산업	trend_gate
2026-04-29 18:10:00,994	DROP	222420	쎄노텍	liquidity_gate:KOSDAQ
2026-04-29 18:10:01,361	DROP	147760	피엠티	liquidity_gate:KOSDAQ
2026-04-29 18:10:01,727	DROP	037760	쎄니트	liquidity_gate:KOSDAQ
2026-04-29 18:10:02,147	DROP	039020	이건홀딩스	trend_gate
2026-04-29 18:10:02,512	DROP	032540	TJ미디어	trend_gate
2026-04-29 18:10:02,891	DROP	001470	삼부토건	trend_gate
2026-04-29 18:10:03,272	DROP	222160	NPX	trend_gate
2026-04-29 18:10:03,649	DROP	317690	퀀타매트릭스	trend_gate
2026-04-29 18:10:04,035	DROP	016090	대현	trend_gate
2026-04-29 18:10:04,423	DROP	094850	참좋은여행	trend_gate
2026-04-29 18:10:04,796	DROP	061250	화일약품	trend_gate
2026-04-29 18:10:05,150	DROP	294140	레몬	trend_gate
2026-04-29 18:10:05,532	DROP	006090	사조오양	trend_gate
2026-04-29 18:10:05,883	DROP	446840	지슨	trend_gate
2026-04-29 18:10:06,279	DROP	054930	유신	trend_gate
2026-04-29 18:10:06,713	DROP	067920	이글루	liquidity_gate:KOSDAQ
2026-04-29 18:10:07,078	DROP	950220	네오이뮨텍	trend_gate
2026-04-29 18:10:07,460	DROP	049470	비트플래닛	trend_gate
2026-04-29 18:10:07,841	DROP	009770	삼정펄프	trend_gate
2026-04-29 18:10:08,223	DROP	004830	덕성	trend_gate
2026-04-29 18:10:08,585	DROP	226330	신테카바이오	trend_gate
2026-04-29 18:10:08,962	DROP	155650	와이엠씨	liquidity_gate:KOSDAQ
2026-04-29 18:10:09,332	DROP	043710	서울리거	trend_gate
2026-04-29 18:10:09,707	DROP	024900	디와이덕양	trend_gate
2026-04-29 18:10:10,088	DROP	053050	지에스이	trend_gate
2026-04-29 18:10:10,452	DROP	456570	아이엠지티	trend_gate
2026-04-29 18:10:10,828	DROP	047400	유니온머티리얼	52w_ceiling_gate
2026-04-29 18:10:11,195	DROP	260930	씨티케이	trend_gate
2026-04-29 18:10:11,543	DROP	458350	에스팀	insufficient_rows:39
2026-04-29 18:10:11,914	DROP	033170	시그네틱스	liquidity_gate:KOSDAQ
2026-04-29 18:10:12,282	DROP	317870	엔바이오니아	trend_gate
2026-04-29 18:10:12,652	DROP	076610	해성옵틱스	trend_gate
2026-04-29 18:10:13,119	DROP	011000	진원생명과학	trend_gate
2026-04-29 18:10:13,576	DROP	001550	조비	trend_gate
2026-04-29 18:10:13,956	DROP	153710	옵티팜	trend_gate
2026-04-29 18:10:14,339	DROP	043650	국순당	trend_gate
2026-04-29 18:10:14,730	DROP	317850	대모	trend_gate
2026-04-29 18:10:15,106	DROP	104540	코렌텍	trend_gate
2026-04-29 18:10:15,498	DROP	003780	진양산업	trend_gate
2026-04-29 18:10:15,903	DROP	061040	알에프텍	trend_gate
2026-04-29 18:10:16,273	DROP	347740	피엔케이피부임상연구센타	trend_gate
2026-04-29 18:10:16,653	DROP	072470	우리산업홀딩스	trend_gate
2026-04-29 18:10:17,055	DROP	129260	인터지스	trend_gate
2026-04-29 18:10:17,410	DROP	296160	프로젠	trend_gate
2026-04-29 18:10:17,764	DROP	333620	엔시스	trend_gate
2026-04-29 18:10:18,201	DROP	060310	3S	trend_gate
2026-04-29 18:10:18,591	DROP	004540	깨끗한나라	trend_gate
2026-04-29 18:10:19,007	DROP	012790	신일제약	trend_gate
2026-04-29 18:10:19,409	DROP	058730	다스코	trend_gate
2026-04-29 18:10:19,772	DROP	288620	에스퓨얼셀	trend_gate
2026-04-29 18:10:20,156	DROP	042110	에스씨디	liquidity_gate:KOSDAQ
2026-04-29 18:10:20,535	DROP	036000	예림당	trend_gate
2026-04-29 18:10:20,905	DROP	042940	상지건설	trend_gate
2026-04-29 18:10:21,253	DROP	457370	한켐	trend_gate
2026-04-29 18:10:21,589	DROP	459550	알트	insufficient_rows:111
2026-04-29 18:10:21,949	DROP	321820	아티스트컴퍼니	trend_gate
2026-04-29 18:10:22,328	DROP	010280	아이티센엔텍	liquidity_gate:KOSDAQ
2026-04-29 18:10:22,689	DROP	331380	포커스에이아이	trend_gate
2026-04-29 18:10:23,023	DROP	0013V0	삼진식품	insufficient_rows:86
2026-04-29 18:10:23,377	DROP	460870	에스엠씨지	trend_gate
2026-04-29 18:10:23,758	DROP	234100	폴라리스세원	trend_gate
2026-04-29 18:10:24,135	DROP	111110	호전실업	trend_gate
2026-04-29 18:10:24,516	DROP	040610	SG&G	liquidity_gate:KOSDAQ
2026-04-29 18:10:24,898	DROP	215790	이노인스트루먼트	trend_gate
2026-04-29 18:10:25,301	DROP	900260	로스웰	trend_gate
2026-04-29 18:10:25,694	DROP	049550	잉크테크	liquidity_gate:KOSDAQ
2026-04-29 18:10:26,133	DROP	219550	디와이디	52w_ceiling_gate
2026-04-29 18:10:26,502	DROP	155660	DSR	liquidity_gate:KOSPI
2026-04-29 18:10:26,932	DROP	215090	솔디펜스	trend_gate
2026-04-29 18:10:27,332	DROP	198440	강동씨앤엘	trend_gate
2026-04-29 18:10:27,707	DROP	024910	경창산업	trend_gate
2026-04-29 18:10:28,082	DROP	033310	엠투엔	trend_gate
2026-04-29 18:10:28,465	DROP	087260	모바일어플라이언스	liquidity_gate:KOSDAQ
2026-04-29 18:10:28,862	DROP	000220	유유제약	trend_gate
2026-04-29 18:10:29,216	DROP	021050	서원	liquidity_gate:KOSPI
2026-04-29 18:10:29,613	DROP	010470	오리콤	trend_gate
2026-04-29 18:10:29,970	DROP	373160	데이원컴퍼니	trend_gate
2026-04-29 18:10:30,321	DROP	318160	셀바이오휴먼텍	trend_gate
2026-04-29 18:10:30,706	DROP	052220	iMBC	trend_gate
2026-04-29 18:10:31,056	DROP	372910	한컴라이프케어	trend_gate
2026-04-29 18:10:31,448	DROP	080010	이상네트웍스	trend_gate
2026-04-29 18:10:31,844	DROP	0010F0	보원케미칼	insufficient_rows:19
2026-04-29 18:10:32,231	DROP	006980	우성	liquidity_gate:KOSPI
2026-04-29 18:10:32,573	DROP	177900	쓰리에이로직스	trend_gate
2026-04-29 18:10:32,932	DROP	393210	토마토시스템	trend_gate
2026-04-29 18:10:33,296	DROP	072990	에이치시티	trend_gate
2026-04-29 18:10:33,671	DROP	373200	엑스플러스	trend_gate
2026-04-29 18:10:34,049	DROP	065500	오리엔트정공	trend_gate
2026-04-29 18:10:34,435	DROP	039420	케이엘넷	trend_gate
2026-04-29 18:10:34,829	DROP	000910	유니온	trend_gate
2026-04-29 18:10:35,199	DROP	234920	자이글	trend_gate
2026-04-29 18:10:35,575	DROP	950200	소마젠	trend_gate
2026-04-29 18:10:35,947	DROP	025560	미래산업	liquidity_gate:KOSPI
2026-04-29 18:10:36,323	DROP	037230	한국팩키지	trend_gate
2026-04-29 18:10:36,709	DROP	001620	케이비아이동국실업	trend_gate
2026-04-29 18:10:37,086	DROP	040350	크레오에스지	trend_gate
2026-04-29 18:10:37,476	DROP	306040	에스제이그룹	trend_gate
2026-04-29 18:10:37,874	DROP	092300	현우산업	liquidity_gate:KOSDAQ
2026-04-29 18:10:38,239	DROP	299900	위지윅스튜디오	trend_gate
2026-04-29 18:10:38,603	DROP	289220	자이언트스텝	trend_gate
2026-04-29 18:10:38,984	DROP	170790	파이오링크	liquidity_gate:KOSDAQ
2026-04-29 18:10:39,357	DROP	127980	화인써키트	trend_gate
2026-04-29 18:10:39,728	DROP	002760	보락	trend_gate
2026-04-29 18:10:40,108	DROP	036670	삼양케이씨아이	trend_gate
2026-04-29 18:10:40,489	DROP	068330	일신바이오	trend_gate
2026-04-29 18:10:40,869	DROP	015710	코콤	liquidity_gate:KOSDAQ
2026-04-29 18:10:41,248	DROP	150900	파수에이아이	trend_gate
2026-04-29 18:10:41,644	DROP	002140	고려산업	liquidity_gate:KOSPI
2026-04-29 18:10:42,019	DROP	321260	프로이천	trend_gate
2026-04-29 18:10:42,399	DROP	007370	진양제약	trend_gate
2026-04-29 18:10:42,782	DROP	024950	삼천리자전거	trend_gate
2026-04-29 18:10:43,149	DROP	232830	아이티센피엔에스	liquidity_gate:KOSDAQ
2026-04-29 18:10:43,512	DROP	073640	테라사이언스	trend_gate
2026-04-29 18:10:43,869	DROP	317530	에피소드컴퍼니	trend_gate
2026-04-29 18:10:44,267	DROP	407400	꿈비	trend_gate
2026-04-29 18:10:44,643	DROP	352910	오비고	liquidity_gate:KOSDAQ
2026-04-29 18:10:45,011	DROP	206560	덱스터	trend_gate
2026-04-29 18:10:45,385	DROP	122310	제노레이	trend_gate
2026-04-29 18:10:45,747	DROP	332370	아이디피	trend_gate
2026-04-29 18:10:46,124	DROP	010240	흥국	liquidity_gate:KOSDAQ
2026-04-29 18:10:47,471	DROP	109860	동일금속	trend_gate
2026-04-29 18:10:47,908	DROP	092440	기신정기	trend_gate
2026-04-29 18:10:48,734	DROP	384470	코어라인소프트	trend_gate
2026-04-29 18:10:49,540	DROP	036120	서울평가정보	trend_gate
2026-04-29 18:10:49,921	DROP	246960	SCL사이언스	trend_gate
2026-04-29 18:10:50,334	DROP	340440	세림B&G	volume_drought_gate
2026-04-29 18:10:50,794	DROP	037330	인지디스플레	liquidity_gate:KOSDAQ
2026-04-29 18:10:51,371	DROP	189860	서전기전	liquidity_gate:KOSDAQ
2026-04-29 18:10:51,993	DROP	256630	포인트엔지니어링	trend_gate
2026-04-29 18:10:52,413	DROP	198080	캐프	liquidity_gate:KOSDAQ
2026-04-29 18:10:53,394	DROP	063440	SM Life Design	trend_gate
2026-04-29 18:10:54,268	DROP	199550	레이저옵텍	trend_gate
2026-04-29 18:10:55,070	DROP	053350	이니텍	trend_gate
2026-04-29 18:10:55,464	DROP	072130	유엔젤	trend_gate
2026-04-29 18:10:56,292	DROP	092780	DYP	52w_ceiling_gate
2026-04-29 18:10:56,665	DROP	196300	HLB펩	trend_gate
2026-04-29 18:10:57,038	DROP	452200	민테크	trend_gate
2026-04-29 18:10:57,436	DROP	006490	인스코비	trend_gate
2026-04-29 18:10:57,825	DROP	054300	팬스타엔터프라이즈	trend_gate
2026-04-29 18:10:58,172	DROP	137080	나래나노텍	liquidity_gate:KOSDAQ
2026-04-29 18:10:58,529	DROP	250030	진코스텍	liquidity_gate:KOSDAQ
2026-04-29 18:10:58,910	DROP	009190	대양금속	trend_gate
2026-04-29 18:10:59,278	DROP	067170	오텍	liquidity_gate:KOSDAQ
2026-04-29 18:10:59,710	DROP	153460	네이블	trend_gate
2026-04-29 18:11:00,078	DROP	351330	이삭엔지니어링	trend_gate
2026-04-29 18:11:00,450	DROP	065170	비엘팜텍	trend_gate
2026-04-29 18:11:00,828	DROP	004920	씨아이테크	trend_gate
2026-04-29 18:11:01,195	DROP	050960	수산아이앤티	trend_gate
2026-04-29 18:11:01,596	DROP	005670	푸드웰	trend_gate
2026-04-29 18:11:01,983	DROP	082210	옵트론텍	trend_gate
2026-04-29 18:11:07,026	DROP	218150	미래생명자원	trend_gate
2026-04-29 18:11:07,400	DROP	184230	SGA솔루션즈	trend_gate
2026-04-29 18:11:07,758	DROP	378850	화승알앤에이	trend_gate
2026-04-29 18:11:08,172	DROP	053270	구영테크	liquidity_gate:KOSDAQ
2026-04-29 18:11:08,536	DROP	189980	흥국에프엔비	trend_gate
2026-04-29 18:11:08,915	DROP	004770	써니전자	liquidity_gate:KOSPI
2026-04-29 18:11:09,281	DROP	263690	디알젬	trend_gate
2026-04-29 18:11:09,701	DROP	189330	씨이랩	trend_gate
2026-04-29 18:11:10,095	DROP	097800	윈팩	trend_gate
2026-04-29 18:11:10,477	DROP	004780	대륙제관	liquidity_gate:KOSDAQ
2026-04-29 18:11:10,862	DROP	096630	에스코넥	trend_gate
2026-04-29 18:11:11,235	DROP	002630	오리엔트바이오	trend_gate
2026-04-29 18:11:11,608	DROP	127710	아시아경제	trend_gate
2026-04-29 18:11:11,986	DROP	008370	원풍	liquidity_gate:KOSDAQ
2026-04-29 18:11:12,381	DROP	088910	동우팜투테이블	liquidity_gate:KOSDAQ
2026-04-29 18:11:12,757	DROP	014190	원익큐브	trend_gate
2026-04-29 18:11:13,129	DROP	089790	제이티	trend_gate
2026-04-29 18:11:13,496	DROP	133820	화인베스틸	trend_gate
2026-04-29 18:11:13,857	DROP	239890	피엔에이치테크	trend_gate
2026-04-29 18:11:14,217	DROP	303360	프로티아	trend_gate
2026-04-29 18:11:14,590	DROP	900300	오가닉티코스메틱	trend_gate
2026-04-29 18:11:14,969	DROP	070300	엑스큐어	52w_ceiling_gate
2026-04-29 18:11:15,346	DROP	004910	조광페인트	trend_gate
2026-04-29 18:11:15,720	DROP	004450	삼화왕관	trend_gate
2026-04-29 18:11:16,104	DROP	261200	덴티스	trend_gate
2026-04-29 18:11:16,437	DROP	0010V0	제이피아이헬스케어	insufficient_rows:168
2026-04-29 18:11:16,820	DROP	185490	아이진	trend_gate
2026-04-29 18:11:17,174	DROP	237820	플레이디	trend_gate
2026-04-29 18:11:17,567	DROP	001840	이화공영	trend_gate
2026-04-29 18:11:17,952	DROP	196450	코아시아씨엠	trend_gate
2026-04-29 18:11:18,359	DROP	004410	서울식품	trend_gate
2026-04-29 18:11:18,740	DROP	094970	제이엠티	liquidity_gate:KOSDAQ
2026-04-29 18:11:19,118	DROP	038010	제일테크노스	trend_gate
2026-04-29 18:11:19,471	DROP	440290	HB인베스트먼트	trend_gate
2026-04-29 18:11:19,848	DROP	100030	인지소프트	trend_gate
2026-04-29 18:11:20,226	DROP	238120	얼라인드	trend_gate
2026-04-29 18:11:20,605	DROP	173940	에프엔씨엔터	trend_gate
2026-04-29 18:11:20,991	DROP	008420	문배철강	liquidity_gate:KOSPI
2026-04-29 18:11:21,340	DROP	053620	태양	liquidity_gate:KOSDAQ
2026-04-29 18:11:21,713	DROP	365590	하이딥	trend_gate
2026-04-29 18:11:22,058	DROP	413640	비아이매트릭스	trend_gate
2026-04-29 18:11:22,435	DROP	053980	오상자이엘	trend_gate
2026-04-29 18:11:22,809	DROP	104200	NHN벅스	trend_gate
2026-04-29 18:11:23,187	DROP	052790	액토즈소프트	trend_gate
2026-04-29 18:11:23,527	DROP	419080	엔젯	trend_gate
2026-04-29 18:11:23,911	DROP	045340	토탈소프트	trend_gate
2026-04-29 18:11:24,301	DROP	006370	대구백화점	trend_gate
2026-04-29 18:11:24,652	DROP	452160	제이엔비	trend_gate
2026-04-29 18:11:25,044	DROP	143540	영우디에스피	trend_gate
2026-04-29 18:11:25,400	DROP	432430	와이랩	trend_gate
2026-04-29 18:11:25,761	DROP	297570	알로이스	trend_gate
2026-04-29 18:11:26,149	DROP	123700	SJM	liquidity_gate:KOSPI
2026-04-29 18:11:26,532	DROP	090410	덕신이피씨	trend_gate
2026-04-29 18:11:26,910	DROP	041650	상신브레이크	trend_gate
2026-04-29 18:11:27,294	DROP	017180	명문제약	trend_gate
2026-04-29 18:11:27,666	DROP	010770	평화홀딩스	trend_gate
2026-04-29 18:11:28,042	DROP	033560	블루콤	trend_gate
2026-04-29 18:11:28,457	DROP	311390	네오크레마	trend_gate
2026-04-29 18:11:28,817	DROP	466410	사이냅소프트	trend_gate
2026-04-29 18:11:29,194	DROP	053950	경남제약	trend_gate
2026-04-29 18:11:29,565	DROP	114450	그린생명과학	trend_gate
2026-04-29 18:11:29,960	DROP	038070	서린바이오	trend_gate
2026-04-29 18:11:30,327	DROP	419120	산돌	trend_gate
2026-04-29 18:11:30,672	DROP	471820	셀로맥스사이언스	trend_gate
2026-04-29 18:11:31,072	DROP	037950	엘컴텍	trend_gate
2026-04-29 18:11:31,447	DROP	033830	티비씨	trend_gate
2026-04-29 18:11:31,830	DROP	026940	부국철강	volume_drought_gate
2026-04-29 18:11:32,215	DROP	089150	케이씨티	trend_gate
2026-04-29 18:11:32,618	DROP	093240	형지엘리트	trend_gate
2026-04-29 18:11:33,010	DROP	277070	린드먼아시아	trend_gate
2026-04-29 18:11:33,357	DROP	450330	하스	trend_gate
2026-04-29 18:11:33,747	DROP	048770	TPC로보틱스	liquidity_gate:KOSDAQ
2026-04-29 18:11:34,146	DROP	122350	삼기	trend_gate
2026-04-29 18:11:34,517	DROP	066360	체리부로	liquidity_gate:KOSDAQ
2026-04-29 18:11:34,929	DROP	223310	사토시홀딩스	trend_gate
2026-04-29 18:11:35,320	DROP	007680	대원	trend_gate
2026-04-29 18:11:35,690	DROP	075180	새론오토모티브	trend_gate
2026-04-29 18:11:36,045	DROP	088340	유라클	trend_gate
2026-04-29 18:11:36,405	DROP	465480	인스피언	trend_gate
2026-04-29 18:11:36,799	DROP	052460	아이크래프트	liquidity_gate:KOSDAQ
2026-04-29 18:11:37,182	DROP	072770	멤레이비티	trend_gate
2026-04-29 18:11:37,563	DROP	012280	영화금속	liquidity_gate:KOSPI
2026-04-29 18:11:37,932	DROP	219420	링크제니시스	trend_gate
2026-04-29 18:11:38,300	DROP	023350	한국종합기술	trend_gate
2026-04-29 18:11:38,639	DROP	364950	에이아이코리아	trend_gate
2026-04-29 18:11:39,062	DROP	000890	보해양조	trend_gate
2026-04-29 18:11:39,411	DROP	105760	포스뱅크	trend_gate
2026-04-29 18:11:39,794	DROP	014990	인디에프	trend_gate
2026-04-29 18:11:40,180	DROP	099520	DGI	trend_gate
2026-04-29 18:11:40,562	DROP	025530	SJM홀딩스	trend_gate
2026-04-29 18:11:40,948	DROP	221840	하이즈항공	liquidity_gate:KOSDAQ
2026-04-29 18:11:41,318	DROP	100660	서암기계공업	trend_gate
2026-04-29 18:11:41,700	DROP	057540	옴니시스템	52w_ceiling_gate
2026-04-29 18:11:42,054	DROP	476080	M83	trend_gate
2026-04-29 18:11:42,447	DROP	444530	심플랫폼	trend_gate
2026-04-29 18:11:42,835	DROP	033200	모아텍	liquidity_gate:KOSDAQ
2026-04-29 18:11:43,187	DROP	403490	우듬지팜	trend_gate
2026-04-29 18:11:43,562	DROP	001210	금호전기	trend_gate
2026-04-29 18:11:43,926	DROP	245620	EDGC	trend_gate
2026-04-29 18:11:44,302	DROP	007530	와이엠	trend_gate
2026-04-29 18:11:44,660	DROP	417860	오브젠	trend_gate
2026-04-29 18:11:45,025	DROP	000950	전방	trend_gate
2026-04-29 18:11:45,401	DROP	066130	하츠	trend_gate
2026-04-29 18:11:45,772	DROP	049800	우진플라임	liquidity_gate:KOSPI
2026-04-29 18:11:46,164	DROP	011330	유니켐	trend_gate
2026-04-29 18:11:46,536	DROP	079000	와토스코리아	trend_gate
2026-04-29 18:11:46,909	DROP	189690	포시에스	trend_gate
2026-04-29 18:11:47,274	DROP	122690	서진오토모티브	trend_gate
2026-04-29 18:11:47,641	DROP	190650	코리아에셋투자증권	trend_gate
2026-04-29 18:11:48,047	DROP	007120	미래아이앤지	trend_gate
2026-04-29 18:11:48,415	DROP	361570	알비더블유	trend_gate
2026-04-29 18:11:48,817	DROP	352700	씨앤투스	trend_gate
2026-04-29 18:11:49,252	DROP	056700	신화인터텍	trend_gate
2026-04-29 18:11:49,651	DROP	011300	우성머티리얼스	trend_gate
2026-04-29 18:11:50,045	DROP	260660	알리코제약	trend_gate
2026-04-29 18:11:50,457	DROP	126640	화신정공	liquidity_gate:KOSDAQ
2026-04-29 18:11:50,859	DROP	263020	디케이앤디	liquidity_gate:KOSDAQ
2026-04-29 18:11:51,325	DROP	012160	영흥	trend_gate
2026-04-29 18:11:51,726	DROP	043910	자연과환경	trend_gate
2026-04-29 18:11:52,108	DROP	090080	평화산업	trend_gate
2026-04-29 18:11:52,486	DROP	051490	나라엠앤디	trend_gate
2026-04-29 18:11:52,861	DROP	229000	젠큐릭스	trend_gate
2026-04-29 18:11:53,415	DROP	200350	아티스트스튜디오	trend_gate
2026-04-29 18:11:53,807	DROP	032860	더라미	trend_gate
2026-04-29 18:11:54,201	DROP	097870	효성오앤비	liquidity_gate:KOSDAQ
2026-04-29 18:11:54,577	DROP	340930	유일에너테크	trend_gate
2026-04-29 18:11:54,959	DROP	066670	디티씨	trend_gate
2026-04-29 18:11:55,380	DROP	050110	캠시스	trend_gate
2026-04-29 18:11:55,845	DROP	376180	피코그램	trend_gate
2026-04-29 18:11:56,189	DROP	355390	크라우드웍스	trend_gate
2026-04-29 18:11:56,567	DROP	053160	프리엠스	trend_gate
2026-04-29 18:11:56,964	DROP	217480	에스디생명공학	trend_gate
2026-04-29 18:11:57,348	DROP	054780	키이스트	trend_gate
2026-04-29 18:11:57,730	DROP	046310	백금T&A	52w_ceiling_gate
2026-04-29 18:11:58,122	DROP	171010	램테크놀러지	trend_gate
2026-04-29 18:11:58,516	DROP	006920	모헨즈	trend_gate
2026-04-29 18:11:58,889	DROP	065130	탑엔지니어링	trend_gate
2026-04-29 18:11:59,256	DROP	314140	알피바이오	trend_gate
2026-04-29 18:11:59,641	DROP	038060	루멘스	52w_ceiling_gate
2026-04-29 18:11:59,998	DROP	273060	와이즈버즈	trend_gate
2026-04-29 18:12:00,439	DROP	035460	기산텔레콤	trend_gate
2026-04-29 18:12:00,842	DROP	086040	바이오톡스텍	liquidity_gate:KOSDAQ
2026-04-29 18:12:01,207	DROP	307280	원바이오젠	trend_gate
2026-04-29 18:12:01,581	DROP	003080	SB성보	trend_gate
2026-04-29 18:12:01,941	DROP	430690	한싹	trend_gate
2026-04-29 18:12:02,323	DROP	263700	케어랩스	trend_gate
2026-04-29 18:12:02,699	DROP	033540	파라텍	trend_gate
2026-04-29 18:12:03,077	DROP	002410	범양건영	trend_gate
2026-04-29 18:12:03,432	DROP	388610	지에프씨생명과학	trend_gate
2026-04-29 18:12:03,811	DROP	103840	우양	trend_gate
2026-04-29 18:12:04,180	DROP	060850	영림원소프트랩	trend_gate
2026-04-29 18:12:04,559	DROP	250000	보라티알	trend_gate
2026-04-29 18:12:04,927	DROP	219750	한국비티비	trend_gate
2026-04-29 18:12:05,316	DROP	064480	브리지텍	trend_gate
2026-04-29 18:12:05,689	DROP	002290	삼일기업공사	liquidity_gate:KOSDAQ
2026-04-29 18:12:06,057	DROP	078590	휴림에이텍	trend_gate
2026-04-29 18:12:06,437	DROP	016600	큐캐피탈	trend_gate
2026-04-29 18:12:06,820	DROP	073110	엘엠에스	trend_gate
2026-04-29 18:12:07,188	DROP	087600	픽셀플러스	trend_gate
2026-04-29 18:12:07,571	DROP	043340	에쎈테크	52w_ceiling_gate
2026-04-29 18:12:07,950	DROP	027740	마니커	trend_gate
2026-04-29 18:12:08,356	DROP	009320	아진전자부품	trend_gate
2026-04-29 18:12:08,718	DROP	332290	누보	trend_gate
2026-04-29 18:12:09,087	DROP	179530	애드바이오텍	trend_gate
2026-04-29 18:12:09,444	DROP	464500	아이언디바이스	liquidity_gate:KOSDAQ
2026-04-29 18:12:09,830	DROP	263770	유에스티	trend_gate
2026-04-29 18:12:10,188	DROP	199480	뱅크웨어글로벌	trend_gate
2026-04-29 18:12:10,574	DROP	011420	갤럭시아에스엠	trend_gate
2026-04-29 18:12:10,950	DROP	023960	에쓰씨엔지니어링	trend_gate
2026-04-29 18:12:11,338	DROP	096610	알에프세미	trend_gate
2026-04-29 18:12:11,691	DROP	434480	모니터랩	trend_gate
2026-04-29 18:12:12,048	DROP	288980	모아데이타	trend_gate
2026-04-29 18:12:12,428	DROP	119500	포메탈	trend_gate
2026-04-29 18:12:12,778	DROP	300120	라온피플	trend_gate
2026-04-29 18:12:13,144	DROP	464280	티디에스팜	trend_gate
2026-04-29 18:12:13,515	DROP	290090	트윔	trend_gate
2026-04-29 18:12:13,897	DROP	091590	남화토건	trend_gate
2026-04-29 18:12:14,267	DROP	128540	에코캡	trend_gate
2026-04-29 18:12:14,625	DROP	376290	씨유테크	trend_gate
2026-04-29 18:12:15,000	DROP	263810	상신전자	trend_gate
2026-04-29 18:12:15,365	DROP	320000	한울반도체	trend_gate
2026-04-29 18:12:15,741	DROP	020760	일진디스플	trend_gate
2026-04-29 18:12:16,125	DROP	429270	시지트로닉스	volume_drought_gate
2026-04-29 18:12:16,497	DROP	044960	이글벳	trend_gate
2026-04-29 18:12:16,873	DROP	097780	에코볼트	trend_gate
2026-04-29 18:12:17,255	DROP	081580	성우전자	liquidity_gate:KOSDAQ
2026-04-29 18:12:17,630	DROP	002920	유성기업	trend_gate
2026-04-29 18:12:18,038	DROP	258610	케일럼	trend_gate
2026-04-29 18:12:18,429	DROP	031310	아이즈비전	trend_gate
2026-04-29 18:12:18,798	DROP	241840	에이스토리	trend_gate
2026-04-29 18:12:19,190	DROP	106240	파인테크닉스	trend_gate
2026-04-29 18:12:19,555	DROP	286750	나노실리칸첨단소재	trend_gate
2026-04-29 18:12:19,970	DROP	025880	케이씨피드	liquidity_gate:KOSDAQ
2026-04-29 18:12:20,330	DROP	393970	대진첨단소재	trend_gate
2026-04-29 18:12:20,718	DROP	186230	그린플러스	trend_gate
2026-04-29 18:12:21,113	DROP	032960	동일기연	trend_gate
2026-04-29 18:12:21,493	DROP	129890	앱코	trend_gate
2026-04-29 18:12:21,876	DROP	160550	NEW	trend_gate
2026-04-29 18:12:22,254	DROP	290120	DH오토리드	trend_gate
2026-04-29 18:12:22,635	DROP	140520	대창스틸	trend_gate
2026-04-29 18:12:23,017	DROP	051390	YW	liquidity_gate:KOSDAQ
2026-04-29 18:12:23,364	DROP	460470	아이빔테크놀로지	trend_gate
2026-04-29 18:12:23,737	DROP	206400	베노티앤알	trend_gate
2026-04-29 18:12:24,120	DROP	335810	프리시젼바이오	trend_gate
2026-04-29 18:12:24,511	DROP	003060	에이프로젠바이오로직스	trend_gate
2026-04-29 18:12:24,884	DROP	019770	서연탑메탈	liquidity_gate:KOSDAQ
2026-04-29 18:12:25,279	DROP	073570	리튬포어스	trend_gate
2026-04-29 18:12:25,659	DROP	001380	SG글로벌	trend_gate
2026-04-29 18:12:26,058	DROP	239610	에이치엘사이언스	trend_gate
2026-04-29 18:12:26,452	DROP	080520	오디텍	trend_gate
2026-04-29 18:12:26,813	DROP	420570	제이투케이바이오	trend_gate
2026-04-29 18:12:27,207	DROP	215380	우정바이오	trend_gate
2026-04-29 18:12:27,584	DROP	123010	알엔티엑스	52w_ceiling_gate
2026-04-29 18:12:27,948	DROP	347770	핌스	trend_gate
2026-04-29 18:12:28,327	DROP	148250	알엔투테크놀로지	trend_gate
2026-04-29 18:12:28,730	DROP	069410	엔텔스	trend_gate
2026-04-29 18:12:29,122	DROP	006050	국영지앤엠	trend_gate
2026-04-29 18:12:29,516	DROP	026040	제이에스티나	trend_gate
2026-04-29 18:12:29,876	DROP	450520	인스웨이브	trend_gate
2026-04-29 18:12:30,237	DROP	373170	엠아이큐브솔루션	52w_ceiling_gate
2026-04-29 18:12:30,593	DROP	257990	나우코스	trend_gate
2026-04-29 18:12:35,623	DROP	363260	모비데이즈	trend_gate
2026-04-29 18:12:36,002	DROP	011230	삼화전자	trend_gate
2026-04-29 18:12:36,379	DROP	224110	에이텍모빌리티	trend_gate
2026-04-29 18:12:36,749	DROP	050860	아세아텍	liquidity_gate:KOSDAQ
2026-04-29 18:12:37,148	DROP	271830	팸텍	trend_gate
2026-04-29 18:12:37,530	DROP	052600	한네트	trend_gate
2026-04-29 18:12:37,898	DROP	336060	웨이버스	trend_gate
2026-04-29 18:12:38,279	DROP	082660	코스나인	trend_gate
2026-04-29 18:12:38,661	DROP	178780	일월지엠엘	trend_gate
2026-04-29 18:12:39,029	DROP	220180	핸디소프트	trend_gate
2026-04-29 18:12:39,384	DROP	308170	씨티알모빌리티	trend_gate
2026-04-29 18:12:39,729	DROP	418250	시큐레터	trend_gate
2026-04-29 18:12:40,097	DROP	200780	비씨월드제약	trend_gate
2026-04-29 18:12:40,494	DROP	083550	케이엠	trend_gate
2026-04-29 18:12:40,873	DROP	051630	진양화학	trend_gate
2026-04-29 18:12:41,261	DROP	037370	EG	trend_gate
2026-04-29 18:12:41,638	DROP	153490	우리이앤엘하루틴	liquidity_gate:KOSDAQ
2026-04-29 18:12:42,029	DROP	023440	제이스코홀딩스	trend_gate
2026-04-29 18:12:42,394	DROP	254120	자비스	trend_gate
2026-04-29 18:12:42,746	DROP	363250	진시스템	trend_gate
2026-04-29 18:12:43,094	DROP	475460	미트박스	trend_gate
2026-04-29 18:12:43,435	DROP	351870	차이커뮤니케이션	trend_gate
2026-04-29 18:12:43,817	DROP	014570	고려제약	trend_gate
2026-04-29 18:12:44,203	DROP	024120	KB오토시스	liquidity_gate:KOSDAQ
2026-04-29 18:12:44,565	DROP	084870	TBH글로벌	liquidity_gate:KOSPI
2026-04-29 18:12:44,930	DROP	057030	YBM넷	trend_gate
2026-04-29 18:12:45,302	DROP	069460	대호에이엘	trend_gate
2026-04-29 18:12:45,693	DROP	022220	티케이지애강	trend_gate
2026-04-29 18:12:46,059	DROP	101240	씨큐브	trend_gate
2026-04-29 18:12:46,423	DROP	204020	그리티	trend_gate
2026-04-29 18:12:46,792	DROP	290520	신도기연	liquidity_gate:KOSDAQ
2026-04-29 18:12:47,165	DROP	200580	메디쎄이	liquidity_gate:KOSDAQ
2026-04-29 18:12:47,521	DROP	356890	싸이버원	trend_gate
2026-04-29 18:12:47,885	DROP	208860	다산디엠씨	trend_gate
2026-04-29 18:12:48,254	DROP	309930	조이웍스앤코	trend_gate
2026-04-29 18:12:48,641	DROP	049830	승일	trend_gate
2026-04-29 18:12:49,023	DROP	002880	디와이에이	trend_gate
2026-04-29 18:12:49,388	DROP	195500	마니커에프앤지	trend_gate
2026-04-29 18:12:49,746	DROP	318020	포인트모바일	trend_gate
2026-04-29 18:12:50,118	DROP	073540	에프알텍	trend_gate
2026-04-29 18:12:50,487	DROP	256150	한독크린텍	trend_gate
2026-04-29 18:12:50,865	DROP	228340	동양파일	trend_gate
2026-04-29 18:12:51,269	DROP	080530	코디	trend_gate
2026-04-29 18:12:51,668	DROP	203450	유니온바이오메트릭스	trend_gate
2026-04-29 18:12:52,053	DROP	008870	금비	trend_gate
2026-04-29 18:12:52,472	DROP	005030	부산주공	trend_gate
2026-04-29 18:12:52,837	DROP	317240	TS트릴리온	trend_gate
2026-04-29 18:12:53,220	DROP	058110	멕아이씨에스	trend_gate
2026-04-29 18:12:53,569	DROP	383930	디티앤씨알오	trend_gate
2026-04-29 18:12:53,956	DROP	131760	파인텍	trend_gate
2026-04-29 18:12:54,326	DROP	065950	웰크론	trend_gate
2026-04-29 18:12:54,715	DROP	123570	이엠넷	trend_gate
2026-04-29 18:12:55,109	DROP	038870	에코심플렉스	trend_gate
2026-04-29 18:12:55,480	DROP	032790	엠젠솔루션	trend_gate
2026-04-29 18:12:55,864	DROP	068050	팬엔터테인먼트	trend_gate
2026-04-29 18:12:56,228	DROP	270520	앱튼	trend_gate
2026-04-29 18:12:56,604	DROP	074610	이엔플러스	trend_gate
2026-04-29 18:12:56,973	DROP	066910	손오공	trend_gate
2026-04-29 18:12:57,358	DROP	075970	동국알앤에스	trend_gate
2026-04-29 18:12:57,723	DROP	359090	씨엔알리서치	trend_gate
2026-04-29 18:12:58,117	DROP	008250	이건산업	trend_gate
2026-04-29 18:12:58,495	DROP	000760	이화산업	52w_ceiling_gate
2026-04-29 18:12:58,869	DROP	133750	메가엠디	trend_gate
2026-04-29 18:12:59,266	DROP	014910	성문전자	52w_ceiling_gate
2026-04-29 18:12:59,647	DROP	288330	파라택시스코리아	trend_gate
2026-04-29 18:13:00,035	DROP	057680	티사이언티픽	trend_gate
2026-04-29 18:13:00,381	DROP	462510	라메디텍	trend_gate
2026-04-29 18:13:00,783	DROP	032580	피델릭스	trend_gate
2026-04-29 18:13:01,140	DROP	406820	뷰티스킨	trend_gate
2026-04-29 18:13:01,518	DROP	001000	신라섬유	trend_gate
2026-04-29 18:13:01,902	DROP	237750	피앤씨테크	liquidity_gate:KOSDAQ
2026-04-29 18:13:02,283	DROP	200230	텔콘RF제약	trend_gate
2026-04-29 18:13:02,634	DROP	455180	케이지에이	trend_gate
2026-04-29 18:13:03,008	DROP	013810	스페코	trend_gate
2026-04-29 18:13:03,388	DROP	025750	한솔홈데코	trend_gate
2026-04-29 18:13:03,760	DROP	277410	인산가	trend_gate
2026-04-29 18:13:04,144	DROP	114630	폴라리스우노	trend_gate
2026-04-29 18:13:04,508	DROP	039290	인포뱅크	trend_gate
2026-04-29 18:13:04,862	DROP	340810	시선AI	trend_gate
2026-04-29 18:13:05,222	DROP	440320	오픈놀	trend_gate
2026-04-29 18:13:05,604	DROP	046390	삼화네트웍스	trend_gate
2026-04-29 18:13:05,942	DROP	475660	에스켐	trend_gate
2026-04-29 18:13:06,311	DROP	064520	테크엘	trend_gate
2026-04-29 18:13:06,707	DROP	012620	원일특강	liquidity_gate:KOSDAQ
2026-04-29 18:13:07,090	DROP	221980	케이디켐	trend_gate
2026-04-29 18:13:07,461	DROP	398120	에스지헬스케어	trend_gate
2026-04-29 18:13:07,834	DROP	035200	프럼파스트	52w_ceiling_gate
2026-04-29 18:13:08,204	DROP	318410	비비씨	trend_gate
2026-04-29 18:13:08,591	DROP	007720	소노스퀘어	trend_gate
2026-04-29 18:13:08,962	DROP	109820	진매트릭스	trend_gate
2026-04-29 18:13:09,343	DROP	013720	THE CUBE&	trend_gate
2026-04-29 18:13:09,714	DROP	195990	에이비프로바이오	trend_gate
2026-04-29 18:13:10,096	DROP	065650	하이퍼코퍼레이션	trend_gate
2026-04-29 18:13:10,485	DROP	090150	아이윈	liquidity_gate:KOSDAQ
2026-04-29 18:13:10,852	DROP	045060	오공	trend_gate
2026-04-29 18:13:11,245	DROP	290270	휴네시온	trend_gate
2026-04-29 18:13:11,610	DROP	462980	아이지넷	trend_gate
2026-04-29 18:13:12,001	DROP	043200	파루	trend_gate
2026-04-29 18:13:12,383	DROP	075130	플랜티넷	trend_gate
2026-04-29 18:13:12,754	DROP	258790	소프트캠프	volume_drought_gate
2026-04-29 18:13:13,124	DROP	131100	티엔엔터테인먼트	trend_gate
2026-04-29 18:13:13,474	DROP	387570	파인메딕스	trend_gate
2026-04-29 18:13:13,870	DROP	019490	엑시큐어하이트론	trend_gate
2026-04-29 18:13:14,225	DROP	296640	이노에이엑스	liquidity_gate:KOSDAQ
2026-04-29 18:13:14,608	DROP	298060	풍전약품	trend_gate
2026-04-29 18:13:14,970	DROP	238490	힘스	trend_gate
2026-04-29 18:13:15,322	DROP	318000	KBG	trend_gate
2026-04-29 18:13:15,668	DROP	122830	원포유	trend_gate
2026-04-29 18:13:16,038	DROP	187270	신화콘텍	liquidity_gate:KOSDAQ
2026-04-29 18:13:16,408	DROP	270870	뉴트리	trend_gate
2026-04-29 18:13:16,810	DROP	351320	넥사다이내믹스	trend_gate
2026-04-29 18:13:17,185	DROP	021880	메이슨캐피탈	trend_gate
2026-04-29 18:13:17,581	DROP	050120	ES큐브	trend_gate
2026-04-29 18:13:17,972	DROP	010640	진양폴리	trend_gate
2026-04-29 18:13:18,340	DROP	017040	광명전기	trend_gate
2026-04-29 18:13:18,701	DROP	376980	원티드랩	trend_gate
2026-04-29 18:13:19,088	DROP	005320	온타이드	52w_ceiling_gate
2026-04-29 18:13:19,465	DROP	086060	진바이오텍	trend_gate
2026-04-29 18:13:19,842	DROP	239340	이스트에이드	trend_gate
2026-04-29 18:13:20,212	DROP	257370	피엔티엠에스	trend_gate
2026-04-29 18:13:20,571	DROP	469750	아이비젼웍스	trend_gate
2026-04-29 18:13:20,953	DROP	065370	위세아이텍	trend_gate
2026-04-29 18:13:21,376	DROP	002360	SH에너지화학	trend_gate
2026-04-29 18:13:21,748	DROP	099390	브레인즈컴퍼니	trend_gate
2026-04-29 18:13:22,103	DROP	290560	파라택시스이더리움	trend_gate
2026-04-29 18:13:22,481	DROP	016670	디모아	trend_gate
2026-04-29 18:13:22,855	DROP	064090	인크레더블버즈	trend_gate
2026-04-29 18:13:23,208	DROP	169330	엠브레인	trend_gate
2026-04-29 18:13:23,579	DROP	038880	아이에이	trend_gate
2026-04-29 18:13:23,942	DROP	353590	오토앤	trend_gate
2026-04-29 18:13:24,298	DROP	354390	바스칸바이오제약	trend_gate
2026-04-29 18:13:24,683	DROP	025440	DH오토웨어	trend_gate
2026-04-29 18:13:25,065	DROP	059100	아이컴포넌트	trend_gate
2026-04-29 18:13:25,441	DROP	134790	시디즈	trend_gate
2026-04-29 18:13:25,818	DROP	005820	원림	liquidity_gate:KOSPI
2026-04-29 18:13:26,167	DROP	464580	닷밀	trend_gate
2026-04-29 18:13:26,534	DROP	130500	GH신소재	trend_gate
2026-04-29 18:13:26,926	DROP	002870	신풍	trend_gate
2026-04-29 18:13:27,307	DROP	148780	비큐AI	trend_gate
2026-04-29 18:13:27,687	DROP	021650	한국큐빅	trend_gate
2026-04-29 18:13:28,072	DROP	263920	휴엠앤씨	trend_gate
2026-04-29 18:13:28,454	DROP	001810	무림SP	liquidity_gate:KOSDAQ
2026-04-29 18:13:28,815	DROP	140430	카티스	trend_gate
2026-04-29 18:13:29,234	DROP	000040	KR모터스	trend_gate
2026-04-29 18:13:29,621	DROP	056730	CNT85	trend_gate
2026-04-29 18:13:30,007	DROP	038620	위즈코프	trend_gate
2026-04-29 18:13:30,361	DROP	317120	라닉스	52w_ceiling_gate
2026-04-29 18:13:30,734	DROP	094860	네오리진	liquidity_gate:KOSDAQ
2026-04-29 18:13:31,077	DROP	262840	아이퀘스트	trend_gate
2026-04-29 18:13:31,417	DROP	285800	진영	trend_gate
2026-04-29 18:13:31,784	DROP	146060	율촌	trend_gate
2026-04-29 18:13:32,182	DROP	006200	한국전자홀딩스	trend_gate
2026-04-29 18:13:32,543	DROP	024890	대원화성	trend_gate
2026-04-29 18:13:32,884	DROP	462310	뉴키즈온	insufficient_rows:198
2026-04-29 18:13:33,240	DROP	424760	벨로크	52w_ceiling_gate
2026-04-29 18:13:33,610	DROP	024070	WISCOM	liquidity_gate:KOSPI
2026-04-29 18:13:33,996	DROP	177830	파버나인	trend_gate
2026-04-29 18:13:34,361	DROP	303530	이노뎁	trend_gate
2026-04-29 18:13:34,700	DROP	342870	오아	insufficient_rows:155
2026-04-29 18:13:35,071	DROP	017000	신원종합개발	liquidity_gate:KOSDAQ
2026-04-29 18:13:35,451	DROP	045510	정원엔시스	trend_gate
2026-04-29 18:13:35,827	DROP	187220	디티앤씨	liquidity_gate:KOSDAQ
2026-04-29 18:13:36,235	DROP	225220	제놀루션	trend_gate
2026-04-29 18:13:36,632	DROP	243870	아이티센코어	liquidity_gate:KOSDAQ
2026-04-29 18:13:36,976	DROP	274400	이노시뮬레이션	trend_gate
2026-04-29 18:13:37,338	DROP	438700	버넥트	trend_gate
2026-04-29 18:13:37,723	DROP	001070	대한방직	trend_gate
2026-04-29 18:13:38,118	DROP	066900	디에이피	trend_gate
2026-04-29 18:13:38,485	DROP	291230	엔피	trend_gate
2026-04-29 18:13:38,857	DROP	060540	에스에이티	trend_gate
2026-04-29 18:13:39,229	DROP	142760	모아라이프플러스	trend_gate
2026-04-29 18:13:39,600	DROP	009140	경인전자	liquidity_gate:KOSPI
2026-04-29 18:13:39,972	DROP	051380	피씨디렉트	trend_gate
2026-04-29 18:13:40,344	DROP	048470	대동스틸	trend_gate
2026-04-29 18:13:40,693	DROP	377220	프롬바이오	trend_gate
2026-04-29 18:13:41,068	DROP	053290	NE능률	trend_gate
2026-04-29 18:13:41,469	DROP	196490	디에이테크놀로지	trend_gate
2026-04-29 18:13:41,907	DROP	016100	리더스코스메틱	trend_gate
2026-04-29 18:13:42,334	DROP	049120	파인디앤씨	trend_gate
2026-04-29 18:13:42,701	DROP	038950	파인디지털	trend_gate
2026-04-29 18:13:43,067	DROP	284620	카이노스메드	trend_gate
2026-04-29 18:13:43,443	DROP	071850	캐스텍코리아	trend_gate
2026-04-29 18:13:43,823	DROP	044480	빌리언스	trend_gate
2026-04-29 18:13:44,192	DROP	090370	메타랩스	trend_gate
2026-04-29 18:13:44,562	DROP	038530	케이바이오랩스	trend_gate
2026-04-29 18:13:44,945	DROP	015260	에이엔피	liquidity_gate:KOSPI
2026-04-29 18:13:45,334	DROP	009810	플레이그램	trend_gate
2026-04-29 18:13:45,704	DROP	208710	포톤	trend_gate
2026-04-29 18:13:46,099	DROP	109960	앱토크롬	trend_gate
2026-04-29 18:13:46,463	DROP	118000	메타케어	trend_gate
2026-04-29 18:13:46,857	DROP	068940	셀피글로벌	trend_gate
2026-04-29 18:13:47,259	DROP	131220	대한과학	trend_gate
2026-04-29 18:13:47,624	DROP	006740	블루산업개발	trend_gate
2026-04-29 18:13:47,984	DROP	002690	동일제강	trend_gate
2026-04-29 18:13:48,380	DROP	210120	캔버스엔	trend_gate
2026-04-29 18:13:48,742	DROP	112190	KC산업	trend_gate
2026-04-29 18:13:49,114	DROP	013000	세우글로벌	trend_gate
2026-04-29 18:13:49,481	DROP	027580	상보	trend_gate
2026-04-29 18:13:49,842	DROP	301300	바이브컴퍼니	trend_gate
2026-04-29 18:13:50,191	DROP	431190	케이쓰리아이	trend_gate
2026-04-29 18:13:50,662	DROP	123840	뉴온	trend_gate
2026-04-29 18:13:51,020	DROP	263050	유틸렉스	trend_gate
2026-04-29 18:13:51,412	DROP	033050	제이엠아이	liquidity_gate:KOSDAQ
2026-04-29 18:13:51,800	DROP	079170	한창산업	trend_gate
2026-04-29 18:13:52,210	DROP	162120	루켄테크놀러지스	liquidity_gate:KOSDAQ
2026-04-29 18:13:52,570	DROP	900340	윙입푸드	trend_gate
2026-04-29 18:13:52,930	DROP	900310	컬러레이	trend_gate
2026-04-29 18:13:53,306	DROP	252500	세화피앤씨	trend_gate
2026-04-29 18:13:53,647	DROP	465770	STX그린로지스	trend_gate
2026-04-29 18:13:54,011	DROP	367000	플래티어	trend_gate
2026-04-29 18:13:54,350	DROP	446440	에피바이오텍	trend_gate
2026-04-29 18:13:54,726	DROP	333050	이노테나	trend_gate
2026-04-29 18:13:55,099	DROP	337840	유엑스엔	trend_gate
2026-04-29 18:13:55,447	DROP	405920	나라셀라	trend_gate
2026-04-29 18:13:55,820	DROP	303030	지니틱스	trend_gate
2026-04-29 18:13:56,196	DROP	089140	넥스턴앤롤코리아	trend_gate
2026-04-29 18:13:56,527	DROP	397810	애드포러스	insufficient_rows:167
2026-04-29 18:13:56,904	DROP	023150	MH에탄올	trend_gate
2026-04-29 18:13:57,270	DROP	045300	성우테크론	trend_gate
2026-04-29 18:13:57,662	DROP	054220	비츠로시스	trend_gate
2026-04-29 18:13:58,016	DROP	377330	이지트로닉스	trend_gate
2026-04-29 18:13:58,366	DROP	236810	엔비티	trend_gate
2026-04-29 18:13:58,747	DROP	063760	이엘피	liquidity_gate:KOSDAQ
2026-04-29 18:13:59,088	DROP	446070	유니드비티플러스	trend_gate
2026-04-29 18:13:59,456	DROP	310870	디와이씨	trend_gate
2026-04-29 18:13:59,819	DROP	069140	누리플랜	trend_gate
2026-04-29 18:14:00,187	DROP	198940	한주라이트메탈	trend_gate
2026-04-29 18:14:00,535	DROP	102950	아하	trend_gate
2026-04-29 18:14:00,910	DROP	088790	진도	liquidity_gate:KOSPI
2026-04-29 18:14:01,277	DROP	014130	한익스프레스	trend_gate
2026-04-29 18:14:01,639	DROP	027040	서울전자통신	trend_gate
2026-04-29 18:14:02,016	DROP	039740	한국정보공학	liquidity_gate:KOSDAQ
2026-04-29 18:14:02,406	DROP	024940	PN풍년	trend_gate
2026-04-29 18:14:02,777	DROP	138070	신진에스엠	trend_gate
2026-04-29 18:14:03,143	DROP	115480	씨유메디칼	trend_gate
2026-04-29 18:14:03,499	DROP	227420	도부	trend_gate
2026-04-29 18:14:03,879	DROP	008470	부스타	trend_gate
2026-04-29 18:14:04,256	DROP	005360	모나미	trend_gate
2026-04-29 18:14:04,616	DROP	030720	동원수산	trend_gate
2026-04-29 18:14:04,981	DROP	304840	피플바이오	trend_gate
2026-04-29 18:14:05,329	DROP	148930	에이치와이티씨	trend_gate
2026-04-29 18:14:05,674	DROP	495810	유비씨	trend_gate
2026-04-29 18:14:06,048	DROP	900070	글로벌에스엠	liquidity_gate:KOSDAQ
2026-04-29 18:14:06,444	DROP	131090	시큐브	trend_gate
2026-04-29 18:14:06,829	DROP	023790	동일스틸럭스	trend_gate
2026-04-29 18:14:07,224	DROP	032750	삼진	trend_gate
2026-04-29 18:14:07,647	DROP	018680	서울제약	trend_gate
2026-04-29 18:14:08,027	DROP	101000	KS인더스트리	trend_gate
2026-04-29 18:14:08,397	DROP	009460	한창제지	trend_gate
2026-04-29 18:14:08,757	DROP	335870	윙스풋	trend_gate
2026-04-29 18:14:09,125	DROP	002420	세기상사	trend_gate
2026-04-29 18:14:09,482	DROP	085810	알티캐스트	trend_gate
2026-04-29 18:14:09,854	DROP	096690	에이루트	trend_gate
2026-04-29 18:14:10,184	DROP	068100	케이웨더	trend_gate
2026-04-29 18:14:10,569	DROP	039310	세중	52w_ceiling_gate
2026-04-29 18:14:10,937	DROP	003680	한성기업	trend_gate
2026-04-29 18:14:11,315	DROP	004870	티웨이홀딩스	trend_gate
2026-04-29 18:14:11,684	DROP	047080	한빛소프트	trend_gate
2026-04-29 18:14:12,071	DROP	033250	체시스	trend_gate
2026-04-29 18:14:12,442	DROP	021040	대호특수강	trend_gate
2026-04-29 18:14:12,832	DROP	354200	엔젠바이오	trend_gate
2026-04-29 18:14:13,217	DROP	067730	로지시스	trend_gate
2026-04-29 18:14:13,599	DROP	060380	동양에스텍	trend_gate
2026-04-29 18:14:13,982	DROP	019570	플루토스	52w_ceiling_gate
2026-04-29 18:14:14,353	DROP	010400	우진아이엔에스	liquidity_gate:KOSPI
2026-04-29 18:14:14,730	DROP	115610	이미지스	trend_gate
2026-04-29 18:14:15,096	DROP	091340	S&K폴리텍	trend_gate
2026-04-29 18:14:15,469	DROP	258830	세종메디칼	trend_gate
2026-04-29 18:14:15,843	DROP	191410	육일씨엔에쓰	trend_gate
2026-04-29 18:14:16,197	DROP	457600	벡트	trend_gate
2026-04-29 18:14:16,584	DROP	080470	성창오토텍	trend_gate
2026-04-29 18:14:16,958	DROP	115160	휴맥스	trend_gate
2026-04-29 18:14:17,365	DROP	019660	글로본	trend_gate
2026-04-29 18:14:17,731	DROP	006570	대림통상	trend_gate
2026-04-29 18:14:18,096	DROP	196700	웹스	trend_gate
2026-04-29 18:14:18,454	DROP	270210	에스알바이오텍	trend_gate
2026-04-29 18:14:18,827	DROP	065770	CS	trend_gate
2026-04-29 18:14:19,180	DROP	432980	엠에프씨	trend_gate
2026-04-29 18:14:19,524	DROP	373110	엑셀세라퓨틱스	trend_gate
2026-04-29 18:14:19,934	DROP	139670	키네마스터	trend_gate
2026-04-29 18:14:20,319	DROP	224060	더코디	liquidity_gate:KOSDAQ
2026-04-29 18:14:20,685	DROP	328380	솔트웨어	trend_gate
2026-04-29 18:14:21,059	DROP	246250	에스엘에스바이오	trend_gate
2026-04-29 18:14:21,411	DROP	109670	씨싸이트	trend_gate
2026-04-29 18:14:21,756	DROP	188040	바이오포트	trend_gate
2026-04-29 18:14:22,132	DROP	103230	에스앤더블류	trend_gate
2026-04-29 18:14:22,495	DROP	372800	아이티아이즈	trend_gate
2026-04-29 18:14:22,923	DROP	002820	SUN&L	trend_gate
2026-04-29 18:14:23,299	DROP	083640	인콘	trend_gate
2026-04-29 18:14:23,667	DROP	069640	한세엠케이	trend_gate
2026-04-29 18:14:24,043	DROP	900100	애머릿지	trend_gate
2026-04-29 18:14:24,402	DROP	362990	드림인사이트	trend_gate
2026-04-29 18:14:24,768	DROP	222980	한국맥널티	trend_gate
2026-04-29 18:14:25,134	DROP	368600	아이씨에이치	trend_gate
2026-04-29 18:14:25,508	DROP	208640	썸에이지	trend_gate
2026-04-29 18:14:25,858	DROP	405000	플라즈맵	trend_gate
2026-04-29 18:14:26,209	DROP	434190	탈로스	trend_gate
2026-04-29 18:14:26,590	DROP	032080	아즈텍WB	liquidity_gate:KOSDAQ
2026-04-29 18:14:26,954	DROP	240600	유진테크놀로지	trend_gate
2026-04-29 18:14:27,316	DROP	227610	아우딘퓨쳐스	trend_gate
2026-04-29 18:14:27,705	DROP	031510	오스템	trend_gate
2026-04-29 18:14:28,068	DROP	083660	CSA 코스믹	trend_gate
2026-04-29 18:14:28,439	DROP	318010	팜스빌	trend_gate
2026-04-29 18:14:28,819	DROP	032680	소프트센	trend_gate
2026-04-29 18:14:29,208	DROP	044780	에이치케이	liquidity_gate:KOSDAQ
2026-04-29 18:14:29,581	DROP	076080	웰크론한텍	trend_gate
2026-04-29 18:14:29,957	DROP	054090	삼진엘앤디	liquidity_gate:KOSDAQ
2026-04-29 18:14:30,337	DROP	034940	조아제약	trend_gate
2026-04-29 18:14:30,685	DROP	418620	E8	trend_gate
2026-04-29 18:14:31,053	DROP	900110	이스트아시아홀딩스	trend_gate
2026-04-29 18:14:31,425	DROP	322970	무진메디	trend_gate
2026-04-29 18:14:31,804	DROP	123750	알톤	trend_gate
2026-04-29 18:14:32,178	DROP	042040	케이피엠테크	trend_gate
2026-04-29 18:14:32,566	DROP	355690	에이텀	trend_gate
2026-04-29 18:14:32,968	DROP	016920	카스	trend_gate
2026-04-29 18:14:33,351	DROP	091970	나노캠텍	52w_ceiling_gate
2026-04-29 18:14:33,727	DROP	036480	대성미생물	trend_gate
2026-04-29 18:14:34,109	DROP	052300	오션인더블유	trend_gate
2026-04-29 18:14:34,506	DROP	037400	우리엔터프라이즈	trend_gate
2026-04-29 18:14:34,881	DROP	226340	본느	trend_gate
2026-04-29 18:14:35,249	DROP	311060	엘에이티	trend_gate
2026-04-29 18:14:35,622	DROP	044380	주연테크	trend_gate
2026-04-29 18:14:35,980	DROP	417180	핑거스토리	trend_gate
2026-04-29 18:14:36,352	DROP	216400	인바이츠바이오코아	trend_gate
2026-04-29 18:14:36,740	DROP	131180	딜리	trend_gate
2026-04-29 18:14:37,118	DROP	101400	엔시트론	trend_gate
2026-04-29 18:14:37,495	DROP	279600	미디어젠	trend_gate
2026-04-29 18:14:37,862	DROP	267790	배럴	trend_gate
2026-04-29 18:14:38,234	DROP	007770	한일화학	trend_gate
2026-04-29 18:14:38,625	DROP	060900	에이전트AI	trend_gate
2026-04-29 18:14:38,997	DROP	312610	에이에프더블류	trend_gate
2026-04-29 18:14:39,367	DROP	179720	머니무브	trend_gate
2026-04-29 18:14:39,729	DROP	208350	지란지교시큐리티	liquidity_gate:KOSDAQ
2026-04-29 18:14:40,108	DROP	093380	풍강	trend_gate
2026-04-29 18:14:40,477	DROP	900270	헝셩그룹	trend_gate
2026-04-29 18:14:40,853	DROP	004270	남성	trend_gate
2026-04-29 18:14:41,282	DROP	043220	티에스넥스젠	trend_gate
2026-04-29 18:14:41,647	DROP	336040	타스컴	liquidity_gate:KOSDAQ
2026-04-29 18:14:42,037	DROP	023770	플레이위드	trend_gate
2026-04-29 18:14:42,389	DROP	377030	비트맥스	trend_gate
2026-04-29 18:14:42,783	DROP	079650	서산	trend_gate
2026-04-29 18:14:43,188	DROP	331520	밸로프	trend_gate
2026-04-29 18:14:43,597	DROP	067010	이씨에스	trend_gate
2026-04-29 18:14:43,985	DROP	070590	인티큐브	trend_gate
2026-04-29 18:14:44,351	DROP	193250	링크드	trend_gate
2026-04-29 18:14:44,727	DROP	005110	한창	trend_gate
2026-04-29 18:14:45,122	DROP	233990	질경이	trend_gate
2026-04-29 18:14:45,551	DROP	197140	디지캡	trend_gate
2026-04-29 18:14:46,025	DROP	060230	제이케이시냅스	trend_gate
2026-04-29 18:14:46,461	DROP	143210	핸즈코퍼레이션	trend_gate
2026-04-29 18:14:46,945	DROP	012170	아센디오	trend_gate
2026-04-29 18:14:47,428	DROP	078860	스테이지원엔터	trend_gate
2026-04-29 18:14:47,821	DROP	059180	엔더블유시	insufficient_rows:86
2026-04-29 18:14:48,310	DROP	011090	에넥스	trend_gate
2026-04-29 18:14:48,790	DROP	101680	한국정밀기계	liquidity_gate:KOSDAQ
2026-04-29 18:14:49,273	DROP	054940	엑사이엔씨	liquidity_gate:KOSDAQ
2026-04-29 18:14:49,676	DROP	353190	휴럼	trend_gate
2026-04-29 18:14:50,066	DROP	403360	라피치	trend_gate
2026-04-29 18:14:50,477	DROP	115570	스타플렉스	trend_gate
2026-04-29 18:14:50,856	DROP	415380	스튜디오삼익	trend_gate
2026-04-29 18:14:51,233	DROP	092600	앤씨앤	trend_gate
2026-04-29 18:14:51,616	DROP	065420	에스아이리소스	trend_gate
2026-04-29 18:14:51,998	DROP	154030	아시아종묘	trend_gate
2026-04-29 18:14:52,380	DROP	206950	볼빅	trend_gate
2026-04-29 18:14:52,738	DROP	352940	인바이오	trend_gate
2026-04-29 18:14:53,156	DROP	207490	에이펙스인텍	liquidity_gate:KOSDAQ
2026-04-29 18:14:53,570	DROP	025890	한국주강	trend_gate
2026-04-29 18:14:53,936	DROP	009730	이렘	trend_gate
2026-04-29 18:14:54,489	DROP	225590	패션플랫폼	trend_gate
2026-04-29 18:14:54,921	DROP	348030	모비릭스	trend_gate
2026-04-29 18:14:55,287	DROP	278990	EMB	trend_gate
2026-04-29 18:14:55,663	DROP	130740	티피씨글로벌	trend_gate
2026-04-29 18:14:56,057	DROP	113810	디젠스	trend_gate
2026-04-29 18:14:56,425	DROP	083470	이엠앤아이	trend_gate
2026-04-29 18:14:56,789	DROP	308100	형지글로벌	trend_gate
2026-04-29 18:14:57,158	DROP	043360	디지아이	liquidity_gate:KOSDAQ
2026-04-29 18:14:57,514	DROP	238200	비피도	trend_gate
2026-04-29 18:14:57,910	DROP	001420	태원물산	trend_gate
2026-04-29 18:14:58,295	DROP	032280	삼일	52w_ceiling_gate
2026-04-29 18:14:58,695	DROP	009310	참엔지니어링	trend_gate
2026-04-29 18:14:59,059	DROP	115530	씨엔플러스	trend_gate
2026-04-29 18:14:59,413	DROP	365900	브이씨	trend_gate
2026-04-29 18:14:59,771	DROP	191600	블루탑	trend_gate
2026-04-29 18:15:00,162	DROP	121890	에스디시스템	trend_gate
2026-04-29 18:15:00,526	DROP	065150	대산F&B	trend_gate
2026-04-29 18:15:00,890	DROP	084440	유비온	trend_gate
2026-04-29 18:15:01,277	DROP	002680	한탑	trend_gate
2026-04-29 18:15:01,613	DROP	389680	유디엠텍	trend_gate
2026-04-29 18:15:01,941	DROP	403810	아이엘로보틱스	insufficient_rows:110
2026-04-29 18:15:02,321	DROP	017250	인터엠	trend_gate
2026-04-29 18:15:02,691	DROP	088290	이원컴포텍	trend_gate
2026-04-29 18:15:03,061	DROP	084180	수성웹툰	trend_gate
2026-04-29 18:15:03,408	DROP	291810	핀텔	trend_gate
2026-04-29 18:15:03,799	DROP	053060	세동	trend_gate
2026-04-29 18:15:04,176	DROP	076340	지에이이노더스	trend_gate
2026-04-29 18:15:04,538	DROP	054410	케이피티유	trend_gate
2026-04-29 18:15:04,917	DROP	289010	아이스크림에듀	trend_gate
2026-04-29 18:15:05,295	DROP	275630	에스에스알	liquidity_gate:KOSDAQ
2026-04-29 18:15:05,678	DROP	058450	한주에이알티	trend_gate
2026-04-29 18:15:06,046	DROP	048830	엔피케이	trend_gate
2026-04-29 18:15:06,435	DROP	045520	크린앤사이언스	trend_gate
2026-04-29 18:15:06,815	DROP	050760	에스폴리텍	trend_gate
2026-04-29 18:15:07,174	DROP	080720	한국유니온제약	trend_gate
2026-04-29 18:15:07,543	DROP	018620	우진비앤지	trend_gate
2026-04-29 18:15:07,916	DROP	192390	윈하이텍	trend_gate
2026-04-29 18:15:08,371	DROP	134060	이퓨쳐	trend_gate
2026-04-29 18:15:08,733	DROP	247660	나노씨엠에스	trend_gate
2026-04-29 18:15:09,117	DROP	230980	비유테크놀러지	trend_gate
2026-04-29 18:15:09,495	DROP	098660	에스티오	trend_gate
2026-04-29 18:15:09,856	DROP	110020	전진바이오팜	trend_gate
2026-04-29 18:15:10,242	DROP	014100	메디앙스	trend_gate
2026-04-29 18:15:10,636	DROP	154040	다산솔루에타	trend_gate
2026-04-29 18:15:11,024	DROP	215480	토박스코리아	trend_gate
2026-04-29 18:15:11,381	DROP	322780	코퍼스코리아	trend_gate
2026-04-29 18:15:11,733	DROP	199730	바이오인프라	trend_gate
2026-04-29 18:15:12,113	DROP	137940	넥스트아이	trend_gate
2026-04-29 18:15:12,492	DROP	177350	베셀	trend_gate
2026-04-29 18:15:12,869	DROP	001770	SHD	trend_gate
2026-04-29 18:15:13,236	DROP	065690	파커스	liquidity_gate:KOSDAQ
2026-04-29 18:15:13,594	DROP	317860	노드메이슨	trend_gate
2026-04-29 18:15:13,997	DROP	060480	국일신동	trend_gate
2026-04-29 18:15:14,377	DROP	060260	뉴보텍	trend_gate
2026-04-29 18:15:14,747	DROP	419540	비스토스	trend_gate
2026-04-29 18:15:15,134	DROP	096870	엘디티	trend_gate
2026-04-29 18:15:15,521	DROP	071950	코아스	trend_gate
2026-04-29 18:15:15,869	DROP	254160	제이엠멀티	liquidity_gate:KOSDAQ
2026-04-29 18:15:16,248	DROP	015020	이스타코	trend_gate
2026-04-29 18:15:16,642	DROP	018700	바른손	trend_gate
2026-04-29 18:15:17,019	DROP	020400	대동금속	52w_ceiling_gate
2026-04-29 18:15:17,394	DROP	214610	롤링스톤	trend_gate
2026-04-29 18:15:17,752	DROP	341170	퓨쳐메디신	trend_gate
2026-04-29 18:15:18,132	DROP	043590	웰킵스하이텍	52w_ceiling_gate
2026-04-29 18:15:18,497	DROP	344860	이노진	trend_gate
2026-04-29 18:15:18,870	DROP	086220	광동헬스바이오	trend_gate
2026-04-29 18:15:19,248	DROP	051780	큐로홀딩스	trend_gate
2026-04-29 18:15:19,618	DROP	031860	디에이치엑스컴퍼니	trend_gate
2026-04-29 18:15:19,978	DROP	361670	삼영에스앤씨	trend_gate
2026-04-29 18:15:20,341	DROP	222670	플럼라인생명과학	trend_gate
2026-04-29 18:15:20,727	DROP	011080	형지I&C	trend_gate
2026-04-29 18:15:21,113	DROP	067770	세진티에스	trend_gate
2026-04-29 18:15:21,499	DROP	032980	바이온	trend_gate
2026-04-29 18:15:21,866	DROP	331660	한국미라클피플사	liquidity_gate:KOSDAQ
2026-04-29 18:15:22,244	DROP	035620	바른손이앤에이	trend_gate
2026-04-29 18:15:22,613	DROP	217880	틸론	trend_gate
2026-04-29 18:15:23,001	DROP	025870	신라에스지	trend_gate
2026-04-29 18:15:23,392	DROP	008600	윌비스	trend_gate
2026-04-29 18:15:23,782	DROP	368970	오에스피	trend_gate
2026-04-29 18:15:24,189	DROP	009440	KC그린홀딩스	trend_gate
2026-04-29 18:15:24,573	DROP	069330	유아이디	trend_gate
2026-04-29 18:15:24,949	DROP	028080	휴맥스홀딩스	trend_gate
2026-04-29 18:15:25,328	DROP	008290	원풍물산	trend_gate
2026-04-29 18:15:25,696	DROP	276730	한울앤제주	trend_gate
2026-04-29 18:15:26,038	DROP	476710	타조이엔터테인먼트	trend_gate
2026-04-29 18:15:26,389	DROP	176590	코나솔	trend_gate
2026-04-29 18:15:26,761	DROP	241820	피씨엘	trend_gate
2026-04-29 18:15:27,136	DROP	035290	골드앤에스	trend_gate
2026-04-29 18:15:27,519	DROP	012340	뉴인텍	trend_gate
2026-04-29 18:15:27,883	DROP	008500	일정실업	trend_gate
2026-04-29 18:15:28,260	DROP	250930	예선테크	trend_gate
2026-04-29 18:15:28,642	DROP	069920	엑시온그룹	trend_gate
2026-04-29 18:15:29,010	DROP	002070	비비안	trend_gate
2026-04-29 18:15:29,401	DROP	050090	비케이홀딩스	trend_gate
2026-04-29 18:15:29,777	DROP	009620	삼보산업	trend_gate
2026-04-29 18:15:30,222	DROP	106520	노블엠앤비	trend_gate
2026-04-29 18:15:30,578	DROP	052960	태양3C	trend_gate
2026-04-29 18:15:30,971	DROP	032800	판타지오	trend_gate
2026-04-29 18:15:31,339	DROP	302920	더콘텐츠온	trend_gate
2026-04-29 18:15:31,710	DROP	073190	듀오백	trend_gate
2026-04-29 18:15:32,091	DROP	079950	인베니아	trend_gate
2026-04-29 18:15:32,449	DROP	233250	메디안디노스틱	trend_gate
2026-04-29 18:15:32,824	DROP	900120	씨엑스아이	trend_gate
2026-04-29 18:15:33,201	DROP	149010	아이케이세미콘	trend_gate
2026-04-29 18:15:33,588	DROP	030350	드래곤플라이	trend_gate
2026-04-29 18:15:33,936	DROP	368030	창대정밀	trend_gate
2026-04-29 18:15:34,281	DROP	188260	세니젠	trend_gate
2026-04-29 18:15:34,659	DROP	227100	프로브잇	trend_gate
2026-04-29 18:15:35,039	DROP	225430	케이엠제약	trend_gate
2026-04-29 18:15:35,420	DROP	208850	이비테크	trend_gate
2026-04-29 18:15:35,799	DROP	379390	이성씨엔아이	trend_gate
2026-04-29 18:15:36,211	DROP	121850	코이즈	trend_gate
2026-04-29 18:15:36,615	DROP	065060	지엔코	trend_gate
2026-04-29 18:15:36,984	DROP	352770	셀레스트라	trend_gate
2026-04-29 18:15:37,361	DROP	244460	올리패스	trend_gate
2026-04-29 18:15:37,713	DROP	351020	미쥬	trend_gate
2026-04-29 18:15:38,095	DROP	054180	메디콕스	trend_gate
2026-04-29 18:15:38,481	DROP	079190	케스피온	trend_gate
2026-04-29 18:15:38,861	DROP	026910	광진실업	trend_gate
2026-04-29 18:15:39,241	DROP	065570	삼영이엔씨	trend_gate
2026-04-29 18:15:39,614	DROP	456190	큐라켐	trend_gate
2026-04-29 18:15:39,962	DROP	289170	바이오텐	trend_gate
2026-04-29 18:15:40,324	DROP	169670	코스텍시스템	trend_gate
2026-04-29 18:15:40,690	DROP	224760	엔에스컴퍼니	trend_gate
2026-04-29 18:15:41,060	DROP	060240	스타코링크	trend_gate
2026-04-29 18:15:41,391	DROP	0070X0	에스테크엠	insufficient_rows:3
2026-04-29 18:15:41,755	DROP	043100	알파AI	trend_gate
2026-04-29 18:15:42,127	DROP	253610	루트락	trend_gate
2026-04-29 18:15:42,509	DROP	199150	데이터스트림즈	trend_gate
2026-04-29 18:15:42,889	DROP	238500	솔루믹스	trend_gate
2026-04-29 18:15:43,261	DROP	114920	대주이엔티	trend_gate
2026-04-29 18:15:43,621	DROP	217320	썬테크	trend_gate
2026-04-29 18:15:43,992	DROP	103660	씨앗	liquidity_gate:KOSDAQ
2026-04-29 18:15:44,371	DROP	106080	케이이엠텍	trend_gate
2026-04-29 18:15:44,759	DROP	244880	나눔테크	trend_gate
2026-04-29 18:15:45,144	DROP	145210	다이나믹디자인	trend_gate
2026-04-29 18:15:45,548	DROP	178600	대동고려삼	trend_gate
2026-04-29 18:15:45,922	DROP	189350	코셋	trend_gate
2026-04-29 18:15:46,316	DROP	185190	수프로	trend_gate
2026-04-29 18:15:46,663	DROP	447690	아이오바이오	trend_gate
2026-04-29 18:15:47,042	DROP	079970	투비소프트	trend_gate
2026-04-29 18:15:47,425	DROP	212310	오건에코텍	trend_gate
2026-04-29 18:15:47,790	DROP	318660	타임기술	trend_gate
2026-04-29 18:15:48,148	DROP	066830	제노텍	trend_gate
2026-04-29 18:15:48,542	DROP	199290	바이오프로테크	trend_gate
2026-04-29 18:15:48,929	DROP	236030	씨알푸드	liquidity_gate:KOSDAQ
2026-04-29 18:15:49,277	DROP	276040	스코넥	trend_gate
2026-04-29 18:15:49,653	DROP	251280	안지오랩	trend_gate
2026-04-29 18:15:50,014	DROP	215570	크로넥스	trend_gate
2026-04-29 18:15:50,360	DROP	311960	인터로이드	trend_gate
2026-04-29 18:15:50,737	DROP	101390	아이엠	trend_gate
2026-04-29 18:15:51,120	DROP	224810	엄지하우스	trend_gate
2026-04-29 18:15:51,507	DROP	234070	에이원큐브텍	trend_gate
2026-04-29 18:15:51,883	DROP	223220	로지스몬	trend_gate
2026-04-29 18:15:52,288	DROP	202960	판도라티비	trend_gate
2026-04-29 18:15:52,637	DROP	267080	세븐브로이맥주	trend_gate
2026-04-29 18:15:53,003	DROP	092590	럭스피아	trend_gate
2026-04-29 18:15:53,377	DROP	044180	KD	trend_gate
2026-04-29 18:15:53,753	DROP	236340	메디젠휴먼케어	trend_gate
2026-04-29 18:15:54,119	DROP	313760	캐리	trend_gate
2026-04-29 18:15:54,474	DROP	276240	엘리비젼	trend_gate
2026-04-29 18:15:54,852	DROP	116100	태양기계	52w_ceiling_gate
2026-04-29 18:15:55,228	DROP	266350	팡스카이	trend_gate
2026-04-29 18:15:55,591	DROP	258050	테크트랜스	trend_gate
2026-04-29 18:15:55,963	DROP	327610	펨토바이오메드	trend_gate
2026-04-29 18:15:56,307	DROP	346010	타이드	trend_gate
2026-04-29 18:15:56,687	DROP	136660	큐엠씨	trend_gate
2026-04-29 18:15:57,071	DROP	043090	더테크놀로지	trend_gate
2026-04-29 18:15:57,457	DROP	052770	아이톡시	trend_gate
2026-04-29 18:15:57,846	DROP	217910	에스제이켐	trend_gate
2026-04-29 18:15:58,221	DROP	299480	지앤이헬스케어	trend_gate
2026-04-29 18:15:58,624	DROP	121060	유니포인트	trend_gate
2026-04-29 18:15:59,000	DROP	152550	한국ANKOR유전	trend_gate
2026-04-29 18:15:59,361	DROP	093510	엔지브이아이	trend_gate
2026-04-29 18:15:59,742	DROP	208890	미래엔에듀파트너	trend_gate
2026-04-29 18:16:00,112	DROP	390110	애니메디솔루션	trend_gate
2026-04-29 18:16:00,518	DROP	139050	BF랩스	trend_gate
2026-04-29 18:16:00,926	DROP	245450	씨앤에스링크	trend_gate
2026-04-29 18:16:01,309	DROP	266470	바이오인프라생명과학	trend_gate
2026-04-29 18:16:01,658	DROP	332190	오션스바이오	trend_gate
2026-04-29 18:16:02,036	DROP	140660	위월드	trend_gate
2026-04-29 18:16:02,381	DROP	413300	티엘엔지니어링	trend_gate
2026-04-29 18:16:02,730	DROP	296520	가이아코퍼레이션	trend_gate
2026-04-29 18:16:03,119	DROP	402420	켈스	trend_gate
2026-04-29 18:16:03,472	DROP	448780	마이크로엔엑스	trend_gate
2026-04-29 18:16:03,848	DROP	266170	레드우즈	trend_gate
2026-04-29 18:16:04,205	DROP	149300	아퓨어스	trend_gate
2026-04-29 18:16:04,563	DROP	279060	이노벡스	trend_gate
2026-04-29 18:16:04,975	DROP	217620	선샤인푸드	trend_gate
2026-04-29 18:16:04,989	DROP	000150	두산	foreign_flow_gate:<0.00
2026-04-29 18:16:04,989	DROP	079550	LIG디펜스앤에어로스페이스	foreign_flow_gate:<0.00
2026-04-29 18:16:04,989	DROP	017670	SK텔레콤	foreign_flow_gate:<0.00
2026-04-29 18:16:04,989	DROP	278470	에이피알	foreign_flow_gate:<0.00
2026-04-29 18:16:04,989	DROP	005940	NH투자증권	foreign_flow_gate:<0.00
2026-04-29 18:16:04,989	DROP	052690	한전기술	foreign_flow_gate:<0.00
2026-04-29 18:16:04,990	DROP	001040	CJ	foreign_flow_gate:<0.00
2026-04-29 18:16:04,990	DROP	039030	이오테크닉스	foreign_flow_gate:<0.00
2026-04-29 18:16:04,990	DROP	032820	우리기술	foreign_flow_gate:<0.00
2026-04-29 18:16:04,990	DROP	357780	솔브레인	foreign_flow_gate:<0.00
2026-04-29 18:16:04,990	DROP	112610	씨에스윈드	foreign_flow_gate:<0.00
2026-04-29 18:16:04,990	DROP	007810	코리아써키트	foreign_flow_gate:<0.00
2026-04-29 18:16:04,990	DROP	100840	SNT에너지	foreign_flow_gate:<0.00
2026-04-29 18:16:04,990	DROP	079900	전진건설로봇	foreign_flow_gate:<0.00
2026-04-29 18:16:04,990	DROP	005880	대한해운	foreign_flow_gate:<0.00
2026-04-29 18:16:04,991	DROP	368770	파이버프로	foreign_flow_gate:<0.00
2026-04-29 18:16:04,991	DROP	010820	퍼스텍	foreign_flow_gate:<0.00
2026-04-29 18:16:04,991	DROP	005810	풍산홀딩스	foreign_flow_gate:<0.00
2026-04-29 18:16:04,991	DROP	098070	한텍	foreign_flow_gate:<0.00
2026-04-29 18:16:04,991	DROP	080580	오킨스전자	foreign_flow_gate:<0.00
2026-04-29 18:16:04,991	DROP	441270	파인엠텍	foreign_flow_gate:<0.00
2026-04-29 18:16:04,991	DROP	036170	에이치엠넥스	foreign_flow_gate:<0.00
2026-04-29 18:16:04,991	DROP	217730	강스템바이오텍	foreign_flow_gate:<0.00
2026-04-29 18:16:04,991	DROP	044450	KSS해운	foreign_flow_gate:<0.00
2026-04-29 18:16:04,991	DROP	098120	마이크로컨텍솔	foreign_flow_gate:<0.00
2026-04-29 18:16:04,991	DROP	388050	지투파워	foreign_flow_gate:<0.00
2026-04-29 18:16:04,991	DROP	417840	저스템	foreign_flow_gate:<0.00
2026-04-29 18:16:04,991	DROP	289080	SV인베스트먼트	foreign_flow_gate:<0.00
2026-04-29 18:16:04,991	DROP	448710	코츠테크놀로지	foreign_flow_gate:<0.00
2026-04-29 18:16:04,991	DROP	024740	한일단조	foreign_flow_gate:<0.00
2026-04-29 18:16:04,991	DROP	038680	에스넷	foreign_flow_gate:<0.00
2026-04-29 18:16:04,992	DROP	452300	캡스톤파트너스	foreign_flow_gate:<0.00
2026-04-30 15:48:50,673	DROP	000660	SK하이닉스	volume_drought_gate
2026-04-30 15:48:51,058	DROP	402340	SK스퀘어	volume_drought_gate
2026-04-30 15:48:51,472	DROP	005380	현대차	trend_gate
2026-04-30 15:48:51,843	DROP	373220	LG에너지솔루션	volume_drought_gate
2026-04-30 15:48:52,255	DROP	034020	두산에너빌리티	volume_drought_gate
2026-04-30 15:48:52,650	DROP	012450	한화에어로스페이스	trend_gate
2026-04-30 15:48:53,009	DROP	329180	HD현대중공업	trend_gate
2026-04-30 15:48:53,406	DROP	207940	삼성바이오로직스	trend_gate
2026-04-30 15:48:53,818	DROP	009150	삼성전기	volume_drought_gate
2026-04-30 15:48:54,210	DROP	105560	KB금융	volume_drought_gate
2026-04-30 15:48:54,591	DROP	000270	기아	trend_gate
2026-04-30 15:48:54,984	DROP	006400	삼성SDI	volume_drought_gate
2026-04-30 15:49:00,043	DROP	028260	삼성물산	trend_gate
2026-04-30 15:49:00,444	DROP	055550	신한지주	volume_drought_gate
2026-04-30 15:49:00,836	DROP	267260	HD현대일렉트릭	volume_drought_gate
2026-04-30 15:49:01,195	DROP	068270	셀트리온	trend_gate
2026-04-30 15:49:01,588	DROP	010120	LS ELECTRIC	volume_drought_gate
2026-04-30 15:49:01,993	DROP	042660	한화오션	trend_gate
2026-04-30 15:49:02,376	DROP	012330	현대모비스	trend_gate
2026-04-30 15:49:02,763	DROP	298040	효성중공업	volume_drought_gate
2026-04-30 15:49:03,148	DROP	005490	POSCO홀딩스	volume_drought_gate
2026-04-30 15:49:03,556	DROP	006800	미래에셋증권	trend_gate
2026-04-30 15:49:03,954	DROP	042700	한미반도체	volume_drought_gate
2026-04-30 15:49:04,355	DROP	086790	하나금융지주	volume_drought_gate
2026-04-30 15:49:04,738	DROP	035420	NAVER	trend_gate
2026-04-30 15:49:05,134	DROP	009540	HD한국조선해양	volume_drought_gate
2026-04-30 15:49:05,531	DROP	010130	고려아연	trend_gate
2026-04-30 15:49:05,903	DROP	034730	SK	volume_drought_gate
2026-04-30 15:49:06,305	DROP	064350	현대로템	volume_drought_gate
2026-04-30 15:49:06,687	DROP	010140	삼성중공업	volume_drought_gate
2026-04-30 15:49:07,071	DROP	015760	한국전력	trend_gate
2026-04-30 15:49:07,481	DROP	051910	LG화학	volume_drought_gate
2026-04-30 15:49:07,865	DROP	000150	두산	volume_drought_gate
2026-04-30 15:49:08,269	DROP	096770	SK이노베이션	volume_drought_gate
2026-04-30 15:49:08,664	DROP	267250	HD현대	trend_gate
2026-04-30 15:49:09,167	DROP	316140	우리금융지주	trend_gate
2026-04-30 15:49:09,566	DROP	066570	LG전자	volume_drought_gate
2026-04-30 15:49:09,968	DROP	003670	포스코퓨처엠	volume_drought_gate
2026-04-30 15:49:10,345	DROP	272210	한화시스템	trend_gate
2026-04-30 15:49:10,748	DROP	086520	에코프로	trend_gate
2026-04-30 15:49:11,156	DROP	035720	카카오	trend_gate
2026-04-30 15:49:16,186	DROP	000810	삼성화재	trend_gate
2026-04-30 15:49:26,032	DROP	247540	에코프로비엠	trend_gate
2026-04-30 15:49:26,429	DROP	196170	알테오젠	trend_gate
2026-04-30 15:49:26,825	DROP	011200	HMM	trend_gate
2026-04-30 15:49:27,225	DROP	024110	기업은행	trend_gate
2026-04-30 15:49:27,604	DROP	000720	현대건설	trend_gate
2026-04-30 15:49:27,991	DROP	086280	현대글로비스	trend_gate
2026-04-30 15:49:28,395	DROP	047810	한국항공우주	trend_gate
2026-04-30 15:49:33,452	DROP	030200	KT	trend_gate
2026-04-30 15:49:38,537	DROP	047050	포스코인터내셔널	volume_drought_gate
2026-04-30 15:49:48,358	DROP	006260	LS	volume_drought_gate
2026-04-30 15:49:48,741	DROP	011070	LG이노텍	volume_drought_gate
2026-04-30 15:49:49,099	DROP	0126Z0	삼성에피스홀딩스	insufficient_rows:107
2026-04-30 15:49:49,512	DROP	071050	한국금융지주	trend_gate
2026-04-30 15:49:49,879	DROP	259960	크래프톤	trend_gate
2026-04-30 15:49:50,253	DROP	277810	레인보우로보틱스	trend_gate
2026-04-30 15:49:50,664	DROP	018260	삼성에스디에스	trend_gate
2026-04-30 15:49:51,035	DROP	307950	현대오토에버	volume_drought_gate
2026-04-30 15:49:51,429	DROP	005940	NH투자증권	trend_gate
2026-04-30 15:49:51,802	DROP	443060	HD현대마린솔루션	trend_gate
2026-04-30 15:49:52,169	DROP	323410	카카오뱅크	trend_gate
2026-04-30 15:49:52,553	DROP	352820	하이브	trend_gate
2026-04-30 15:49:52,968	DROP	007660	이수페타시스	volume_drought_gate
2026-04-30 15:49:53,364	DROP	005830	DB손해보험	trend_gate
2026-04-30 15:49:53,763	DROP	001440	대한전선	volume_drought_gate
2026-04-30 15:49:54,165	DROP	028050	삼성E&A	volume_drought_gate
2026-04-30 15:49:54,557	DROP	039490	키움증권	trend_gate
2026-04-30 15:49:54,940	DROP	003230	삼양식품	trend_gate
2026-04-30 15:49:55,356	DROP	000250	삼천당제약	trend_gate
2026-04-30 15:50:05,203	DROP	058470	리노공업	volume_drought_gate
2026-04-30 15:50:05,619	DROP	003490	대한항공	trend_gate
2026-04-30 15:50:06,036	DROP	267270	HD건설기계	volume_drought_gate
2026-04-30 15:50:06,447	DROP	009830	한화솔루션	trend_gate
2026-04-30 15:50:06,918	DROP	950160	코오롱티슈진	trend_gate
2026-04-30 15:50:07,366	DROP	062040	산일전기	volume_drought_gate
2026-04-30 15:50:12,487	DROP	066970	엘앤에프	volume_drought_gate
2026-04-30 15:50:12,919	DROP	090430	아모레퍼시픽	trend_gate
2026-04-30 15:50:13,325	DROP	326030	SK바이오팜	trend_gate
2026-04-30 15:50:13,705	DROP	078930	GS	volume_drought_gate
2026-04-30 15:50:14,102	DROP	298380	에이비엘바이오	trend_gate
2026-04-30 15:50:14,539	DROP	377300	카카오페이	trend_gate
2026-04-30 15:50:14,919	DROP	180640	한진칼	trend_gate
2026-04-30 15:50:15,403	DROP	082740	한화엔진	volume_drought_gate
2026-04-30 15:50:15,797	DROP	161390	한국타이어앤테크놀로지	trend_gate
2026-04-30 15:50:16,186	DROP	000100	유한양행	trend_gate
2026-04-30 15:50:21,342	DROP	000990	DB하이텍	volume_drought_gate
2026-04-30 15:50:26,382	DROP	241560	두산밥캣	volume_drought_gate
2026-04-30 15:50:26,795	DROP	010060	OCI홀딩스	volume_drought_gate
2026-04-30 15:50:27,188	DROP	032640	LG유플러스	trend_gate
2026-04-30 15:50:27,637	DROP	141080	리가켐바이오	trend_gate
2026-04-30 15:50:32,719	DROP	064400	LG씨엔에스	trend_gate
2026-04-30 15:50:33,100	DROP	021240	코웨이	trend_gate
2026-04-30 15:50:33,480	DROP	087010	펩트론	trend_gate
2026-04-30 15:50:33,863	DROP	029780	삼성카드	trend_gate
2026-04-30 15:50:34,250	DROP	034220	LG디스플레이	trend_gate
2026-04-30 15:50:34,665	DROP	036570	NC	volume_drought_gate
2026-04-30 15:50:35,165	DROP	036930	주성엔지니어링	volume_drought_gate
2026-04-30 15:50:35,637	DROP	128940	한미약품	trend_gate
2026-04-30 15:50:40,797	DROP	103590	일진전기	volume_drought_gate
2026-04-30 15:50:41,303	DROP	138930	BNK금융지주	trend_gate
2026-04-30 15:50:41,725	DROP	240810	원익IPS	trend_gate
2026-04-30 15:50:42,092	DROP	271560	오리온	volume_drought_gate
2026-04-30 15:50:42,475	DROP	004020	현대제철	volume_drought_gate
2026-04-30 15:50:42,827	DROP	450080	에코프로머티	volume_drought_gate
2026-04-30 15:50:47,928	DROP	214370	케어젠	trend_gate
2026-04-30 15:50:48,350	DROP	088980	맥쿼리인프라	trend_gate
2026-04-30 15:50:48,746	DROP	022100	포스코DX	volume_drought_gate
2026-04-30 15:50:49,099	DROP	310210	보로노이	trend_gate
2026-04-30 15:50:54,187	DROP	175330	JB금융지주	trend_gate
2026-04-30 15:50:54,601	DROP	002380	KCC	trend_gate
2026-04-30 15:50:55,014	DROP	011170	롯데케미칼	volume_drought_gate
2026-04-30 15:50:55,530	DROP	108490	로보티즈	volume_drought_gate
2026-04-30 15:50:55,974	DROP	011790	SKC	trend_gate
2026-04-30 15:50:56,355	DROP	018880	한온시스템	trend_gate
2026-04-30 15:50:56,709	DROP	489790	한화비전	volume_drought_gate
2026-04-30 15:50:57,147	DROP	403870	HPSP	volume_drought_gate
2026-04-30 15:50:57,559	DROP	088350	한화생명	trend_gate
2026-04-30 15:50:57,990	DROP	251270	넷마블	trend_gate
2026-04-30 15:50:58,377	DROP	336260	두산퓨얼셀	volume_drought_gate
2026-04-30 15:50:58,761	DROP	440110	파두	volume_drought_gate
2026-04-30 15:50:59,167	DROP	051900	LG생활건강	trend_gate
2026-04-30 15:50:59,548	DROP	000500	가온전선	volume_drought_gate
2026-04-30 15:50:59,963	DROP	004170	신세계	volume_drought_gate
2026-04-30 15:51:00,380	DROP	023530	롯데쇼핑	volume_drought_gate
2026-04-30 15:51:10,354	DROP	004800	효성	volume_drought_gate
2026-04-30 15:51:10,772	DROP	375500	DL이앤씨	volume_drought_gate
2026-04-30 15:51:11,244	DROP	097950	CJ제일제당	trend_gate
2026-04-30 15:51:11,694	DROP	032820	우리기술	trend_gate
2026-04-30 15:51:12,112	DROP	457190	이수스페셜티케미컬	volume_drought_gate
2026-04-30 15:51:12,542	DROP	035250	강원랜드	trend_gate
2026-04-30 15:51:12,949	DROP	011780	금호석유화학	volume_drought_gate
2026-04-30 15:51:13,400	DROP	214150	클래시스	trend_gate
2026-04-30 15:51:13,853	DROP	012510	더존비즈온	liquidity_gate:KOSPI
2026-04-30 15:51:14,311	DROP	111770	영원무역	trend_gate
2026-04-30 15:51:14,748	DROP	036460	한국가스공사	trend_gate
2026-04-30 15:51:15,350	DROP	071970	HD현대마린엔진	volume_drought_gate
2026-04-30 15:51:20,539	DROP	178320	서진시스템	volume_drought_gate
2026-04-30 15:51:20,943	DROP	020150	롯데에너지머티리얼즈	volume_drought_gate
2026-04-30 15:51:21,340	DROP	226950	올릭스	trend_gate
2026-04-30 15:51:21,724	DROP	319400	현대무벡스	52w_ceiling_gate
2026-04-30 15:51:22,086	DROP	439260	대한조선	insufficient_rows:182
2026-04-30 15:51:22,464	DROP	302440	SK바이오사이언스	trend_gate
2026-04-30 15:51:22,840	DROP	031210	서울보증보험	trend_gate
2026-04-30 15:51:23,302	DROP	064760	티씨케이	volume_drought_gate
2026-04-30 15:51:23,691	DROP	214450	파마리서치	trend_gate
2026-04-30 15:51:24,116	DROP	001720	신영증권	trend_gate
2026-04-30 15:51:24,519	DROP	222800	심텍	volume_drought_gate
2026-04-30 15:51:24,898	DROP	347850	디앤디파마텍	trend_gate
2026-04-30 15:51:25,312	DROP	012750	에스원	trend_gate
2026-04-30 15:51:25,717	DROP	006360	GS건설	volume_drought_gate
2026-04-30 15:51:26,114	DROP	014680	한솔케미칼	trend_gate
2026-04-30 15:51:26,526	DROP	237690	에스티팜	trend_gate
2026-04-30 15:51:26,907	DROP	145020	휴젤	trend_gate
2026-04-30 15:51:36,740	DROP	004990	롯데지주	trend_gate
2026-04-30 15:51:37,185	DROP	0009K0	에임드바이오	insufficient_rows:99
2026-04-30 15:51:37,650	DROP	084370	유진테크	trend_gate
2026-04-30 15:51:38,054	DROP	083650	비에이치아이	trend_gate
2026-04-30 15:51:43,160	DROP	005850	에스엘	trend_gate
2026-04-30 15:51:43,592	DROP	139480	이마트	volume_drought_gate
2026-04-30 15:51:44,028	DROP	043260	성호전자	trend_gate
2026-04-30 15:51:44,429	DROP	005290	동진쎄미켐	volume_drought_gate
2026-04-30 15:51:44,826	DROP	120110	코오롱인더	volume_drought_gate
2026-04-30 15:51:45,256	DROP	058610	에스피지	trend_gate
2026-04-30 15:51:50,336	DROP	483650	달바글로벌	volume_drought_gate
2026-04-30 15:51:50,706	DROP	009970	영원무역홀딩스	trend_gate
2026-04-30 15:51:55,816	DROP	103140	풍산	trend_gate
2026-04-30 15:51:56,367	DROP	007340	DN오토모티브	volume_drought_gate
2026-04-30 15:51:56,827	DROP	098460	고영	volume_drought_gate
2026-04-30 15:51:57,284	DROP	257720	실리콘투	trend_gate
2026-04-30 15:51:57,805	DROP	031980	피에스케이홀딩스	volume_drought_gate
2026-04-30 15:51:58,242	DROP	229640	LS에코에너지	volume_drought_gate
2026-04-30 15:51:58,661	DROP	001430	세아베스틸지주	volume_drought_gate
2026-04-30 15:51:59,144	DROP	018670	SK가스	liquidity_gate:KOSPI
2026-04-30 15:51:59,580	DROP	140410	메지온	trend_gate
2026-04-30 15:51:59,989	DROP	067310	하나마이크론	volume_drought_gate
2026-04-30 15:52:00,426	DROP	204320	HL만도	trend_gate
2026-04-30 15:52:00,899	DROP	026960	동서	trend_gate
2026-04-30 15:52:01,356	DROP	097230	HJ중공업	volume_drought_gate
2026-04-30 15:52:01,808	DROP	322000	HD현대에너지솔루션	volume_drought_gate
2026-04-30 15:52:02,259	DROP	001450	현대해상	trend_gate
2026-04-30 15:52:02,686	DROP	017960	한국카본	volume_drought_gate
2026-04-30 15:52:12,610	DROP	008770	호텔신라	volume_drought_gate
2026-04-30 15:52:13,011	DROP	008930	한미사이언스	trend_gate
2026-04-30 15:52:13,374	DROP	383220	F&F	trend_gate
2026-04-30 15:52:13,803	DROP	030530	원익홀딩스	trend_gate
2026-04-30 15:52:14,152	DROP	279570	케이뱅크	insufficient_rows:41
2026-04-30 15:52:14,551	DROP	218410	RFHIC	volume_drought_gate
2026-04-30 15:52:14,950	DROP	077970	STX엔진	volume_drought_gate
2026-04-30 15:52:15,549	DROP	068760	셀트리온제약	trend_gate
2026-04-30 15:52:16,007	DROP	131970	두산테스나	volume_drought_gate
2026-04-30 15:52:16,427	DROP	078600	대주전자재료	volume_drought_gate
2026-04-30 15:52:16,846	DROP	069960	현대백화점	trend_gate
2026-04-30 15:52:17,237	DROP	476830	알지노믹스	insufficient_rows:89
2026-04-30 15:52:17,679	DROP	323280	태성	trend_gate
2026-04-30 15:52:18,265	DROP	009420	한올바이오파마	trend_gate
2026-04-30 15:52:18,645	DROP	192820	코스맥스	trend_gate
2026-04-30 15:52:19,032	DROP	000240	한국앤컴퍼니	trend_gate
2026-04-30 15:52:19,439	DROP	010170	대한광통신	trend_gate
2026-04-30 15:52:19,834	DROP	000120	CJ대한통운	trend_gate
2026-04-30 15:52:20,240	DROP	030000	제일기획	trend_gate
2026-04-30 15:52:20,661	DROP	004370	농심	trend_gate
2026-04-30 15:52:21,051	DROP	282330	BGF리테일	trend_gate
2026-04-30 15:52:21,445	DROP	011210	현대위아	trend_gate
2026-04-30 15:52:21,837	DROP	298020	효성티앤씨	volume_drought_gate
2026-04-30 15:52:26,974	DROP	035900	JYP Ent.	trend_gate
2026-04-30 15:52:27,404	DROP	005440	현대지에프홀딩스	trend_gate
2026-04-30 15:52:27,811	DROP	041510	에스엠	trend_gate
2026-04-30 15:52:28,257	DROP	003690	코리안리	trend_gate
2026-04-30 15:52:33,445	DROP	085620	미래에셋생명	trend_gate
2026-04-30 15:52:33,832	DROP	361610	SK아이이테크놀로지	trend_gate
2026-04-30 15:52:34,265	DROP	081660	미스토홀딩스	trend_gate
2026-04-30 15:52:39,439	DROP	002790	아모레퍼시픽홀딩스	trend_gate
2026-04-30 15:52:39,856	DROP	347700	스피어	trend_gate
2026-04-30 15:52:40,271	DROP	161890	한국콜마	volume_drought_gate
2026-04-30 15:52:45,438	DROP	417200	LS머트리얼즈	volume_drought_gate
2026-04-30 15:52:45,890	DROP	060370	LS마린솔루션	volume_drought_gate
2026-04-30 15:52:46,271	DROP	140860	파크시스템스	trend_gate
2026-04-30 15:52:46,668	DROP	023590	다우기술	trend_gate
2026-04-30 15:52:47,086	DROP	039200	오스코텍	trend_gate
2026-04-30 15:52:52,221	DROP	003570	SNT다이내믹스	trend_gate
2026-04-30 15:52:52,650	DROP	005070	코스모신소재	volume_drought_gate
2026-04-30 15:52:53,040	DROP	007070	GS리테일	liquidity_gate:KOSPI
2026-04-30 15:52:53,407	DROP	462870	시프트업	trend_gate
2026-04-30 15:52:53,770	DROP	475830	오름테라퓨틱	trend_gate
2026-04-30 15:52:58,926	DROP	003540	대신증권	trend_gate
2026-04-30 15:52:59,375	DROP	080220	제주반도체	volume_drought_gate
2026-04-30 15:52:59,742	DROP	458870	씨어스	trend_gate
2026-04-30 15:53:00,159	DROP	027360	아주IB투자	volume_drought_gate
2026-04-30 15:53:00,594	DROP	099320	쎄트렉아이	trend_gate
2026-04-30 15:53:01,051	DROP	232140	와이씨	trend_gate
2026-04-30 15:53:06,329	DROP	004000	롯데정밀화학	liquidity_gate:KOSPI
2026-04-30 15:53:06,794	DROP	491000	리브스메드	insufficient_rows:85
2026-04-30 15:53:07,221	DROP	445680	큐리옥스바이오시스템즈	trend_gate
2026-04-30 15:53:07,659	DROP	437730	삼현	trend_gate
2026-04-30 15:53:08,205	DROP	069620	대웅제약	trend_gate
2026-04-30 15:53:08,655	DROP	006040	동원산업	trend_gate
2026-04-30 15:53:09,088	DROP	012630	HDC	liquidity_gate:KOSPI
2026-04-30 15:53:09,507	DROP	073240	금호타이어	trend_gate
2026-04-30 15:53:09,998	DROP	032350	롯데관광개발	trend_gate
2026-04-30 15:53:15,171	DROP	003530	한화투자증권	trend_gate
2026-04-30 15:53:15,693	DROP	001800	오리온홀딩스	liquidity_gate:KOSPI
2026-04-30 15:53:16,122	DROP	006280	녹십자	trend_gate
2026-04-30 15:53:16,527	DROP	065350	신성델타테크	trend_gate
2026-04-30 15:53:16,916	DROP	085660	차바이오텍	trend_gate
2026-04-30 15:53:17,307	DROP	030610	교보증권	trend_gate
2026-04-30 15:53:17,696	DROP	290650	엘앤씨바이오	trend_gate
2026-04-30 15:53:18,087	DROP	100090	SK오션플랜트	trend_gate
2026-04-30 15:53:18,468	DROP	294870	IPARK현대산업개발	liquidity_gate:KOSPI
2026-04-30 15:53:18,850	DROP	281740	레이크머티리얼즈	volume_drought_gate
2026-04-30 15:53:19,235	DROP	036830	솔브레인홀딩스	volume_drought_gate
2026-04-30 15:53:19,644	DROP	090710	휴림로봇	trend_gate
2026-04-30 15:53:20,097	DROP	166090	하나머티리얼즈	volume_drought_gate
2026-04-30 15:53:20,502	DROP	183300	코미코	volume_drought_gate
2026-04-30 15:53:20,977	DROP	195940	HK이노엔	trend_gate
2026-04-30 15:53:21,399	DROP	000210	DL	volume_drought_gate
2026-04-30 15:53:21,827	DROP	003380	하림지주	trend_gate
2026-04-30 15:53:22,239	DROP	034230	파라다이스	trend_gate
2026-04-30 15:53:22,638	DROP	007310	오뚜기	trend_gate
2026-04-30 15:53:23,031	DROP	052020	에스티큐브	volume_drought_gate
2026-04-30 15:53:23,433	DROP	020560	아시아나항공	trend_gate
2026-04-30 15:53:23,801	DROP	490470	세미파이브	insufficient_rows:83
2026-04-30 15:53:24,279	DROP	093370	후성	volume_drought_gate
2026-04-30 15:53:24,663	DROP	456160	지투지바이오	insufficient_rows:173
2026-04-30 15:53:29,725	DROP	127120	제이에스링크	trend_gate
2026-04-30 15:53:30,091	DROP	397030	에이프릴바이오	trend_gate
2026-04-30 15:53:30,593	DROP	115180	큐리언트	trend_gate
2026-04-30 15:53:31,001	DROP	195870	해성디에스	volume_drought_gate
2026-04-30 15:53:31,416	DROP	036540	SFA반도체	volume_drought_gate
2026-04-30 15:53:31,825	DROP	222080	씨아이에스	volume_drought_gate
2026-04-30 15:53:32,264	DROP	181710	NHN	liquidity_gate:KOSPI
2026-04-30 15:53:32,672	DROP	160190	하이젠알앤엠	trend_gate
2026-04-30 15:53:33,052	DROP	388210	씨엠티엑스	insufficient_rows:109
2026-04-30 15:53:33,437	DROP	456040	OCI	volume_drought_gate
2026-04-30 15:53:33,910	DROP	137400	피엔티	volume_drought_gate
2026-04-30 15:53:34,308	DROP	082640	동양생명	trend_gate
2026-04-30 15:53:34,708	DROP	003240	태광산업	trend_gate
2026-04-30 15:53:35,074	DROP	420770	기가비스	volume_drought_gate
2026-04-30 15:53:35,530	DROP	001740	SK네트웍스	liquidity_gate:KOSPI
2026-04-30 15:53:35,919	DROP	003090	대웅	trend_gate
2026-04-30 15:53:41,036	DROP	192080	더블유게임즈	trend_gate
2026-04-30 15:53:41,447	DROP	048410	현대바이오	trend_gate
2026-04-30 15:53:41,858	DROP	096530	씨젠	trend_gate
2026-04-30 15:53:42,229	DROP	300720	한일시멘트	trend_gate
2026-04-30 15:53:42,604	DROP	466100	클로봇	trend_gate
2026-04-30 15:53:43,010	DROP	126340	비나텍	volume_drought_gate
2026-04-30 15:53:43,499	DROP	213420	덕산네오룩스	trend_gate
2026-04-30 15:53:43,893	DROP	124500	아이티센글로벌	trend_gate
2026-04-30 15:53:48,989	DROP	388720	유일로보틱스	trend_gate
2026-04-30 15:53:49,369	DROP	006340	대원전선	volume_drought_gate
2026-04-30 15:53:49,787	DROP	007390	네이처셀	trend_gate
2026-04-30 15:53:50,187	DROP	014620	성광벤드	volume_drought_gate
2026-04-30 15:53:50,534	DROP	415640	KB발해인프라	trend_gate
2026-04-30 15:53:50,999	DROP	281820	케이씨텍	liquidity_gate:KOSPI
2026-04-30 15:53:51,382	DROP	001510	SK증권	volume_drought_gate
2026-04-30 15:53:51,783	DROP	328130	루닛	trend_gate
2026-04-30 15:53:52,218	DROP	000670	영풍	liquidity_gate:KOSPI
2026-04-30 15:53:52,576	DROP	376900	로킷헬스케어	trend_gate
2026-04-30 15:53:53,002	DROP	298050	HS효성첨단소재	liquidity_gate:KOSPI
2026-04-30 15:53:53,391	DROP	000080	하이트진로	trend_gate
2026-04-30 15:53:53,779	DROP	089860	롯데렌탈	liquidity_gate:KOSPI
2026-04-30 15:53:54,190	DROP	035760	CJ ENM	trend_gate
2026-04-30 15:53:54,581	DROP	023160	태광	volume_drought_gate
2026-04-30 15:53:54,993	DROP	185750	종근당	trend_gate
2026-04-30 15:53:55,417	DROP	090460	비에이치	volume_drought_gate
2026-04-30 15:53:55,838	DROP	006650	대한유화	volume_drought_gate
2026-04-30 15:53:56,254	DROP	075580	세진중공업	liquidity_gate:KOSPI
2026-04-30 15:53:56,665	DROP	100840	SNT에너지	trend_gate
2026-04-30 15:53:57,067	DROP	056190	에스에프에이	trend_gate
2026-04-30 15:53:57,480	DROP	009450	경동나비엔	trend_gate
2026-04-30 15:53:57,858	DROP	161580	필옵틱스	trend_gate
2026-04-30 15:53:58,285	DROP	005300	롯데칠성	trend_gate
2026-04-30 15:53:58,660	DROP	204270	제이앤티씨	trend_gate
2026-04-30 15:53:59,102	DROP	280360	롯데웰푸드	trend_gate
2026-04-30 15:54:04,300	DROP	033100	제룡전기	volume_drought_gate
2026-04-30 15:54:04,724	DROP	499790	GS피앤엘	trend_gate
2026-04-30 15:54:05,133	DROP	078160	메디포스트	volume_drought_gate
2026-04-30 15:54:05,635	DROP	005690	파미셀	volume_drought_gate
2026-04-30 15:54:06,029	DROP	086450	동국제약	trend_gate
2026-04-30 15:54:06,407	DROP	293490	카카오게임즈	trend_gate
2026-04-30 15:54:06,783	DROP	295310	에이치브이엠	trend_gate
2026-04-30 15:54:07,173	DROP	009240	한샘	trend_gate
2026-04-30 15:54:12,253	DROP	082270	젬백스	trend_gate
2026-04-30 15:54:12,628	DROP	192400	쿠쿠홀딩스	trend_gate
2026-04-30 15:54:13,007	DROP	253450	스튜디오드래곤	trend_gate
2026-04-30 15:54:13,368	DROP	358570	지아이이노베이션	trend_gate
2026-04-30 15:54:13,805	DROP	003470	유안타증권	trend_gate
2026-04-30 15:54:14,154	DROP	484870	엠앤씨솔루션	trend_gate
2026-04-30 15:54:14,529	DROP	033240	자화전자	liquidity_gate:KOSPI
2026-04-30 15:54:19,589	DROP	0011T0	채비	insufficient_rows:2
2026-04-30 15:54:24,709	DROP	171090	선익시스템	trend_gate
2026-04-30 15:54:25,069	DROP	496320	본시스템즈	insufficient_rows:157
2026-04-30 15:54:25,547	DROP	285130	SK케미칼	trend_gate
2026-04-30 15:54:25,977	DROP	108320	LX세미콘	trend_gate
2026-04-30 15:54:26,351	DROP	121600	나노신소재	volume_drought_gate
2026-04-30 15:54:26,704	DROP	365340	성일하이텍	volume_drought_gate
2026-04-30 15:54:27,102	DROP	057050	현대홈쇼핑	trend_gate
2026-04-30 15:54:27,499	DROP	122870	와이지엔터테인먼트	trend_gate
2026-04-30 15:54:27,935	DROP	137310	에스디바이오센서	trend_gate
2026-04-30 15:54:28,360	DROP	036530	SNT홀딩스	52w_ceiling_gate
2026-04-30 15:54:28,745	DROP	056080	유진로봇	trend_gate
2026-04-30 15:54:33,926	DROP	074600	원익QnC	volume_drought_gate
2026-04-30 15:54:34,436	DROP	003030	세아제강지주	volume_drought_gate
2026-04-30 15:54:34,916	DROP	006120	SK디스커버리	trend_gate
2026-04-30 15:54:35,314	DROP	174900	앱클론	trend_gate
2026-04-30 15:54:35,823	DROP	006730	서부T&D	trend_gate
2026-04-30 15:54:36,207	DROP	348370	엔켐	trend_gate
2026-04-30 15:54:36,637	DROP	046890	서울반도체	volume_drought_gate
2026-04-30 15:54:37,008	DROP	476060	온코닉테라퓨틱스	trend_gate
2026-04-30 15:54:37,428	DROP	079900	전진건설로봇	trend_gate
2026-04-30 15:54:37,843	DROP	064960	SNT모티브	trend_gate
2026-04-30 15:54:38,290	DROP	003160	디아이	trend_gate
2026-04-30 15:54:38,681	DROP	336370	솔루스첨단소재	volume_drought_gate
2026-04-30 15:54:39,105	DROP	025540	한국단자	liquidity_gate:KOSPI
2026-04-30 15:54:39,564	DROP	002020	코오롱	liquidity_gate:KOSPI
2026-04-30 15:54:39,968	DROP	248070	솔루엠	liquidity_gate:KOSPI
2026-04-30 15:54:45,076	DROP	053610	프로텍	liquidity_gate:KOSDAQ
2026-04-30 15:54:45,510	DROP	030190	NICE평가정보	trend_gate
2026-04-30 15:54:45,930	DROP	004490	세방전지	trend_gate
2026-04-30 15:54:46,346	DROP	083450	GST	volume_drought_gate
2026-04-30 15:54:46,790	DROP	032190	다우데이타	trend_gate
2026-04-30 15:54:47,228	DROP	071320	지역난방공사	trend_gate
2026-04-30 15:54:47,629	DROP	003620	KG모빌리티	liquidity_gate:KOSPI
2026-04-30 15:54:48,006	DROP	033500	동성화인텍	trend_gate
2026-04-30 15:54:48,413	DROP	372320	큐로셀	trend_gate
2026-04-30 15:54:48,828	DROP	005090	SGC에너지	volume_drought_gate
2026-04-30 15:54:49,225	DROP	241710	코스메카코리아	trend_gate
2026-04-30 15:54:49,599	DROP	252990	샘씨엔에스	volume_drought_gate
2026-04-30 15:54:54,812	DROP	112040	위메이드	trend_gate
2026-04-30 15:54:55,272	DROP	003850	보령	liquidity_gate:KOSPI
2026-04-30 15:54:55,826	DROP	249420	일동제약	trend_gate
2026-04-30 15:54:56,244	DROP	077360	덕산하이메탈	volume_drought_gate
2026-04-30 15:54:56,708	DROP	005880	대한해운	trend_gate
2026-04-30 15:54:57,181	DROP	425420	티에프이	volume_drought_gate
2026-04-30 15:54:57,633	DROP	102710	이엔에프테크놀로지	trend_gate
2026-04-30 15:54:58,054	DROP	009520	포스코엠텍	volume_drought_gate
2026-04-30 15:54:58,485	DROP	399720	가온칩스	volume_drought_gate
2026-04-30 15:54:58,892	DROP	253590	네오셈	trend_gate
2026-04-30 15:55:04,118	DROP	079160	CJ CGV	trend_gate
2026-04-30 15:55:04,637	DROP	014820	동원시스템즈	trend_gate
2026-04-30 15:55:05,008	DROP	317450	명인제약	insufficient_rows:140
2026-04-30 15:55:05,566	DROP	389470	인벤티지랩	trend_gate
2026-04-30 15:55:06,107	DROP	010780	아이에스동서	trend_gate
2026-04-30 15:55:06,568	DROP	00104K	CJ4우(전환)	liquidity_gate:KOSPI
2026-04-30 15:55:07,058	DROP	084110	휴온스글로벌	trend_gate
2026-04-30 15:55:07,488	DROP	327260	RF머트리얼즈	volume_drought_gate
2026-04-30 15:55:08,101	DROP	348340	뉴로메카	trend_gate
2026-04-30 15:55:08,580	DROP	060250	NHN KCP	trend_gate
2026-04-30 15:55:09,015	DROP	052400	코나아이	trend_gate
2026-04-30 15:55:09,482	DROP	214320	이노션	trend_gate
2026-04-30 15:55:09,889	DROP	089890	코세스	volume_drought_gate
2026-04-30 15:55:10,326	DROP	225570	넥슨게임즈	trend_gate
2026-04-30 15:55:10,816	DROP	086900	메디톡스	trend_gate
2026-04-30 15:55:11,373	DROP	000370	한화손해보험	trend_gate
2026-04-30 15:55:11,988	DROP	069260	TKG휴켐스	trend_gate
2026-04-30 15:55:12,664	DROP	102940	코오롱생명과학	trend_gate
2026-04-30 15:55:13,090	DROP	460860	동국제강	volume_drought_gate
2026-04-30 15:55:13,487	DROP	376300	디어유	trend_gate
2026-04-30 15:55:13,989	DROP	059090	미코	volume_drought_gate
2026-04-30 15:55:19,289	DROP	278280	천보	volume_drought_gate
2026-04-30 15:55:24,819	DROP	486990	노타	insufficient_rows:122
2026-04-30 15:55:30,056	DROP	475960	토모큐브	trend_gate
2026-04-30 15:55:30,532	DROP	007700	F&F홀딩스	trend_gate
2026-04-30 15:55:30,951	DROP	001270	부국증권	trend_gate
2026-04-30 15:55:31,384	DROP	199800	툴젠	volume_drought_gate
2026-04-30 15:55:31,838	DROP	178920	PI첨단소재	liquidity_gate:KOSPI
2026-04-30 15:55:32,315	DROP	114090	GKL	trend_gate
2026-04-30 15:55:32,711	DROP	017940	E1	trend_gate
2026-04-30 15:55:33,135	DROP	033640	네패스	volume_drought_gate
2026-04-30 15:55:33,685	DROP	001060	JW중외제약	trend_gate
2026-04-30 15:55:34,571	DROP	093050	LF	trend_gate
2026-04-30 15:55:35,055	DROP	024850	HLB이노베이션	trend_gate
2026-04-30 15:55:35,513	DROP	348210	넥스틴	trend_gate
2026-04-30 15:55:36,131	DROP	002350	넥센타이어	trend_gate
2026-04-30 15:55:36,563	DROP	002840	미원상사	trend_gate
2026-04-30 15:55:36,943	DROP	493280	아이엠바이오로직스	insufficient_rows:30
2026-04-30 15:55:37,350	DROP	041960	코미팜	liquidity_gate:KOSDAQ
2026-04-30 15:55:37,788	DROP	001680	대상	trend_gate
2026-04-30 15:55:38,256	DROP	015750	성우하이텍	trend_gate
2026-04-30 15:55:38,688	DROP	031330	에스에이엠티	liquidity_gate:KOSDAQ
2026-04-30 15:55:39,111	DROP	200710	에이디테크놀로지	trend_gate
2026-04-30 15:55:39,487	DROP	460930	현대힘스	trend_gate
2026-04-30 15:55:39,902	DROP	053800	안랩	trend_gate
2026-04-30 15:55:40,307	DROP	009900	명신산업	volume_drought_gate
2026-04-30 15:55:40,735	DROP	016380	KG스틸	liquidity_gate:KOSPI
2026-04-30 15:55:41,185	DROP	090360	로보스타	trend_gate
2026-04-30 15:55:41,651	DROP	001820	삼화콘덴서	volume_drought_gate
2026-04-30 15:55:42,067	DROP	058650	세아홀딩스	liquidity_gate:KOSPI
2026-04-30 15:55:42,453	DROP	217590	티엠씨	insufficient_rows:92
2026-04-30 15:55:42,836	DROP	005180	빙그레	trend_gate
2026-04-30 15:55:43,243	DROP	003280	흥아해운	trend_gate
2026-04-30 15:55:43,605	DROP	383800	LX홀딩스	liquidity_gate:KOSPI
2026-04-30 15:55:44,010	DROP	002240	고려제강	liquidity_gate:KOSPI
2026-04-30 15:55:44,465	DROP	025980	아난티	trend_gate
2026-04-30 15:55:49,837	DROP	094800	맵스리얼티	liquidity_gate:KOSPI
2026-04-30 15:55:50,268	DROP	005420	코스모화학	trend_gate
2026-04-30 15:55:50,699	DROP	001500	현대차증권	trend_gate
2026-04-30 15:55:51,118	DROP	060280	큐렉소	trend_gate
2026-04-30 15:55:56,351	DROP	067160	SOOP	trend_gate
2026-04-30 15:55:56,741	DROP	383310	에코프로에이치엔	trend_gate
2026-04-30 15:55:57,184	DROP	002960	한국쉘석유	liquidity_gate:KOSPI
2026-04-30 15:55:57,559	DROP	271940	일진하이솔루스	liquidity_gate:KOSPI
2026-04-30 15:55:57,991	DROP	000640	동아쏘시오홀딩스	trend_gate
2026-04-30 15:55:58,496	DROP	104830	원익머트리얼즈	liquidity_gate:KOSDAQ
2026-04-30 15:55:58,961	DROP	000400	롯데손해보험	trend_gate
2026-04-30 15:56:04,058	DROP	336570	원텍	trend_gate
2026-04-30 15:56:09,200	DROP	005250	녹십자홀딩스	trend_gate
2026-04-30 15:56:09,605	DROP	130660	한전산업	trend_gate
2026-04-30 15:56:10,019	DROP	005810	풍산홀딩스	trend_gate
2026-04-30 15:56:10,410	DROP	448900	한국피아이엠	trend_gate
2026-04-30 15:56:10,807	DROP	039130	하나투어	trend_gate
2026-04-30 15:56:16,083	DROP	014830	유니드	liquidity_gate:KOSPI
2026-04-30 15:56:16,519	DROP	008730	율촌화학	trend_gate
2026-04-30 15:56:16,966	DROP	001570	금양	trend_gate
2026-04-30 15:56:17,369	DROP	089010	켐트로닉스	volume_drought_gate
2026-04-30 15:56:17,718	DROP	125490	한라캐스트	insufficient_rows:170
2026-04-30 15:56:18,071	DROP	187660	페니트리움바이오	trend_gate
2026-04-30 15:56:18,521	DROP	001530	DI동일	trend_gate
2026-04-30 15:56:18,924	DROP	101930	인화정공	liquidity_gate:KOSDAQ
2026-04-30 15:56:19,319	DROP	006380	카프로	trend_gate
2026-04-30 15:56:19,720	DROP	468530	프로티나	insufficient_rows:185
2026-04-30 15:56:20,127	DROP	003000	부광약품	trend_gate
2026-04-30 15:56:20,503	DROP	107640	한중엔시에스	volume_drought_gate
2026-04-30 15:56:20,891	DROP	019170	신풍제약	trend_gate
2026-04-30 15:56:21,273	DROP	042000	카페24	trend_gate
2026-04-30 15:56:21,672	DROP	268280	미원에스씨	trend_gate
2026-04-30 15:56:22,073	DROP	099190	아이센스	trend_gate
2026-04-30 15:56:22,475	DROP	119850	지엔씨에너지	trend_gate
2026-04-30 15:56:22,872	DROP	452260	한화갤러리아	trend_gate
2026-04-30 15:56:23,264	DROP	006910	보성파워텍	trend_gate
2026-04-30 15:56:23,667	DROP	018290	브이티	trend_gate
2026-04-30 15:56:24,086	DROP	020000	한섬	liquidity_gate:KOSPI
2026-04-30 15:56:24,497	DROP	036620	감성코퍼레이션	trend_gate
2026-04-30 15:56:24,877	DROP	019210	와이지-원	volume_drought_gate
2026-04-30 15:56:25,271	DROP	025900	동화기업	liquidity_gate:KOSDAQ
2026-04-30 15:56:25,705	DROP	009410	태영건설	trend_gate
2026-04-30 15:56:26,253	DROP	017900	광전자	trend_gate
2026-04-30 15:56:26,635	DROP	016610	DB증권	trend_gate
2026-04-30 15:56:27,026	DROP	039440	에스티아이	volume_drought_gate
2026-04-30 15:56:27,414	DROP	122640	예스티	volume_drought_gate
2026-04-30 15:56:27,804	DROP	047920	HLB제약	trend_gate
2026-04-30 15:56:33,029	DROP	0120G0	삼양바이오팜	insufficient_rows:107
2026-04-30 15:56:33,413	DROP	045100	한양이엔지	trend_gate
2026-04-30 15:56:33,808	DROP	064260	다날	trend_gate
2026-04-30 15:56:34,213	DROP	002030	아세아	trend_gate
2026-04-30 15:56:34,601	DROP	287840	인투셀	trend_gate
2026-04-30 15:56:34,993	DROP	168360	펨트론	liquidity_gate:KOSDAQ
2026-04-30 15:56:35,470	DROP	025320	시노펙스	trend_gate
2026-04-30 15:56:35,923	DROP	284740	쿠쿠홈시스	trend_gate
2026-04-30 15:56:36,438	DROP	041190	우리기술투자	trend_gate
2026-04-30 15:56:36,826	DROP	001200	유진투자증권	volume_drought_gate
2026-04-30 15:56:37,213	DROP	003300	한일홀딩스	trend_gate
2026-04-30 15:56:37,582	DROP	000070	삼양홀딩스	trend_gate
2026-04-30 15:56:37,947	DROP	394280	오픈엣지테크놀로지	volume_drought_gate
2026-04-30 15:56:38,331	DROP	488900	비츠로넥스텍	insufficient_rows:108
2026-04-30 15:56:38,776	DROP	025860	남해화학	volume_drought_gate
2026-04-30 15:56:39,132	DROP	381970	케이카	trend_gate
2026-04-30 15:56:39,529	DROP	101160	월덱스	liquidity_gate:KOSDAQ
2026-04-30 15:56:39,875	DROP	484590	삼양컴텍	insufficient_rows:172
2026-04-30 15:56:40,263	DROP	950210	프레스티지바이오파마	trend_gate
2026-04-30 15:56:45,323	DROP	004690	삼천리	trend_gate
2026-04-30 15:56:45,744	DROP	453340	현대그린푸드	liquidity_gate:KOSPI
2026-04-30 15:56:46,127	DROP	034310	NICE	trend_gate
2026-04-30 15:56:46,560	DROP	211050	인카금융서비스	trend_gate
2026-04-30 15:56:46,971	DROP	092790	넥스틸	volume_drought_gate
2026-04-30 15:56:47,369	DROP	008060	대덕	liquidity_gate:KOSPI
2026-04-30 15:56:47,754	DROP	377740	바이오노트	trend_gate
2026-04-30 15:56:48,161	DROP	013030	하이록코리아	liquidity_gate:KOSDAQ
2026-04-30 15:56:48,580	DROP	031430	신세계인터내셔날	liquidity_gate:KOSPI
2026-04-30 15:56:48,975	DROP	002710	TCC스틸	trend_gate
2026-04-30 15:56:49,376	DROP	424870	이뮨온시아	trend_gate
2026-04-30 15:56:49,810	DROP	016590	신대양제지	trend_gate
2026-04-30 15:56:50,168	DROP	251970	펌텍코리아	trend_gate
2026-04-30 15:56:59,921	DROP	093320	케이아이엔엑스	trend_gate
2026-04-30 15:57:00,368	DROP	015860	일진홀딩스	liquidity_gate:KOSPI
2026-04-30 15:57:00,830	DROP	067630	HLB생명과학	trend_gate
2026-04-30 15:57:01,298	DROP	117730	티로보틱스	trend_gate
2026-04-30 15:57:01,796	DROP	058430	포스코스틸리온	volume_drought_gate
2026-04-30 15:57:02,225	DROP	101730	위메이드맥스	trend_gate
2026-04-30 15:57:02,635	DROP	079370	제우스	trend_gate
2026-04-30 15:57:03,045	DROP	027410	BGF	liquidity_gate:KOSPI
2026-04-30 15:57:03,436	DROP	069540	빛과전자	52w_ceiling_gate
2026-04-30 15:57:03,842	DROP	306200	세아제강	liquidity_gate:KOSPI
2026-04-30 15:57:04,202	DROP	340570	티앤엘	liquidity_gate:KOSDAQ
2026-04-30 15:57:04,588	DROP	230360	에코마케팅	trend_gate
2026-04-30 15:57:04,995	DROP	030520	한글과컴퓨터	trend_gate
2026-04-30 15:57:05,384	DROP	145990	삼양사	trend_gate
2026-04-30 15:57:05,837	DROP	215200	메가스터디교육	trend_gate
2026-04-30 15:57:06,209	DROP	064820	케이프	volume_drought_gate
2026-04-30 15:57:06,581	DROP	078130	국일제지	trend_gate
2026-04-30 15:57:06,969	DROP	029530	신도리코	trend_gate
2026-04-30 15:57:07,444	DROP	317330	덕산테코피아	volume_drought_gate
2026-04-30 15:57:07,849	DROP	092870	엑시콘	volume_drought_gate
2026-04-30 15:57:08,242	DROP	034950	한국기업평가	liquidity_gate:KOSDAQ
2026-04-30 15:57:08,611	DROP	126720	수산인더스트리	liquidity_gate:KOSPI
2026-04-30 15:57:08,999	DROP	215600	신라젠	trend_gate
2026-04-30 15:57:09,468	DROP	114810	한솔아이원스	trend_gate
2026-04-30 15:57:09,876	DROP	389650	넥스트바이오메디컬	trend_gate
2026-04-30 15:57:10,326	DROP	170920	엘티씨	volume_drought_gate
2026-04-30 15:57:10,758	DROP	006220	제주은행	trend_gate
2026-04-30 15:57:11,166	DROP	095660	네오위즈	trend_gate
2026-04-30 15:57:11,568	DROP	138080	오이솔루션	trend_gate
2026-04-30 15:57:16,666	DROP	001390	KG케미칼	liquidity_gate:KOSPI
2026-04-30 15:57:17,184	DROP	0082N0	카나프테라퓨틱스	insufficient_rows:34
2026-04-30 15:57:17,912	DROP	206650	유바이오로직스	trend_gate
2026-04-30 15:57:18,467	DROP	017810	풀무원	trend_gate
2026-04-30 15:57:18,868	DROP	110990	디아이티	liquidity_gate:KOSDAQ
2026-04-30 15:57:19,748	DROP	330860	네패스아크	volume_drought_gate
2026-04-30 15:57:20,321	DROP	344820	KCC글라스	trend_gate
2026-04-30 15:57:20,735	DROP	308430	셀비온	liquidity_gate:KOSDAQ
2026-04-30 15:57:21,117	DROP	0001A0	덕양에너젠	insufficient_rows:61
2026-04-30 15:57:21,802	DROP	192650	드림텍	trend_gate
2026-04-30 15:57:22,790	DROP	105630	한세실업	trend_gate
2026-04-30 15:57:28,553	DROP	455900	엔젤로보틱스	trend_gate
2026-04-30 15:57:28,922	DROP	004700	조광피혁	trend_gate
2026-04-30 15:57:29,321	DROP	145720	덴티움	trend_gate
2026-04-30 15:57:29,704	DROP	241520	DSC인베스트먼트	trend_gate
2026-04-30 15:57:30,096	DROP	091700	파트론	trend_gate
2026-04-30 15:57:30,470	DROP	072710	농심홀딩스	trend_gate
2026-04-30 15:57:30,811	DROP	403550	쏘카	trend_gate
2026-04-30 15:57:31,213	DROP	180400	DXVX	trend_gate
2026-04-30 15:57:31,577	DROP	304360	에스바이오메딕스	trend_gate
2026-04-30 15:57:31,952	DROP	234340	헥토파이낸셜	trend_gate
2026-04-30 15:57:32,376	DROP	042370	비츠로테크	volume_drought_gate
2026-04-30 15:57:32,751	DROP	015360	INVENI	trend_gate
2026-04-30 15:57:33,145	DROP	078020	LS증권	trend_gate
2026-04-30 15:57:33,577	DROP	084010	대한제강	liquidity_gate:KOSPI
2026-04-30 15:57:34,124	DROP	089980	상아프론테크	liquidity_gate:KOSDAQ
2026-04-30 15:57:34,628	DROP	389260	대명에너지	trend_gate
2026-04-30 15:57:34,993	DROP	0088M0	메쥬	insufficient_rows:26
2026-04-30 15:57:35,365	DROP	441270	파인엠텍	trend_gate
2026-04-30 15:57:35,826	DROP	378340	필에너지	volume_drought_gate
2026-04-30 15:57:36,323	DROP	010690	화신	trend_gate
2026-04-30 15:57:36,705	DROP	419530	SAMG엔터	trend_gate
2026-04-30 15:57:37,110	DROP	089590	제주항공	trend_gate
2026-04-30 15:57:37,542	DROP	170900	동아에스티	trend_gate
2026-04-30 15:57:42,639	DROP	389500	에스비비테크	volume_drought_gate
2026-04-30 15:57:43,090	DROP	183190	아세아시멘트	trend_gate
2026-04-30 15:57:43,512	DROP	017860	DS단석	trend_gate
2026-04-30 15:57:43,911	DROP	228760	지노믹트리	trend_gate
2026-04-30 15:57:44,345	DROP	005610	삼립	trend_gate
2026-04-30 15:57:44,750	DROP	194370	제이에스코퍼레이션	liquidity_gate:KOSPI
2026-04-30 15:57:45,173	DROP	029460	케이씨	liquidity_gate:KOSPI
2026-04-30 15:57:45,556	DROP	394800	쓰리빌리언	trend_gate
2026-04-30 15:57:45,949	DROP	482630	삼양엔씨켐	volume_drought_gate
2026-04-30 15:57:46,312	DROP	376270	HEM파마	trend_gate
2026-04-30 15:57:46,690	DROP	001250	GS글로벌	volume_drought_gate
2026-04-30 15:57:47,069	DROP	450950	아스테라시스	trend_gate
2026-04-30 15:57:47,449	DROP	069080	웹젠	trend_gate
2026-04-30 15:57:47,847	DROP	204620	글로벌텍스프리	trend_gate
2026-04-30 15:57:48,251	DROP	025770	한국정보통신	52w_ceiling_gate
2026-04-30 15:57:48,747	DROP	042520	한스바이오메드	trend_gate
2026-04-30 15:57:49,158	DROP	016800	퍼시스	trend_gate
2026-04-30 15:57:49,567	DROP	452280	한선엔지니어링	volume_drought_gate
2026-04-30 15:57:50,026	DROP	009290	광동제약	trend_gate
2026-04-30 15:57:50,437	DROP	012030	DB	liquidity_gate:KOSPI
2026-04-30 15:57:50,849	DROP	160980	싸이맥스	volume_drought_gate
2026-04-30 15:57:51,257	DROP	011760	현대코퍼레이션	liquidity_gate:KOSPI
2026-04-30 15:57:51,630	DROP	243840	신흥에스이씨	volume_drought_gate
2026-04-30 15:57:52,128	DROP	220100	퓨쳐켐	trend_gate
2026-04-30 15:57:52,565	DROP	179900	유티아이	trend_gate
2026-04-30 15:57:53,056	DROP	352480	씨앤씨인터내셔널	trend_gate
2026-04-30 15:57:53,497	DROP	034830	한국토지신탁	trend_gate
2026-04-30 15:57:53,918	DROP	097520	엠씨넥스	trend_gate
2026-04-30 15:57:54,297	DROP	298830	슈어소프트테크	trend_gate
2026-04-30 15:57:54,732	DROP	079940	가비아	liquidity_gate:KOSDAQ
2026-04-30 15:57:55,166	DROP	114190	강원에너지	volume_drought_gate
2026-04-30 15:57:55,567	DROP	084990	헬릭스미스	trend_gate
2026-04-30 15:57:56,039	DROP	0008Z0	에스엔시스	insufficient_rows:171
2026-04-30 15:57:56,500	DROP	078340	컴투스	trend_gate
2026-04-30 15:57:56,936	DROP	041830	인바디	trend_gate
2026-04-30 15:57:57,356	DROP	200670	휴메딕스	trend_gate
2026-04-30 15:57:57,954	DROP	049630	재영솔루텍	trend_gate
2026-04-30 15:57:58,423	DROP	018250	애경산업	trend_gate
2026-04-30 15:57:58,908	DROP	073490	LIG아큐버	volume_drought_gate
2026-04-30 15:57:59,320	DROP	092190	서울바이오시스	volume_drought_gate
2026-04-30 15:57:59,712	DROP	321550	티움바이오	volume_drought_gate
2026-04-30 15:58:00,262	DROP	064290	인텍플러스	volume_drought_gate
2026-04-30 15:58:00,713	DROP	478340	나라스페이스테크놀로지	insufficient_rows:90
2026-04-30 15:58:01,166	DROP	494120	큐리오시스	insufficient_rows:114
2026-04-30 15:58:01,677	DROP	365270	큐라클	trend_gate
2026-04-30 15:58:02,100	DROP	060980	HL홀딩스	trend_gate
2026-04-30 15:58:02,493	DROP	026890	스틱인베스트먼트	trend_gate
2026-04-30 15:58:02,856	DROP	265520	AP시스템	liquidity_gate:KOSDAQ
2026-04-30 15:58:03,240	DROP	036890	진성티이씨	liquidity_gate:KOSDAQ
2026-04-30 15:58:08,361	DROP	041920	메디아나	trend_gate
2026-04-30 15:58:08,740	DROP	094360	칩스앤미디어	liquidity_gate:KOSDAQ
2026-04-30 15:58:09,159	DROP	230240	에치에프알	volume_drought_gate
2026-04-30 15:58:09,638	DROP	236200	슈프리마	liquidity_gate:KOSDAQ
2026-04-30 15:58:10,056	DROP	086390	유니테스트	trend_gate
2026-04-30 15:58:10,417	DROP	199820	제일일렉트릭	volume_drought_gate
2026-04-30 15:58:10,771	DROP	356680	엑스게이트	volume_drought_gate
2026-04-30 15:58:11,157	DROP	003720	삼영	volume_drought_gate
2026-04-30 15:58:11,545	DROP	084850	아이티엠반도체	liquidity_gate:KOSDAQ
2026-04-30 15:58:11,936	DROP	078520	에이블씨엔씨	liquidity_gate:KOSPI
2026-04-30 15:58:12,336	DROP	007690	국도화학	liquidity_gate:KOSPI
2026-04-30 15:58:12,700	DROP	355150	코스텍시스	volume_drought_gate
2026-04-30 15:58:13,116	DROP	091810	트리니티항공	trend_gate
2026-04-30 15:58:13,519	DROP	104700	한국철강	trend_gate
2026-04-30 15:58:13,951	DROP	009160	SIMPAC	liquidity_gate:KOSPI
2026-04-30 15:58:14,385	DROP	005010	휴스틸	volume_drought_gate
2026-04-30 15:58:14,783	DROP	200880	서연이화	trend_gate
2026-04-30 15:58:15,164	DROP	0015G0	그린광학	insufficient_rows:112
2026-04-30 15:58:15,620	DROP	092230	KPX홀딩스	liquidity_gate:KOSPI
2026-04-30 15:58:16,066	DROP	001940	KISCO홀딩스	trend_gate
2026-04-30 15:58:21,175	DROP	003800	에이스침대	trend_gate
2026-04-30 15:58:21,504	DROP	475400	씨메스로보틱스	trend_gate
2026-04-30 15:58:21,875	DROP	332570	PS일렉트로닉스	volume_drought_gate
2026-04-30 15:58:22,220	DROP	448280	에코아이	trend_gate
2026-04-30 15:58:22,614	DROP	005720	넥센	trend_gate
2026-04-30 15:58:23,028	DROP	002810	삼영무역	trend_gate
2026-04-30 15:58:23,423	DROP	004430	송원산업	trend_gate
2026-04-30 15:58:23,797	DROP	144510	지씨셀	trend_gate
2026-04-30 15:58:24,179	DROP	093520	매커스	trend_gate
2026-04-30 15:58:24,553	DROP	035890	서희건설	trend_gate
2026-04-30 15:58:29,624	DROP	241770	메카로	trend_gate
2026-04-30 15:58:29,990	DROP	459510	나우로보틱스	trend_gate
2026-04-30 15:58:30,345	DROP	318060	그래피	insufficient_rows:167
2026-04-30 15:58:30,889	DROP	046970	우리로	trend_gate
2026-04-30 15:58:31,458	DROP	200470	에이팩트	trend_gate
2026-04-30 15:58:31,934	DROP	418550	제이오	volume_drought_gate
2026-04-30 15:58:32,375	DROP	092220	KEC	volume_drought_gate
2026-04-30 15:58:32,739	DROP	425040	티이엠씨	volume_drought_gate
2026-04-30 15:58:33,121	DROP	001750	한양증권	liquidity_gate:KOSPI
2026-04-30 15:58:38,171	DROP	065680	우주일렉트로	trend_gate
2026-04-30 15:58:38,556	DROP	126560	현대퓨처넷	trend_gate
2026-04-30 15:58:38,953	DROP	014940	오리엔탈정공	trend_gate
2026-04-30 15:58:39,335	DROP	001230	동국홀딩스	liquidity_gate:KOSPI
2026-04-30 15:58:39,717	DROP	065660	안트로젠	trend_gate
2026-04-30 15:58:40,133	DROP	053030	바이넥스	trend_gate
2026-04-30 15:58:40,514	DROP	092460	한라IMS	liquidity_gate:KOSDAQ
2026-04-30 15:58:40,898	DROP	099430	바이오플러스	trend_gate
2026-04-30 15:58:41,287	DROP	002310	아세아제지	trend_gate
2026-04-30 15:58:46,367	DROP	091580	상신이디피	volume_drought_gate
2026-04-30 15:58:46,756	DROP	000680	LS네트웍스	trend_gate
2026-04-30 15:58:47,140	DROP	088800	에이스테크	trend_gate
2026-04-30 15:58:47,517	DROP	035810	이지홀딩스	trend_gate
2026-04-30 15:58:47,921	DROP	036200	유니셈	liquidity_gate:KOSDAQ
2026-04-30 15:58:48,332	DROP	108860	셀바스AI	trend_gate
2026-04-30 15:58:48,743	DROP	286940	롯데이노베이트	trend_gate
2026-04-30 15:58:49,168	DROP	136480	하림	liquidity_gate:KOSDAQ
2026-04-30 15:58:49,551	DROP	432720	퀄리타스반도체	volume_drought_gate
2026-04-30 15:58:54,680	DROP	452430	사피엔반도체	volume_drought_gate
2026-04-30 15:58:55,104	DROP	389020	자람테크놀로지	trend_gate
2026-04-30 15:58:55,543	DROP	151860	KG에코솔루션	liquidity_gate:KOSDAQ
2026-04-30 15:58:55,940	DROP	394420	리센스메디컬	insufficient_rows:23
2026-04-30 15:58:56,363	DROP	314930	바이오다인	trend_gate
2026-04-30 15:58:56,775	DROP	058970	엠로	trend_gate
2026-04-30 15:58:57,159	DROP	462350	이노스페이스	trend_gate
2026-04-30 15:58:57,584	DROP	232530	이엠티	liquidity_gate:KOSDAQ
2026-04-30 15:58:57,973	DROP	474650	링크솔루션	trend_gate
2026-04-30 15:58:58,397	DROP	101360	에코앤드림	trend_gate
2026-04-30 15:58:58,797	DROP	043150	바텍	liquidity_gate:KOSDAQ
2026-04-30 15:58:59,206	DROP	200130	콜마비앤에이치	trend_gate
2026-04-30 15:58:59,601	DROP	084690	대상홀딩스	trend_gate
2026-04-30 15:58:59,961	DROP	338840	와이바이오로직스	trend_gate
2026-04-30 15:59:00,380	DROP	051500	CJ프레시웨이	trend_gate
2026-04-30 15:59:00,793	DROP	024720	콜마홀딩스	trend_gate
2026-04-30 15:59:01,145	DROP	416180	신성에스티	trend_gate
2026-04-30 15:59:01,555	DROP	094480	갤럭시아머니트리	trend_gate
2026-04-30 15:59:01,934	DROP	002900	TYM	liquidity_gate:KOSPI
2026-04-30 15:59:02,312	DROP	472850	폰드그룹	exception:TypeError
2026-04-30 15:59:02,703	DROP	018000	유니슨	trend_gate
2026-04-30 15:59:03,047	DROP	254490	미래반도체	volume_drought_gate
2026-04-30 15:59:03,415	DROP	060720	KH바텍	trend_gate
2026-04-30 15:59:03,797	DROP	001340	PKC	liquidity_gate:KOSPI
2026-04-30 15:59:04,320	DROP	251370	와이엠티	volume_drought_gate
2026-04-30 15:59:04,772	DROP	272450	진에어	trend_gate
2026-04-30 15:59:05,217	DROP	092730	네오팜	trend_gate
2026-04-30 15:59:10,302	DROP	900140	엘브이엠씨홀딩스	trend_gate
2026-04-30 15:59:10,722	DROP	094820	일진파워	volume_drought_gate
2026-04-30 15:59:11,175	DROP	009470	삼화전기	volume_drought_gate
2026-04-30 15:59:11,563	DROP	322310	오로스테크놀로지	volume_drought_gate
2026-04-30 15:59:11,936	DROP	445090	에이직랜드	trend_gate
2026-04-30 15:59:12,367	DROP	061970	LB세미콘	volume_drought_gate
2026-04-30 15:59:12,785	DROP	123890	한국자산신탁	trend_gate
2026-04-30 15:59:13,198	DROP	037270	YG PLUS	trend_gate
2026-04-30 15:59:13,671	DROP	003520	영진약품	trend_gate
2026-04-30 15:59:14,067	DROP	095500	미래나노텍	trend_gate
2026-04-30 15:59:14,463	DROP	049070	인탑스	trend_gate
2026-04-30 15:59:14,848	DROP	272110	케이엔제이	volume_drought_gate
2026-04-30 15:59:15,239	DROP	033270	유나이티드제약	trend_gate
2026-04-30 15:59:15,596	DROP	215000	골프존	trend_gate
2026-04-30 15:59:15,979	DROP	054210	이랜텍	volume_drought_gate
2026-04-30 15:59:16,372	DROP	067390	아스트	trend_gate
2026-04-30 15:59:16,771	DROP	045390	대아티아이	trend_gate
2026-04-30 15:59:17,164	DROP	108670	LX하우시스	liquidity_gate:KOSPI
2026-04-30 15:59:17,570	DROP	128820	대성산업	trend_gate
2026-04-30 15:59:17,954	DROP	017390	서울가스	trend_gate
2026-04-30 15:59:18,442	DROP	096760	JW홀딩스	liquidity_gate:KOSPI
2026-04-30 15:59:18,812	DROP	035600	KG이니시스	liquidity_gate:KOSDAQ
2026-04-30 15:59:19,194	DROP	243070	휴온스	trend_gate
2026-04-30 15:59:19,594	DROP	023410	유진기업	trend_gate
2026-04-30 15:59:20,001	DROP	001460	BYC	trend_gate
2026-04-30 15:59:20,378	DROP	003920	남양유업	trend_gate
2026-04-30 15:59:20,730	DROP	357550	석경에이티	trend_gate
2026-04-30 15:59:21,106	DROP	098120	마이크로컨텍솔	volume_drought_gate
2026-04-30 15:59:21,543	DROP	900290	GRT	trend_gate
2026-04-30 15:59:22,110	DROP	051370	인터플렉스	liquidity_gate:KOSDAQ
2026-04-30 15:59:22,610	DROP	064850	에프앤가이드	liquidity_gate:KOSDAQ
2026-04-30 15:59:22,964	DROP	475560	더본코리아	trend_gate
2026-04-30 15:59:23,312	DROP	125020	티씨머티리얼즈	volume_drought_gate
2026-04-30 15:59:23,640	DROP	0007C0	아크릴	insufficient_rows:91
2026-04-30 15:59:24,026	DROP	115450	HLB테라퓨틱스	trend_gate
2026-04-30 15:59:24,392	DROP	382900	범한퓨얼셀	liquidity_gate:KOSDAQ
2026-04-30 15:59:24,758	DROP	086820	바이오솔루션	liquidity_gate:KOSDAQ
2026-04-30 15:59:25,152	DROP	005680	삼영전자	liquidity_gate:KOSPI
2026-04-30 15:59:25,537	DROP	003200	일신방직	trend_gate
2026-04-30 15:59:25,979	DROP	023760	한국캐피탈	trend_gate
2026-04-30 15:59:26,376	DROP	053690	한미글로벌	trend_gate
2026-04-30 15:59:31,542	DROP	004360	세방	liquidity_gate:KOSPI
2026-04-30 15:59:31,930	DROP	037710	광주신세계	trend_gate
2026-04-30 15:59:32,316	DROP	099440	스맥	trend_gate
2026-04-30 15:59:32,709	DROP	003120	일성아이에스	trend_gate
2026-04-30 15:59:33,167	DROP	226590	엠디바이스	trend_gate
2026-04-30 15:59:33,549	DROP	294570	쿠콘	trend_gate
2026-04-30 15:59:33,913	DROP	002320	한진	trend_gate
2026-04-30 15:59:34,297	DROP	017890	한국알콜	liquidity_gate:KOSDAQ
2026-04-30 15:59:34,757	DROP	054950	제이브이엠	trend_gate
2026-04-30 15:59:35,123	DROP	003960	사조대림	trend_gate
2026-04-30 15:59:35,490	DROP	274090	켄코아에어로스페이스	trend_gate
2026-04-30 15:59:35,865	DROP	011690	와이투솔루션	trend_gate
2026-04-30 15:59:36,240	DROP	138360	앤로보틱스	volume_drought_gate
2026-04-30 15:59:36,615	DROP	108380	대양전기공업	trend_gate
2026-04-30 15:59:36,980	DROP	304100	솔트룩스	trend_gate
2026-04-30 15:59:37,359	DROP	012210	삼미금속	exception:TypeError
2026-04-30 15:59:37,743	DROP	035510	신세계 I&C	liquidity_gate:KOSPI
2026-04-30 15:59:38,115	DROP	092200	디아이씨	trend_gate
2026-04-30 15:59:38,481	DROP	219130	타이거일렉	liquidity_gate:KOSDAQ
2026-04-30 15:59:38,850	DROP	005950	이수화학	volume_drought_gate
2026-04-30 15:59:39,219	DROP	000320	노루홀딩스	trend_gate
2026-04-30 15:59:39,589	DROP	144960	뉴파워프라즈마	liquidity_gate:KOSDAQ
2026-04-30 15:59:39,996	DROP	000490	대동	trend_gate
2026-04-30 15:59:40,368	DROP	138610	나이벡	trend_gate
2026-04-30 15:59:40,733	DROP	382800	지앤비에스 에코	volume_drought_gate
2026-04-30 15:59:41,132	DROP	034120	SBS	trend_gate
2026-04-30 15:59:41,499	DROP	464080	에스오에스랩	trend_gate
2026-04-30 15:59:41,876	DROP	474170	루미르	trend_gate
2026-04-30 15:59:42,297	DROP	003070	코오롱글로벌	trend_gate
2026-04-30 15:59:42,664	DROP	001780	알루코	volume_drought_gate
2026-04-30 15:59:43,008	DROP	372170	윤성에프앤씨	trend_gate
2026-04-30 15:59:43,377	DROP	241590	화승엔터프라이즈	trend_gate
2026-04-30 15:59:43,743	DROP	484810	티엑스알로보틱스	liquidity_gate:KOSDAQ
2026-04-30 15:59:44,112	DROP	255220	SG	trend_gate
2026-04-30 15:59:44,464	DROP	199430	케이엔알시스템	trend_gate
2026-04-30 15:59:44,859	DROP	013890	지누스	trend_gate
2026-04-30 15:59:45,213	DROP	361390	제노코	trend_gate
2026-04-30 15:59:45,622	DROP	000650	천일고속	trend_gate
2026-04-30 15:59:45,994	DROP	083310	엘오티베큠	liquidity_gate:KOSDAQ
2026-04-30 15:59:46,338	DROP	112290	와이씨켐	trend_gate
2026-04-30 15:59:46,682	DROP	289930	웨이비스	volume_drought_gate
2026-04-30 15:59:47,094	DROP	134380	미원화학	liquidity_gate:KOSPI
2026-04-30 15:59:47,497	DROP	221800	지구홀딩스	trend_gate
2026-04-30 15:59:52,626	DROP	000540	흥국화재	trend_gate
2026-04-30 15:59:53,047	DROP	036800	나이스정보통신	liquidity_gate:KOSDAQ
2026-04-30 15:59:58,105	DROP	012860	모베이스전자	trend_gate
2026-04-30 15:59:58,492	DROP	000050	경방	52w_ceiling_gate
2026-04-30 15:59:58,897	DROP	267980	매일유업	trend_gate
2026-04-30 15:59:59,306	DROP	194480	데브시스터즈	trend_gate
2026-04-30 15:59:59,756	DROP	004310	현대약품	trend_gate
2026-04-30 16:00:04,901	DROP	126700	하이비젼시스템	trend_gate
2026-04-30 16:00:10,018	DROP	018310	삼목에스폼	trend_gate
2026-04-30 16:00:10,411	DROP	005710	대원산업	trend_gate
2026-04-30 16:00:10,791	DROP	043370	피에이치에이	liquidity_gate:KOSDAQ
2026-04-30 16:00:11,118	DROP	488280	에스투더블유	insufficient_rows:148
2026-04-30 16:00:11,503	DROP	008350	남선알미늄	trend_gate
2026-04-30 16:00:11,911	DROP	067080	대화제약	trend_gate
2026-04-30 16:00:12,378	DROP	084680	이월드	liquidity_gate:KOSPI
2026-04-30 16:00:12,775	DROP	256840	한국비엔씨	trend_gate
2026-04-30 16:00:13,178	DROP	000430	대원강업	liquidity_gate:KOSPI
2026-04-30 16:00:13,673	DROP	092070	디엔에프	liquidity_gate:KOSDAQ
2026-04-30 16:00:14,082	DROP	064550	바이오니아	trend_gate
2026-04-30 16:00:14,456	DROP	053300	한국정보인증	trend_gate
2026-04-30 16:00:14,827	DROP	357580	아모센스	trend_gate
2026-04-30 16:00:15,252	DROP	078070	유비쿼스홀딩스	trend_gate
2026-04-30 16:00:15,666	DROP	214180	헥토이노베이션	trend_gate
2026-04-30 16:00:16,075	DROP	226320	잇츠한불	trend_gate
2026-04-30 16:00:16,494	DROP	030210	다올투자증권	trend_gate
2026-04-30 16:00:16,855	DROP	194700	노바렉스	trend_gate
2026-04-30 16:00:17,248	DROP	190510	나무가	trend_gate
2026-04-30 16:00:17,639	DROP	024060	흥구석유	trend_gate
2026-04-30 16:00:17,990	DROP	309710	아이티켐	insufficient_rows:178
2026-04-30 16:00:18,338	DROP	0004V0	엔비알모션	insufficient_rows:73
2026-04-30 16:00:18,726	DROP	079960	동양이엔피	trend_gate
2026-04-30 16:00:19,091	DROP	338220	뷰노	trend_gate
2026-04-30 16:00:19,516	DROP	007160	사조산업	trend_gate
2026-04-30 16:00:19,881	DROP	216080	제테마	trend_gate
2026-04-30 16:00:20,262	DROP	078150	HB테크놀러지	volume_drought_gate
2026-04-30 16:00:20,644	DROP	039860	나노엔텍	trend_gate
2026-04-30 16:00:21,496	DROP	182400	엔케이젠바이오텍코리아	trend_gate
2026-04-30 16:00:21,902	DROP	042600	새로닉스	trend_gate
2026-04-30 16:00:22,307	DROP	001130	대한제분	liquidity_gate:KOSPI
2026-04-30 16:00:22,700	DROP	034810	해성산업	trend_gate
2026-04-30 16:00:23,089	DROP	126600	BGF에코머티리얼즈	trend_gate
2026-04-30 16:00:23,453	DROP	481070	에이유브랜즈	trend_gate
2026-04-30 16:00:28,504	DROP	058820	CMG제약	trend_gate
2026-04-30 16:00:28,896	DROP	051360	토비스	trend_gate
2026-04-30 16:00:29,267	DROP	001790	대한제당	trend_gate
2026-04-30 16:00:29,658	DROP	439090	마녀공장	trend_gate
2026-04-30 16:00:30,036	DROP	462860	더즌	trend_gate
2026-04-30 16:00:30,436	DROP	125210	아모그린텍	volume_drought_gate
2026-04-30 16:00:30,830	DROP	004560	현대비앤지스틸	trend_gate
2026-04-30 16:00:31,215	DROP	004710	한솔테크닉스	trend_gate
2026-04-30 16:00:31,618	DROP	013580	계룡건설	liquidity_gate:KOSPI
2026-04-30 16:00:32,050	DROP	013120	동원개발	trend_gate
2026-04-30 16:00:32,472	DROP	000390	SP삼화	trend_gate
2026-04-30 16:00:32,882	DROP	206640	바디텍메드	trend_gate
2026-04-30 16:00:33,271	DROP	353810	이지바이오	trend_gate
2026-04-30 16:00:33,702	DROP	203650	드림시큐리티	52w_ceiling_gate
2026-04-30 16:00:34,051	DROP	484120	도우인시스	insufficient_rows:189
2026-04-30 16:00:34,462	DROP	176750	듀켐바이오	trend_gate
2026-04-30 16:00:34,849	DROP	121800	비덴트	trend_gate
2026-04-30 16:00:35,213	DROP	402030	코난테크놀로지	trend_gate
2026-04-30 16:00:35,606	DROP	314130	지놈앤컴퍼니	trend_gate
2026-04-30 16:00:36,046	DROP	136490	선진	trend_gate
2026-04-30 16:00:36,420	DROP	033920	무학	trend_gate
2026-04-30 16:00:36,826	DROP	122900	아이마켓코리아	trend_gate
2026-04-30 16:00:37,192	DROP	299030	하나기술	liquidity_gate:KOSDAQ
2026-04-30 16:00:37,593	DROP	457550	우진엔텍	trend_gate
2026-04-30 16:00:38,042	DROP	104480	티케이케미칼	liquidity_gate:KOSDAQ
2026-04-30 16:00:38,528	DROP	377460	큐에이드	trend_gate
2026-04-30 16:00:38,907	DROP	293580	나우IB	volume_drought_gate
2026-04-30 16:00:39,238	DROP	403850	더핑크퐁컴퍼니	insufficient_rows:111
2026-04-30 16:00:39,628	DROP	211270	AP위성	trend_gate
2026-04-30 16:00:40,010	DROP	117580	대성에너지	trend_gate
2026-04-30 16:00:40,402	DROP	041020	폴라리스오피스	trend_gate
2026-04-30 16:00:40,786	DROP	285490	노바텍	trend_gate
2026-04-30 16:00:41,236	DROP	203400	에이비온	trend_gate
2026-04-30 16:00:41,701	DROP	035150	백산	trend_gate
2026-04-30 16:00:42,092	DROP	452450	피아이이	trend_gate
2026-04-30 16:00:42,471	DROP	297090	씨에스베어링	liquidity_gate:KOSDAQ
2026-04-30 16:00:42,837	DROP	244920	에이플러스에셋	trend_gate
2026-04-30 16:00:43,219	DROP	102120	어보브반도체	volume_drought_gate
2026-04-30 16:00:43,602	DROP	005500	삼진제약	trend_gate
2026-04-30 16:00:44,049	DROP	461300	아이스크림미디어	trend_gate
2026-04-30 16:00:44,437	DROP	036030	케이티알파	trend_gate
2026-04-30 16:00:44,806	DROP	095700	제넥신	trend_gate
2026-04-30 16:00:45,213	DROP	001630	종근당홀딩스	trend_gate
2026-04-30 16:00:45,560	DROP	0011A0	액스비스	insufficient_rows:39
2026-04-30 16:00:45,940	DROP	004380	삼익THK	trend_gate
2026-04-30 16:00:46,281	DROP	487570	HS효성	trend_gate
2026-04-30 16:00:46,610	DROP	380550	뉴로핏	insufficient_rows:187
2026-04-30 16:00:47,098	DROP	119610	인터로조	liquidity_gate:KOSDAQ
2026-04-30 16:00:47,508	DROP	100120	뷰웍스	trend_gate
2026-04-30 16:00:47,881	DROP	270660	에브리봇	trend_gate
2026-04-30 16:00:48,281	DROP	016880	웅진	trend_gate
2026-04-30 16:00:48,646	DROP	371950	풍원정밀	trend_gate
2026-04-30 16:00:49,048	DROP	095570	AJ네트웍스	liquidity_gate:KOSPI
2026-04-30 16:00:49,451	DROP	028100	동아지질	liquidity_gate:KOSPI
2026-04-30 16:00:49,885	DROP	147830	제룡산업	volume_drought_gate
2026-04-30 16:00:50,303	DROP	237880	클리오	trend_gate
2026-04-30 16:00:50,739	DROP	009680	모토닉	trend_gate
2026-04-30 16:00:51,115	DROP	010580	에스엠벡셀	52w_ceiling_gate
2026-04-30 16:00:51,484	DROP	002150	도화엔지니어링	liquidity_gate:KOSPI
2026-04-30 16:00:51,872	DROP	950140	잉글우드랩	trend_gate
2026-04-30 16:00:52,258	DROP	036190	금화피에스시	liquidity_gate:KOSDAQ
2026-04-30 16:00:52,636	DROP	298690	에어부산	liquidity_gate:KOSPI
2026-04-30 16:00:52,997	DROP	061090	세나테크놀로지	insufficient_rows:113
2026-04-30 16:00:53,390	DROP	003220	대원제약	trend_gate
2026-04-30 16:00:53,744	DROP	950250	테라뷰	insufficient_rows:96
2026-04-30 16:00:54,154	DROP	065710	서호전기	trend_gate
2026-04-30 16:00:54,582	DROP	000480	CR홀딩스	trend_gate
2026-04-30 16:00:54,927	DROP	469610	이노테크	insufficient_rows:118
2026-04-30 16:00:55,333	DROP	210980	SK디앤디	trend_gate
2026-04-30 16:00:55,777	DROP	011560	세보엠이씨	liquidity_gate:KOSDAQ
2026-04-30 16:00:56,168	DROP	073010	케이에스피	trend_gate
2026-04-30 16:00:56,550	DROP	293780	압타바이오	trend_gate
2026-04-30 16:00:56,915	DROP	209640	와이제이링크	volume_drought_gate
2026-04-30 16:00:57,333	DROP	053210	스카이라이프	trend_gate
2026-04-30 16:00:57,720	DROP	083930	아바코	liquidity_gate:KOSDAQ
2026-04-30 16:00:58,103	DROP	025000	KPX케미칼	liquidity_gate:KOSPI
2026-04-30 16:00:58,507	DROP	019010	베뉴지	trend_gate
2026-04-30 16:00:58,941	DROP	036560	KZ정밀	trend_gate
2026-04-30 16:00:59,325	DROP	008490	서흥	trend_gate
2026-04-30 16:00:59,700	DROP	234690	녹십자웰빙	trend_gate
2026-04-30 16:01:00,137	DROP	003610	방림	trend_gate
2026-04-30 16:01:00,537	DROP	039840	디오	trend_gate
2026-04-30 16:01:00,913	DROP	260870	SK시그넷	trend_gate
2026-04-30 16:01:01,667	DROP	068930	디지털대성	trend_gate
2026-04-30 16:01:02,065	DROP	003350	한국화장품제조	trend_gate
2026-04-30 16:01:02,500	DROP	146320	비씨엔씨	liquidity_gate:KOSDAQ
2026-04-30 16:01:03,054	DROP	417010	나노팀	volume_drought_gate
2026-04-30 16:01:03,510	DROP	339770	교촌에프앤비	trend_gate
2026-04-30 16:01:03,936	DROP	121440	골프존홀딩스	trend_gate
2026-04-30 16:01:04,355	DROP	017510	세명전기	volume_drought_gate
2026-04-30 16:01:04,875	DROP	102260	동성케미컬	liquidity_gate:KOSPI
2026-04-30 16:01:05,322	DROP	007860	서연	trend_gate
2026-04-30 16:01:05,772	DROP	018470	조일알미늄	volume_drought_gate
2026-04-30 16:01:06,198	DROP	123330	제닉	trend_gate
2026-04-30 16:01:06,749	DROP	033530	SJG세종	trend_gate
2026-04-30 16:01:07,215	DROP	016580	환인제약	trend_gate
2026-04-30 16:01:07,625	DROP	000860	강남제비스코	trend_gate
2026-04-30 16:01:08,050	DROP	264660	씨앤지하이테크	volume_drought_gate
2026-04-30 16:01:08,470	DROP	118990	모트렉스	trend_gate
2026-04-30 16:01:08,854	DROP	308080	바이젠셀	52w_ceiling_gate
2026-04-30 16:01:13,956	DROP	489500	엘케이켐	trend_gate
2026-04-30 16:01:14,327	DROP	445180	퓨릿	liquidity_gate:KOSDAQ
2026-04-30 16:01:14,715	DROP	005960	동부건설	liquidity_gate:KOSPI
2026-04-30 16:01:15,100	DROP	232680	라온로보틱스	52w_ceiling_gate
2026-04-30 16:01:15,541	DROP	054450	텔레칩스	trend_gate
2026-04-30 16:01:15,933	DROP	307180	아이엘	trend_gate
2026-04-30 16:01:16,303	DROP	377450	리파인	trend_gate
2026-04-30 16:01:16,683	DROP	003650	미창석유	trend_gate
2026-04-30 16:01:17,107	DROP	140670	알에스오토메이션	trend_gate
2026-04-30 16:01:17,512	DROP	060150	인선이엔티	trend_gate
2026-04-30 16:01:17,926	DROP	080160	모두투어	trend_gate
2026-04-30 16:01:18,471	DROP	259630	엠플러스	volume_drought_gate
2026-04-30 16:01:18,845	DROP	264450	유비쿼스	trend_gate
2026-04-30 16:01:19,295	DROP	039570	HDC랩스	trend_gate
2026-04-30 16:01:19,749	DROP	007570	일양약품	trend_gate
2026-04-30 16:01:20,210	DROP	051980	중앙첨단소재	trend_gate
2026-04-30 16:01:20,600	DROP	000140	하이트진로홀딩스	trend_gate
2026-04-30 16:01:20,976	DROP	307750	국전	trend_gate
2026-04-30 16:01:21,369	DROP	032620	GC메디아이	trend_gate
2026-04-30 16:01:21,773	DROP	012610	경인양행	liquidity_gate:KOSPI
2026-04-30 16:01:22,284	DROP	001080	만호제강	trend_gate
2026-04-30 16:01:22,676	DROP	123860	아나패스	trend_gate
2026-04-30 16:01:23,043	DROP	950170	JTC	trend_gate
2026-04-30 16:01:23,420	DROP	039560	다산네트웍스	trend_gate
2026-04-30 16:01:23,765	DROP	101970	우양에이치씨	trend_gate
2026-04-30 16:01:24,130	DROP	179290	엠아이텍	trend_gate
2026-04-30 16:01:24,516	DROP	081000	일진다이아	trend_gate
2026-04-30 16:01:24,881	DROP	052330	코텍	liquidity_gate:KOSDAQ
2026-04-30 16:01:25,280	DROP	380540	옵티코어	trend_gate
2026-04-30 16:01:25,715	DROP	418420	라온텍	volume_drought_gate
2026-04-30 16:01:26,083	DROP	271980	제일약품	trend_gate
2026-04-30 16:01:26,461	DROP	460850	동국씨엠	liquidity_gate:KOSPI
2026-04-30 16:01:26,843	DROP	002100	경농	liquidity_gate:KOSPI
2026-04-30 16:01:27,225	DROP	106190	하이텍팜	trend_gate
2026-04-30 16:01:27,645	DROP	002990	금호건설	liquidity_gate:KOSPI
2026-04-30 16:01:28,045	DROP	234080	JW생명과학	trend_gate
2026-04-30 16:01:28,511	DROP	031440	신세계푸드	liquidity_gate:KOSPI
2026-04-30 16:01:28,848	DROP	475230	엔알비	insufficient_rows:186
2026-04-30 16:01:29,308	DROP	002780	진흥기업	volume_drought_gate
2026-04-30 16:01:29,724	DROP	004090	한국석유	trend_gate
2026-04-30 16:01:30,091	DROP	213500	한솔제지	trend_gate
2026-04-30 16:01:30,489	DROP	037350	성도이엔지	liquidity_gate:KOSDAQ
2026-04-30 16:01:30,907	DROP	115310	인포바인	trend_gate
2026-04-30 16:01:31,288	DROP	122990	와이솔	liquidity_gate:KOSDAQ
2026-04-30 16:01:36,265	DROP	003460	유화증권	trend_gate
2026-04-30 16:01:36,660	DROP	102460	이연제약	trend_gate
2026-04-30 16:01:37,019	DROP	036710	심텍홀딩스	liquidity_gate:KOSDAQ
2026-04-30 16:01:37,393	DROP	046440	KG파이낸셜	liquidity_gate:KOSDAQ
2026-04-30 16:01:37,734	DROP	453450	그리드위즈	volume_drought_gate
2026-04-30 16:01:38,100	DROP	267320	나인테크	trend_gate
2026-04-30 16:01:38,455	DROP	340450	지씨지놈	trend_gate
2026-04-30 16:01:38,857	DROP	040160	누리플렉스	liquidity_gate:KOSDAQ
2026-04-30 16:01:39,225	DROP	119830	아이텍	trend_gate
2026-04-30 16:01:39,595	DROP	005160	동국산업	trend_gate
2026-04-30 16:01:39,954	DROP	100250	진양홀딩스	trend_gate
2026-04-30 16:01:40,343	DROP	025820	이구산업	liquidity_gate:KOSPI
2026-04-30 16:01:40,709	DROP	082800	비보존 제약	trend_gate
2026-04-30 16:01:41,121	DROP	282880	코윈테크	liquidity_gate:KOSDAQ
2026-04-30 16:01:41,485	DROP	158430	아톤	trend_gate
2026-04-30 16:01:41,859	DROP	473980	노머스	trend_gate
2026-04-30 16:01:42,215	DROP	008970	KBI동양철관	trend_gate
2026-04-30 16:01:42,620	DROP	037070	파세코	liquidity_gate:KOSDAQ
2026-04-30 16:01:42,994	DROP	204610	티쓰리	liquidity_gate:KOSDAQ
2026-04-30 16:01:43,378	DROP	054920	한컴위드	volume_drought_gate
2026-04-30 16:01:43,726	DROP	056090	시지메드텍	trend_gate
2026-04-30 16:01:44,078	DROP	333430	일승	trend_gate
2026-04-30 16:01:44,441	DROP	086890	이수앱지스	trend_gate
2026-04-30 16:01:44,814	DROP	123410	코리아에프티	trend_gate
2026-04-30 16:01:45,303	DROP	038390	레드캡투어	trend_gate
2026-04-30 16:01:45,712	DROP	015230	대창단조	liquidity_gate:KOSPI
2026-04-30 16:01:46,110	DROP	088130	동아엘텍	volume_drought_gate
2026-04-30 16:01:46,476	DROP	000520	삼일제약	trend_gate
2026-04-30 16:01:46,853	DROP	006060	화승인더	trend_gate
2026-04-30 16:01:47,203	DROP	220260	켐트로스	52w_ceiling_gate
2026-04-30 16:01:52,263	DROP	101170	우림피티에스	trend_gate
2026-04-30 16:01:52,662	DROP	002230	피에스텍	trend_gate
2026-04-30 16:01:53,069	DROP	032940	원익	trend_gate
2026-04-30 16:01:53,440	DROP	452190	한빛레이저	volume_drought_gate
2026-04-30 16:01:58,591	DROP	143160	아이디스	trend_gate
2026-04-30 16:01:58,965	DROP	264850	이랜시스	trend_gate
2026-04-30 16:01:59,356	DROP	001360	삼성제약	liquidity_gate:KOSPI
2026-04-30 16:01:59,709	DROP	365330	에스와이스틸텍	trend_gate
2026-04-30 16:02:00,094	DROP	012200	계양전기	trend_gate
2026-04-30 16:02:00,460	DROP	047310	파워로직스	trend_gate
2026-04-30 16:02:00,873	DROP	001520	동양	trend_gate
2026-04-30 16:02:01,245	DROP	300080	플리토	trend_gate
2026-04-30 16:02:01,609	DROP	217820	원익피앤이	liquidity_gate:KOSDAQ
2026-04-30 16:02:01,982	DROP	115500	케이씨에스	52w_ceiling_gate
2026-04-30 16:02:02,424	DROP	068790	DMS	trend_gate
2026-04-30 16:02:02,810	DROP	009580	무림P&P	trend_gate
2026-04-30 16:02:03,208	DROP	217270	넵튠	trend_gate
2026-04-30 16:02:03,598	DROP	071840	롯데하이마트	trend_gate
2026-04-30 16:02:04,032	DROP	101530	해태제과식품	trend_gate
2026-04-30 16:02:04,402	DROP	317400	자이에스앤디	liquidity_gate:KOSPI
2026-04-30 16:02:04,762	DROP	322180	LS티라유텍	liquidity_gate:KOSDAQ
2026-04-30 16:02:05,133	DROP	016790	현대사료	trend_gate
2026-04-30 16:02:05,500	DROP	114840	아이패밀리에스씨	trend_gate
2026-04-30 16:02:05,887	DROP	187790	나노	volume_drought_gate
2026-04-30 16:02:06,289	DROP	140610	엔솔바이오사이언스	trend_gate
2026-04-30 16:02:06,696	DROP	290690	소룩스	trend_gate
2026-04-30 16:02:07,102	DROP	005430	한국공항	trend_gate
2026-04-30 16:02:07,544	DROP	126730	코칩	trend_gate
2026-04-30 16:02:07,925	DROP	086980	쇼박스	liquidity_gate:KOSDAQ
2026-04-30 16:02:08,306	DROP	322510	제이엘케이	trend_gate
2026-04-30 16:02:08,802	DROP	048870	시너지이노베이션	trend_gate
2026-04-30 16:02:09,175	DROP	446540	메가터치	liquidity_gate:KOSDAQ
2026-04-30 16:02:09,558	DROP	290740	액트로	trend_gate
2026-04-30 16:02:09,953	DROP	143240	사람인	liquidity_gate:KOSDAQ
2026-04-30 16:02:10,339	DROP	092130	이크레더블	trend_gate
2026-04-30 16:02:10,728	DROP	049430	코메론	trend_gate
2026-04-30 16:02:11,117	DROP	037560	LG헬로비전	trend_gate
2026-04-30 16:02:11,557	DROP	334970	프레스티지바이오로직스	trend_gate
2026-04-30 16:02:12,004	DROP	008830	대동기어	trend_gate
2026-04-30 16:02:12,398	DROP	053080	케이엔솔	liquidity_gate:KOSDAQ
2026-04-30 16:02:12,759	DROP	214420	토니모리	trend_gate
2026-04-30 16:02:13,133	DROP	003480	한진중공업홀딩스	liquidity_gate:KOSPI
2026-04-30 16:02:13,517	DROP	039830	오로라	trend_gate
2026-04-30 16:02:13,909	DROP	149950	아바텍	liquidity_gate:KOSDAQ
2026-04-30 16:02:14,295	DROP	002170	SYTS	liquidity_gate:KOSPI
2026-04-30 16:02:14,668	DROP	016450	한세예스24홀딩스	trend_gate
2026-04-30 16:02:15,023	DROP	042420	네오위즈홀딩스	trend_gate
2026-04-30 16:02:15,403	DROP	242040	나무기술	trend_gate
2026-04-30 16:02:15,805	DROP	024840	KBI메탈	volume_drought_gate
2026-04-30 16:02:16,193	DROP	009070	KCTC	trend_gate
2026-04-30 16:02:16,599	DROP	049080	기가레인	trend_gate
2026-04-30 16:02:17,008	DROP	272550	삼양패키징	trend_gate
2026-04-30 16:02:17,390	DROP	069510	에스텍	liquidity_gate:KOSDAQ
2026-04-30 16:02:17,794	DROP	071200	인피니트헬스케어	liquidity_gate:KOSDAQ
2026-04-30 16:02:18,161	DROP	066620	국보디자인	trend_gate
2026-04-30 16:02:18,540	DROP	086670	비엠티	liquidity_gate:KOSDAQ
2026-04-30 16:02:18,946	DROP	163730	핑거	trend_gate
2026-04-30 16:02:19,342	DROP	235980	메드팩토	trend_gate
2026-04-30 16:02:19,901	DROP	090350	노루페인트	trend_gate
2026-04-30 16:02:20,264	DROP	166480	코아스템켐온	liquidity_gate:KOSDAQ
2026-04-30 16:02:20,629	DROP	038290	마크로젠	trend_gate
2026-04-30 16:02:20,993	DROP	108230	톱텍	trend_gate
2026-04-30 16:02:21,386	DROP	054540	삼영엠텍	trend_gate
2026-04-30 16:02:21,754	DROP	107600	새빗켐	trend_gate
2026-04-30 16:02:22,129	DROP	293480	하나제약	trend_gate
2026-04-30 16:02:22,523	DROP	067280	멀티캠퍼스	trend_gate
2026-04-30 16:02:22,893	DROP	323990	박셀바이오	trend_gate
2026-04-30 16:02:23,258	DROP	462520	조선내화	trend_gate
2026-04-30 16:02:23,670	DROP	000300	DH오토넥스	trend_gate
2026-04-30 16:02:24,096	DROP	013990	아가방컴퍼니	52w_ceiling_gate
2026-04-30 16:02:24,489	DROP	059120	아진엑스텍	trend_gate
2026-04-30 16:02:24,909	DROP	089470	HDC현대EP	trend_gate
2026-04-30 16:02:25,312	DROP	047770	코데즈컴바인	trend_gate
2026-04-30 16:02:25,733	DROP	011040	경동제약	trend_gate
2026-04-30 16:02:26,104	DROP	475580	에이럭스	trend_gate
2026-04-30 16:02:26,480	DROP	456070	이엔셀	trend_gate
2026-04-30 16:02:26,848	DROP	396270	넥스트칩	liquidity_gate:KOSDAQ
2026-04-30 16:02:27,230	DROP	234030	싸이닉솔루션	trend_gate
2026-04-30 16:02:27,621	DROP	047560	이스트소프트	trend_gate
2026-04-30 16:02:28,011	DROP	148150	세경하이테크	trend_gate
2026-04-30 16:02:28,408	DROP	023910	대한약품	trend_gate
2026-04-30 16:02:28,818	DROP	357880	SKAI	trend_gate
2026-04-30 16:02:29,194	DROP	067000	조이시티	trend_gate
2026-04-30 16:02:29,560	DROP	210540	디와이파워	liquidity_gate:KOSPI
2026-04-30 16:02:29,924	DROP	007330	푸른저축은행	trend_gate
2026-04-30 16:02:30,276	DROP	0007J0	인벤테라	insufficient_rows:21
2026-04-30 16:02:30,660	DROP	044820	코스맥스비티아이	trend_gate
2026-04-30 16:02:31,043	DROP	004960	한신공영	trend_gate
2026-04-30 16:02:31,440	DROP	000020	동화약품	trend_gate
2026-04-30 16:02:31,819	DROP	297890	HB솔루션	trend_gate
2026-04-30 16:02:32,206	DROP	172670	에이엘티	liquidity_gate:KOSDAQ
2026-04-30 16:02:32,564	DROP	360070	탑머티리얼	trend_gate
2026-04-30 16:02:32,936	DROP	000970	한국주철관	trend_gate
2026-04-30 16:02:33,316	DROP	083500	에프엔에스테크	liquidity_gate:KOSDAQ
2026-04-30 16:02:33,743	DROP	105330	케이엔더블유	liquidity_gate:KOSDAQ
2026-04-30 16:02:38,889	DROP	192440	슈피겐코리아	trend_gate
2026-04-30 16:02:39,235	DROP	389030	지니너스	trend_gate
2026-04-30 16:02:39,667	DROP	256940	킵스파마	trend_gate
2026-04-30 16:02:40,082	DROP	095190	신화프리텍	liquidity_gate:KOSDAQ
2026-04-30 16:02:40,547	DROP	024800	유성티엔에스	liquidity_gate:KOSDAQ
2026-04-30 16:02:45,590	DROP	040300	YTN	liquidity_gate:KOSDAQ
2026-04-30 16:02:45,980	DROP	003830	대한화섬	trend_gate
2026-04-30 16:02:46,393	DROP	090470	제이스로보틱스	liquidity_gate:KOSDAQ
2026-04-30 16:02:46,835	DROP	067990	도이치모터스	trend_gate
2026-04-30 16:02:47,217	DROP	079430	현대리바트	liquidity_gate:KOSPI
2026-04-30 16:02:47,675	DROP	156100	엘앤케이바이오	trend_gate
2026-04-30 16:02:48,081	DROP	000700	유수홀딩스	trend_gate
2026-04-30 16:02:48,555	DROP	182360	큐브엔터	trend_gate
2026-04-30 16:02:48,915	DROP	408470	한패스	insufficient_rows:27
2026-04-30 16:02:49,315	DROP	013520	화승코퍼레이션	liquidity_gate:KOSPI
2026-04-30 16:02:49,923	DROP	085670	뉴프렉스	liquidity_gate:KOSDAQ
2026-04-30 16:02:50,419	DROP	023600	삼보판지	liquidity_gate:KOSDAQ
2026-04-30 16:02:51,096	DROP	054800	아이디스홀딩스	trend_gate
2026-04-30 16:02:51,770	DROP	072870	메가스터디	liquidity_gate:KOSDAQ
2026-04-30 16:02:52,239	DROP	021080	에이티넘인베스트	liquidity_gate:KOSDAQ
2026-04-30 16:02:52,674	DROP	388790	라이콤	trend_gate
2026-04-30 16:02:53,079	DROP	260970	에스앤디	trend_gate
2026-04-30 16:02:53,503	DROP	131030	옵투스제약	trend_gate
2026-04-30 16:02:53,880	DROP	093190	빅솔론	liquidity_gate:KOSDAQ
2026-04-30 16:02:54,275	DROP	080420	모다이노칩	trend_gate
2026-04-30 16:02:54,668	DROP	066410	버킷스튜디오	trend_gate
2026-04-30 16:02:55,202	DROP	093640	케이알엠	trend_gate
2026-04-30 16:02:55,824	DROP	214390	경보제약	trend_gate
2026-04-30 16:02:56,403	DROP	046070	코다코	trend_gate
2026-04-30 16:02:56,998	DROP	063570	NICE인프라	trend_gate
2026-04-30 16:02:57,429	DROP	214680	디알텍	trend_gate
2026-04-30 16:02:57,841	DROP	136540	윈스테크넷	trend_gate
2026-04-30 16:02:58,251	DROP	077500	유니퀘스트	trend_gate
2026-04-30 16:02:58,662	DROP	215100	로보로보	trend_gate
2026-04-30 16:02:59,073	DROP	104460	디와이피엔에프	trend_gate
2026-04-30 16:02:59,476	DROP	025620	차AI헬스케어	trend_gate
2026-04-30 16:02:59,882	DROP	003100	선광	trend_gate
2026-04-30 16:03:00,262	DROP	009270	신원	trend_gate
2026-04-30 16:03:00,669	DROP	012320	경동인베스트	trend_gate
2026-04-30 16:03:01,080	DROP	033340	좋은사람들	trend_gate
2026-04-30 16:03:01,522	DROP	014280	금강공업	trend_gate
2026-04-30 16:03:01,973	DROP	078000	텔코웨어	trend_gate
2026-04-30 16:03:02,340	DROP	408920	메쎄이상	liquidity_gate:KOSDAQ
2026-04-30 16:03:02,730	DROP	062970	한국첨단소재	trend_gate
2026-04-30 16:03:03,126	DROP	036010	아비코전자	liquidity_gate:KOSDAQ
2026-04-30 16:03:03,549	DROP	005860	한일사료	trend_gate
2026-04-30 16:03:03,945	DROP	004970	신라교역	trend_gate
2026-04-30 16:03:04,325	DROP	041520	이엘씨	liquidity_gate:KOSDAQ
2026-04-30 16:03:04,702	DROP	396300	세아메카닉스	volume_drought_gate
2026-04-30 16:03:05,056	DROP	464490	쿼드메디슨	insufficient_rows:93
2026-04-30 16:03:05,443	DROP	021820	세원정공	trend_gate
2026-04-30 16:03:05,798	DROP	136150	원일티엔아이	trend_gate
2026-04-30 16:03:06,224	DROP	021320	KCC건설	liquidity_gate:KOSDAQ
2026-04-30 16:03:06,625	DROP	123040	엠에스오토텍	trend_gate
2026-04-30 16:03:06,987	DROP	115440	우리넷	52w_ceiling_gate
2026-04-30 16:03:07,367	DROP	038110	에코플라스틱	trend_gate
2026-04-30 16:03:07,723	DROP	053700	삼보모터스	trend_gate
2026-04-30 16:03:08,103	DROP	027710	팜스토리	liquidity_gate:KOSDAQ
2026-04-30 16:03:08,529	DROP	217950	파마리서치바이오	trend_gate
2026-04-30 16:03:08,872	DROP	366030	공구우먼	liquidity_gate:KOSDAQ
2026-04-30 16:03:09,243	DROP	100130	동국S&C	trend_gate
2026-04-30 16:03:09,597	DROP	336680	탑런토탈솔루션	trend_gate
2026-04-30 16:03:09,997	DROP	109740	디에스케이	trend_gate
2026-04-30 16:03:10,365	DROP	225190	LK삼양	trend_gate
2026-04-30 16:03:10,727	DROP	007610	선도전기	liquidity_gate:KOSPI
2026-04-30 16:03:11,091	DROP	263720	디앤씨미디어	trend_gate
2026-04-30 16:03:11,417	DROP	321370	센서뷰	trend_gate
2026-04-30 16:03:11,770	DROP	382840	원준	liquidity_gate:KOSDAQ
2026-04-30 16:03:12,122	DROP	417500	제이아이테크	trend_gate
2026-04-30 16:03:12,504	DROP	094280	효성ITX	trend_gate
2026-04-30 16:03:12,884	DROP	011700	한신기계	trend_gate
2026-04-30 16:03:13,250	DROP	083420	그린케미칼	trend_gate
2026-04-30 16:03:13,618	DROP	011280	태림포장	trend_gate
2026-04-30 16:03:13,997	DROP	049960	쎌바이오텍	liquidity_gate:KOSDAQ
2026-04-30 16:03:14,356	DROP	070960	모나용평	trend_gate
2026-04-30 16:03:14,717	DROP	306620	지아이에스	liquidity_gate:KOSDAQ
2026-04-30 16:03:15,084	DROP	016740	두올	liquidity_gate:KOSPI
2026-04-30 16:03:15,474	DROP	0015S0	페스카로	insufficient_rows:95
2026-04-30 16:03:15,814	DROP	413630	씨피시스템	trend_gate
2026-04-30 16:03:16,193	DROP	012800	대창	liquidity_gate:KOSPI
2026-04-30 16:03:16,582	DROP	015890	태경산업	trend_gate
2026-04-30 16:03:16,968	DROP	007540	샘표	trend_gate
2026-04-30 16:03:17,328	DROP	250060	모비스	trend_gate
2026-04-30 16:03:17,687	DROP	331740	아우토크립트	insufficient_rows:195
2026-04-30 16:03:18,068	DROP	008040	사조동아원	trend_gate
2026-04-30 16:03:18,444	DROP	090850	현대이지웰	trend_gate
2026-04-30 16:03:18,867	DROP	005990	매일홀딩스	trend_gate
2026-04-30 16:03:19,237	DROP	476040	오가노이드사이언스	trend_gate
2026-04-30 16:03:19,625	DROP	298000	효성화학	trend_gate
2026-04-30 16:03:20,040	DROP	037030	파워넷	trend_gate
2026-04-30 16:03:20,475	DROP	045970	코아시아	trend_gate
2026-04-30 16:03:20,842	DROP	310200	애니플러스	trend_gate
2026-04-30 16:03:21,224	DROP	006620	동구바이오제약	trend_gate
2026-04-30 16:03:21,681	DROP	109610	에스와이	trend_gate
2026-04-30 16:03:22,043	DROP	240550	동방메디컬	trend_gate
2026-04-30 16:03:22,496	DROP	039980	폴라리스AI	trend_gate
2026-04-30 16:03:22,837	DROP	493330	지에프아이	insufficient_rows:73
2026-04-30 16:03:23,217	DROP	013310	아진산업	liquidity_gate:KOSDAQ
2026-04-30 16:03:23,581	DROP	096250	와이즈넛	trend_gate
2026-04-30 16:03:23,946	DROP	139990	아주스틸	trend_gate
2026-04-30 16:03:24,331	DROP	107590	미원홀딩스	trend_gate
2026-04-30 16:03:24,714	DROP	027970	한국제지	trend_gate
2026-04-30 16:03:25,084	DROP	071280	로체시스템즈	trend_gate
2026-04-30 16:03:25,480	DROP	020120	키다리스튜디오	trend_gate
2026-04-30 16:03:25,838	DROP	035000	HS애드	trend_gate
2026-04-30 16:03:26,205	DROP	004250	NPC	trend_gate
2026-04-30 16:03:26,659	DROP	192410	오늘이엔엠	trend_gate
2026-04-30 16:03:31,775	DROP	079810	APS이노베이션	trend_gate
2026-04-30 16:03:32,137	DROP	007210	벽산	liquidity_gate:KOSPI
2026-04-30 16:03:32,521	DROP	049720	고려신용정보	trend_gate
2026-04-30 16:03:32,957	DROP	122450	KX	trend_gate
2026-04-30 16:03:33,311	DROP	443670	에스피소프트	trend_gate
2026-04-30 16:03:33,673	DROP	159010	아스플로	liquidity_gate:KOSDAQ
2026-04-30 16:03:34,048	DROP	049950	미래컴퍼니	trend_gate
2026-04-30 16:03:34,489	DROP	002620	제일파마홀딩스	trend_gate
2026-04-30 16:03:34,915	DROP	255440	야스	trend_gate
2026-04-30 16:03:35,436	DROP	066310	큐에스아이	52w_ceiling_gate
2026-04-30 16:03:35,840	DROP	024090	디씨엠	trend_gate
2026-04-30 16:03:36,214	DROP	001290	상상인증권	trend_gate
2026-04-30 16:03:36,622	DROP	002390	한독	trend_gate
2026-04-30 16:03:37,014	DROP	363280	티와이홀딩스	trend_gate
2026-04-30 16:03:37,427	DROP	225530	HC보광산업	trend_gate
2026-04-30 16:03:37,839	DROP	123690	한국화장품	trend_gate
2026-04-30 16:03:38,215	DROP	263860	지니언스	trend_gate
2026-04-30 16:03:38,575	DROP	129920	대성하이텍	trend_gate
2026-04-30 16:03:38,945	DROP	187870	디바이스	volume_drought_gate
2026-04-30 16:03:39,319	DROP	052420	오성첨단소재	trend_gate
2026-04-30 16:03:39,693	DROP	246710	티앤알바이오팹	trend_gate
2026-04-30 16:03:40,124	DROP	089600	KT나스미디어	trend_gate
2026-04-30 16:03:40,517	DROP	141000	비아트론	liquidity_gate:KOSDAQ
2026-04-30 16:03:40,913	DROP	131370	알서포트	trend_gate
2026-04-30 16:03:41,317	DROP	004140	동방	trend_gate
2026-04-30 16:03:41,692	DROP	014530	극동유화	trend_gate
2026-04-30 16:03:42,065	DROP	014710	사조씨푸드	trend_gate
2026-04-30 16:03:42,445	DROP	002220	한일철강	liquidity_gate:KOSPI
2026-04-30 16:03:42,836	DROP	228670	레이	volume_drought_gate
2026-04-30 16:03:43,243	DROP	013570	디와이	trend_gate
2026-04-30 16:03:43,628	DROP	035080	그래디언트	trend_gate
2026-04-30 16:03:44,008	DROP	016710	대성홀딩스	trend_gate
2026-04-30 16:03:44,452	DROP	089230	THE E&M	liquidity_gate:KOSDAQ
2026-04-30 16:03:44,880	DROP	047820	초록뱀미디어	trend_gate
2026-04-30 16:03:45,319	DROP	025950	동신건설	trend_gate
2026-04-30 16:03:45,739	DROP	205100	엑셈	trend_gate
2026-04-30 16:03:46,121	DROP	067900	와이엔텍	liquidity_gate:KOSDAQ
2026-04-30 16:03:46,504	DROP	226400	오스테오닉	trend_gate
2026-04-30 16:03:46,884	DROP	042510	라온시큐어	trend_gate
2026-04-30 16:03:47,276	DROP	309960	LB인베스트먼트	trend_gate
2026-04-30 16:03:47,680	DROP	004150	한솔홀딩스	trend_gate
2026-04-30 16:03:52,843	DROP	010100	한국무브넥스	trend_gate
2026-04-30 16:03:53,216	DROP	217330	싸이토젠	trend_gate
2026-04-30 16:03:53,613	DROP	019180	티에이치엔	trend_gate
2026-04-30 16:03:53,992	DROP	005800	신영와코루	trend_gate
2026-04-30 16:03:54,354	DROP	267290	경동도시가스	liquidity_gate:KOSPI
2026-04-30 16:03:59,360	DROP	381620	제닉스로보틱스	trend_gate
2026-04-30 16:03:59,813	DROP	002460	HS화성	trend_gate
2026-04-30 16:04:00,388	DROP	086710	선진뷰티사이언스	trend_gate
2026-04-30 16:04:00,801	DROP	014790	HL D&I	liquidity_gate:KOSPI
2026-04-30 16:04:01,179	DROP	052260	현대바이오랜드	trend_gate
2026-04-30 16:04:01,560	DROP	317770	엑스페릭스	52w_ceiling_gate
2026-04-30 16:04:01,943	DROP	042500	링네트	volume_drought_gate
2026-04-30 16:04:02,315	DROP	000440	중앙에너비스	trend_gate
2026-04-30 16:04:02,688	DROP	005870	휴니드	liquidity_gate:KOSPI
2026-04-30 16:04:03,061	DROP	269620	시스웍	trend_gate
2026-04-30 16:04:03,467	DROP	014580	태경비케이	trend_gate
2026-04-30 16:04:03,837	DROP	463020	뉴엔AI	trend_gate
2026-04-30 16:04:04,338	DROP	095720	웅진씽크빅	trend_gate
2026-04-30 16:04:04,746	DROP	337930	젝시믹스	trend_gate
2026-04-30 16:04:05,128	DROP	273640	와이엠텍	trend_gate
2026-04-30 16:04:05,549	DROP	014160	대영포장	trend_gate
2026-04-30 16:04:05,983	DROP	004080	신흥	trend_gate
2026-04-30 16:04:06,382	DROP	067830	세이브존I&C	liquidity_gate:KOSPI
2026-04-30 16:04:06,789	DROP	091120	이엠텍	trend_gate
2026-04-30 16:04:07,242	DROP	036220	오상헬스케어	trend_gate
2026-04-30 16:04:07,635	DROP	023800	인지컨트롤스	liquidity_gate:KOSPI
2026-04-30 16:04:08,023	DROP	950130	엑세스바이오	trend_gate
2026-04-30 16:04:08,427	DROP	054050	농우바이오	trend_gate
2026-04-30 16:04:08,824	DROP	029480	광무	trend_gate
2026-04-30 16:04:09,230	DROP	092040	아미코젠	trend_gate
2026-04-30 16:04:09,632	DROP	009780	엠에스씨	trend_gate
2026-04-30 16:04:10,056	DROP	117670	알파칩스	liquidity_gate:KOSDAQ
2026-04-30 16:04:10,469	DROP	396470	워트	trend_gate
2026-04-30 16:04:10,877	DROP	032300	한국파마	trend_gate
2026-04-30 16:04:11,282	DROP	019680	대교	trend_gate
2026-04-30 16:04:11,706	DROP	227840	현대코퍼레이션홀딩스	liquidity_gate:KOSPI
2026-04-30 16:04:12,142	DROP	120030	조선선재	trend_gate
2026-04-30 16:04:12,634	DROP	262260	에이프로	trend_gate
2026-04-30 16:04:12,990	DROP	389140	포바이포	trend_gate
2026-04-30 16:04:13,408	DROP	007110	일신석재	trend_gate
2026-04-30 16:04:13,767	DROP	088390	이녹스	liquidity_gate:KOSDAQ
2026-04-30 16:04:14,104	DROP	489460	바이오비쥬	trend_gate
2026-04-30 16:04:14,467	DROP	265740	엔에프씨	trend_gate
2026-04-30 16:04:14,951	DROP	036690	코맥스	trend_gate
2026-04-30 16:04:15,331	DROP	044990	에이치엔에스하이텍	trend_gate
2026-04-30 16:04:15,753	DROP	100700	세운메디칼	trend_gate
2026-04-30 16:04:16,088	DROP	432470	케이엔에스	trend_gate
2026-04-30 16:04:16,477	DROP	054620	APS	trend_gate
2026-04-30 16:04:16,861	DROP	036580	팜스코	trend_gate
2026-04-30 16:04:17,226	DROP	411080	샌즈랩	trend_gate
2026-04-30 16:04:17,602	DROP	331920	셀레믹스	trend_gate
2026-04-30 16:04:17,984	DROP	078890	가온그룹	liquidity_gate:KOSDAQ
2026-04-30 16:04:18,383	DROP	248170	샘표식품	trend_gate
2026-04-30 16:04:18,787	DROP	049520	유아이엘	trend_gate
2026-04-30 16:04:19,189	DROP	038540	상상인	liquidity_gate:KOSDAQ
2026-04-30 16:04:19,557	DROP	251120	바이오에프디엔씨	trend_gate
2026-04-30 16:04:19,913	DROP	290720	푸드나무	trend_gate
2026-04-30 16:04:20,270	DROP	0015N0	아로마티카	insufficient_rows:104
2026-04-30 16:04:20,654	DROP	063170	서울옥션	trend_gate
2026-04-30 16:04:21,215	DROP	073560	우리손에프앤지	trend_gate
2026-04-30 16:04:21,661	DROP	339950	아이비김영	liquidity_gate:KOSDAQ
2026-04-30 16:04:22,053	DROP	37550L	DL이앤씨2우(전환)	liquidity_gate:KOSPI
2026-04-30 16:04:22,463	DROP	003310	대주산업	trend_gate
2026-04-30 16:04:22,857	DROP	223250	드림씨아이에스	trend_gate
2026-04-30 16:04:23,253	DROP	015590	DKME	trend_gate
2026-04-30 16:04:23,669	DROP	063080	컴투스홀딩스	trend_gate
2026-04-30 16:04:24,142	DROP	074430	아미노로직스	trend_gate
2026-04-30 16:04:24,643	DROP	053260	금강철강	volume_drought_gate
2026-04-30 16:04:24,988	DROP	081180	쎄크	52w_ceiling_gate
2026-04-30 16:04:25,343	DROP	267850	아시아나IDT	trend_gate
2026-04-30 16:04:25,788	DROP	079980	휴비스	liquidity_gate:KOSPI
2026-04-30 16:04:26,268	DROP	059210	메타바이오메드	trend_gate
2026-04-30 16:04:26,669	DROP	417970	모델솔루션	trend_gate
2026-04-30 16:04:27,076	DROP	294630	서남	52w_ceiling_gate
2026-04-30 16:04:27,568	DROP	001020	페이퍼코리아	trend_gate
2026-04-30 16:04:27,968	DROP	096240	크레버스	trend_gate
2026-04-30 16:04:28,339	DROP	078140	대봉엘에스	trend_gate
2026-04-30 16:04:28,696	DROP	388870	파로스아이바이오	trend_gate
2026-04-30 16:04:29,106	DROP	370090	퓨런티어	trend_gate
2026-04-30 16:04:29,531	DROP	018120	진로발효	trend_gate
2026-04-30 16:04:29,871	DROP	088280	쏘닉스	volume_drought_gate
2026-04-30 16:04:30,270	DROP	205500	넥써쓰	trend_gate
2026-04-30 16:04:30,687	DROP	451220	아이엠티	liquidity_gate:KOSDAQ
2026-04-30 16:04:31,077	DROP	053580	웹케시	trend_gate
2026-04-30 16:04:31,460	DROP	142210	유니트론텍	trend_gate
2026-04-30 16:04:31,832	DROP	004100	태양금속	trend_gate
2026-04-30 16:04:32,231	DROP	024880	케이피에프	trend_gate
2026-04-30 16:04:32,615	DROP	034590	인천도시가스	trend_gate
2026-04-30 16:04:32,973	DROP	330350	위더스제약	trend_gate
2026-04-30 16:04:33,340	DROP	099750	이지케어텍	trend_gate
2026-04-30 16:04:33,712	DROP	026150	특수건설	liquidity_gate:KOSDAQ
2026-04-30 16:04:34,129	DROP	036420	콘텐트리중앙	trend_gate
2026-04-30 16:04:34,528	DROP	101670	하이드로리튬	trend_gate
2026-04-30 16:04:34,906	DROP	357230	에이치피오	trend_gate
2026-04-30 16:04:40,036	DROP	265560	영화테크	liquidity_gate:KOSDAQ
2026-04-30 16:04:40,462	DROP	298540	더네이쳐홀딩스	trend_gate
2026-04-30 16:04:40,862	DROP	041590	플래스크	trend_gate
2026-04-30 16:04:41,388	DROP	051160	지어소프트	trend_gate
2026-04-30 16:04:41,756	DROP	305090	마이크로디지탈	trend_gate
2026-04-30 16:04:42,099	DROP	330730	스톤브릿지벤처스	liquidity_gate:KOSDAQ
2026-04-30 16:04:42,537	DROP	000230	일동홀딩스	trend_gate
2026-04-30 16:04:47,612	DROP	008700	아남전자	trend_gate
2026-04-30 16:04:47,989	DROP	418470	KT밀리의서재	trend_gate
2026-04-30 16:04:48,348	DROP	086960	MDS테크	trend_gate
2026-04-30 16:04:48,703	DROP	261780	차백신연구소	52w_ceiling_gate
2026-04-30 16:04:49,073	DROP	229500	노브메타파마	trend_gate
2026-04-30 16:04:49,471	DROP	048530	인트론바이오	trend_gate
2026-04-30 16:04:49,859	DROP	038460	바이오스마트	trend_gate
2026-04-30 16:04:50,204	DROP	377480	마음AI	trend_gate
2026-04-30 16:04:50,567	DROP	006840	AK홀딩스	trend_gate
2026-04-30 16:04:50,936	DROP	033290	로젠	trend_gate
2026-04-30 16:04:51,355	DROP	317830	에스피시스템스	trend_gate
2026-04-30 16:04:51,780	DROP	096350	대창솔루션	liquidity_gate:KOSDAQ
2026-04-30 16:04:52,157	DROP	065440	이루온	volume_drought_gate
2026-04-30 16:04:52,504	DROP	439580	블루엠텍	trend_gate
2026-04-30 16:04:52,884	DROP	066700	테라젠이텍스	trend_gate
2026-04-30 16:04:53,241	DROP	067290	JW신약	trend_gate
2026-04-30 16:04:53,605	DROP	017370	우신시스템	trend_gate
2026-04-30 16:04:53,972	DROP	008260	NI스틸	liquidity_gate:KOSPI
2026-04-30 16:04:54,346	DROP	002450	삼익악기	trend_gate
2026-04-30 16:04:54,698	DROP	412350	레이저쎌	trend_gate
2026-04-30 16:04:55,048	DROP	424960	스마트레이더시스템	trend_gate
2026-04-30 16:04:55,438	DROP	010660	화천기계	trend_gate
2026-04-30 16:04:55,805	DROP	208370	셀바스헬스케어	trend_gate
2026-04-30 16:04:56,164	DROP	003580	HLB글로벌	trend_gate
2026-04-30 16:04:56,524	DROP	094840	슈프리마에이치큐	liquidity_gate:KOSDAQ
2026-04-30 16:04:56,907	DROP	058850	KTcs	trend_gate
2026-04-30 16:04:57,334	DROP	048550	SM C&C	trend_gate
2026-04-30 16:04:57,692	DROP	348350	위드텍	liquidity_gate:KOSDAQ
2026-04-30 16:04:58,079	DROP	066590	스모트로닉	trend_gate
2026-04-30 16:04:58,488	DROP	278650	HLB바이오스텝	trend_gate
2026-04-30 16:04:58,833	DROP	362320	청담글로벌	trend_gate
2026-04-30 16:04:59,190	DROP	460940	피앤에스로보틱스	trend_gate
2026-04-30 16:04:59,555	DROP	277880	티에스아이	trend_gate
2026-04-30 16:04:59,915	DROP	131400	이브이첨단소재	trend_gate
2026-04-30 16:05:00,295	DROP	303810	동국생명과학	trend_gate
2026-04-30 16:05:00,659	DROP	040910	아이씨디	liquidity_gate:KOSDAQ
2026-04-30 16:05:00,994	DROP	463480	모티브링크	trend_gate
2026-04-30 16:05:01,366	DROP	011370	서한	trend_gate
2026-04-30 16:05:01,842	DROP	101330	모베이스	trend_gate
2026-04-30 16:05:02,261	DROP	084670	동양고속	trend_gate
2026-04-30 16:05:02,657	DROP	011810	STX	trend_gate
2026-04-30 16:05:03,051	DROP	105740	디케이락	liquidity_gate:KOSDAQ
2026-04-30 16:05:03,439	DROP	030960	양지사	trend_gate
2026-04-30 16:05:03,871	DROP	014970	삼륭물산	trend_gate
2026-04-30 16:05:04,363	DROP	039340	한국경제TV	trend_gate
2026-04-30 16:05:04,756	DROP	032560	황금에스티	liquidity_gate:KOSPI
2026-04-30 16:05:05,160	DROP	082850	우리바이오	trend_gate
2026-04-30 16:05:05,550	DROP	382480	지아이텍	liquidity_gate:KOSDAQ
2026-04-30 16:05:05,929	DROP	149980	하이로닉	trend_gate
2026-04-30 16:05:06,280	DROP	419050	삼기에너지솔루션즈	trend_gate
2026-04-30 16:05:06,651	DROP	264900	크라운제과	trend_gate
2026-04-30 16:05:07,032	DROP	063160	종근당바이오	trend_gate
2026-04-30 16:05:07,385	DROP	413390	엠오티	liquidity_gate:KOSDAQ
2026-04-30 16:05:07,764	DROP	100590	머큐리	trend_gate
2026-04-30 16:05:08,117	DROP	475430	키스트론	trend_gate
2026-04-30 16:05:08,517	DROP	006140	피제이전자	52w_ceiling_gate
2026-04-30 16:05:08,915	DROP	002200	한국수출포장	trend_gate
2026-04-30 16:05:09,289	DROP	006660	삼성공조	trend_gate
2026-04-30 16:05:09,715	DROP	222040	코스맥스엔비티	liquidity_gate:KOSDAQ
2026-04-30 16:05:10,086	DROP	311320	지오엘리먼트	liquidity_gate:KOSDAQ
2026-04-30 16:05:10,487	DROP	005740	크라운해태홀딩스	trend_gate
2026-04-30 16:05:10,874	DROP	001540	안국약품	trend_gate
2026-04-30 16:05:15,957	DROP	023450	동남합성	trend_gate
2026-04-30 16:05:16,357	DROP	315640	딥노이드	trend_gate
2026-04-30 16:05:16,718	DROP	950190	고스트스튜디오	trend_gate
2026-04-30 16:05:17,076	DROP	059270	해성에어로보틱스	trend_gate
2026-04-30 16:05:17,443	DROP	347860	알체라	trend_gate
2026-04-30 16:05:17,833	DROP	025550	한국선재	trend_gate
2026-04-30 16:05:18,210	DROP	163560	동일고무벨트	liquidity_gate:KOSPI
2026-04-30 16:05:18,633	DROP	007820	엠엑스로보틱스	trend_gate
2026-04-30 16:05:19,005	DROP	009300	삼아제약	trend_gate
2026-04-30 16:05:19,336	DROP	382150	온코크로스	trend_gate
2026-04-30 16:05:19,724	DROP	234300	에스트래픽	trend_gate
2026-04-30 16:05:20,071	DROP	347890	엠엑스온	trend_gate
2026-04-30 16:05:20,453	DROP	006890	태경케미컬	trend_gate
2026-04-30 16:05:20,833	DROP	348150	고바이오랩	trend_gate
2026-04-30 16:05:21,209	DROP	201490	미투온	trend_gate
2026-04-30 16:05:21,584	DROP	041930	SY동아	liquidity_gate:KOSDAQ
2026-04-30 16:05:21,978	DROP	035610	솔본	trend_gate
2026-04-30 16:05:22,410	DROP	004840	DRB동일	trend_gate
2026-04-30 16:05:22,803	DROP	043610	KT지니뮤직	trend_gate
2026-04-30 16:05:23,182	DROP	352090	스톰테크	trend_gate
2026-04-30 16:05:23,572	DROP	058630	엠게임	trend_gate
2026-04-30 16:05:24,014	DROP	205470	휴마시스	trend_gate
2026-04-30 16:05:24,409	DROP	217190	제너셈	liquidity_gate:KOSDAQ
2026-04-30 16:05:24,839	DROP	019550	SBI인베스트먼트	trend_gate
2026-04-30 16:05:25,208	DROP	046940	우원개발	liquidity_gate:KOSDAQ
2026-04-30 16:05:25,589	DROP	052860	아이앤씨	liquidity_gate:KOSDAQ
2026-04-30 16:05:25,958	DROP	002700	신일전자	liquidity_gate:KOSPI
2026-04-30 16:05:26,318	DROP	291650	압타머사이언스	trend_gate
2026-04-30 16:05:26,692	DROP	049480	오픈베이스	volume_drought_gate
2026-04-30 16:05:27,080	DROP	228850	레이언스	liquidity_gate:KOSDAQ
2026-04-30 16:05:27,462	DROP	007980	TP	liquidity_gate:KOSPI
2026-04-30 16:05:27,824	DROP	064800	포니링크	trend_gate
2026-04-30 16:05:28,197	DROP	054670	대한뉴팜	trend_gate
2026-04-30 16:05:28,576	DROP	263600	덕우전자	liquidity_gate:KOSDAQ
2026-04-30 16:05:28,954	DROP	013360	일성건설	trend_gate
2026-04-30 16:05:29,339	DROP	091440	한울소재과학	liquidity_gate:KOSDAQ
2026-04-30 16:05:29,725	DROP	033130	디지틀조선	trend_gate
2026-04-30 16:05:30,102	DROP	124560	태웅로직스	trend_gate
2026-04-30 16:05:30,527	DROP	041910	폴라리스AI파마	trend_gate
2026-04-30 16:05:30,955	DROP	095910	에스에너지	volume_drought_gate
2026-04-30 16:05:31,370	DROP	004440	삼일씨엔에스	liquidity_gate:KOSPI
2026-04-30 16:05:31,742	DROP	299170	더블유에스아이	trend_gate
2026-04-30 16:05:32,188	DROP	039610	화성밸브	trend_gate
2026-04-30 16:05:32,633	DROP	311690	CJ 바이오사이언스	trend_gate
2026-04-30 16:05:33,079	DROP	191420	테고사이언스	trend_gate
2026-04-30 16:05:33,519	DROP	105550	엣지파운드리	trend_gate
2026-04-30 16:05:33,958	DROP	000180	성창기업지주	trend_gate
2026-04-30 16:05:34,328	DROP	119650	KC코트렐	trend_gate
2026-04-30 16:05:34,702	DROP	019990	에너토크	liquidity_gate:KOSDAQ
2026-04-30 16:05:35,086	DROP	067370	선바이오	trend_gate
2026-04-30 16:05:35,482	DROP	058860	KTis	trend_gate
2026-04-30 16:05:35,857	DROP	173130	오파스넷	trend_gate
2026-04-30 16:05:36,240	DROP	461030	아이엠비디엑스	trend_gate
2026-04-30 16:05:36,649	DROP	036630	세종텔레콤	trend_gate
2026-04-30 16:05:37,054	DROP	002720	국제약품	trend_gate
2026-04-30 16:05:37,496	DROP	120240	대정화금	trend_gate
2026-04-30 16:05:37,861	DROP	246720	아스타	trend_gate
2026-04-30 16:05:38,325	DROP	012700	리드코프	trend_gate
2026-04-30 16:05:38,737	DROP	251630	브이원텍	trend_gate
2026-04-30 16:05:39,152	DROP	076610	해성옵틱스	volume_drought_gate
2026-04-30 16:05:39,571	DROP	065530	와이어블	trend_gate
2026-04-30 16:05:40,025	DROP	004060	SG세계물산	trend_gate
2026-04-30 16:05:40,481	DROP	084650	랩지노믹스	trend_gate
2026-04-30 16:05:40,964	DROP	238090	앤디포스	trend_gate
2026-04-30 16:05:41,352	DROP	453860	에이에스텍	trend_gate
2026-04-30 16:05:41,841	DROP	212560	네오오토	trend_gate
2026-04-30 16:05:42,522	DROP	033230	인성정보	trend_gate
2026-04-30 16:05:43,098	DROP	175140	휴먼테크놀로지	trend_gate
2026-04-30 16:05:43,649	DROP	072950	빛샘전자	trend_gate
2026-04-30 16:05:44,177	DROP	020710	시공테크	52w_ceiling_gate
2026-04-30 16:05:44,597	DROP	290670	대보마그네틱	trend_gate
2026-04-30 16:05:45,034	DROP	001260	남광토건	liquidity_gate:KOSPI
2026-04-30 16:05:45,506	DROP	019540	일지테크	liquidity_gate:KOSDAQ
2026-04-30 16:05:46,003	DROP	004650	창해에탄올	trend_gate
2026-04-30 16:05:46,442	DROP	066790	씨씨에스	trend_gate
2026-04-30 16:05:46,908	DROP	046210	HLB파나진	trend_gate
2026-04-30 16:05:47,354	DROP	048430	유라테크	trend_gate
2026-04-30 16:05:47,823	DROP	023000	삼원강재	trend_gate
2026-04-30 16:05:48,205	DROP	014950	삼익제약	insufficient_rows:127
2026-04-30 16:05:48,666	DROP	011150	CJ씨푸드	trend_gate
2026-04-30 16:05:49,152	DROP	140070	서플러스글로벌	trend_gate
2026-04-30 16:05:49,656	DROP	048910	대원미디어	trend_gate
2026-04-30 16:05:50,220	DROP	093920	서원인텍	trend_gate
2026-04-30 16:05:50,692	DROP	068240	다원시스	trend_gate
2026-04-30 16:05:51,264	DROP	044340	위닉스	trend_gate
2026-04-30 16:05:51,738	DROP	007460	에이프로젠	trend_gate
2026-04-30 16:05:52,142	DROP	010960	삼호개발	trend_gate
2026-04-30 16:05:52,545	DROP	290660	다이나믹솔루션	52w_ceiling_gate
2026-04-30 16:05:52,928	DROP	323350	다원넥스뷰	trend_gate
2026-04-30 16:05:53,434	DROP	004890	동일산업	trend_gate
2026-04-30 16:05:53,866	DROP	033320	제이씨현시스템	liquidity_gate:KOSDAQ
2026-04-30 16:05:54,325	DROP	055490	테이팩스	liquidity_gate:KOSPI
2026-04-30 16:05:54,752	DROP	084730	팅크웨어	trend_gate
2026-04-30 16:05:55,144	DROP	060560	HC홈센타	trend_gate
2026-04-30 16:05:55,539	DROP	056360	코위버	trend_gate
2026-04-30 16:05:55,934	DROP	083790	CG인바이츠	trend_gate
2026-04-30 16:05:56,324	DROP	348080	큐라티스	trend_gate
2026-04-30 16:05:56,716	DROP	241690	유니테크노	liquidity_gate:KOSDAQ
2026-04-30 16:05:57,124	DROP	014440	영보화학	trend_gate
2026-04-30 16:05:57,534	DROP	302550	리메드	trend_gate
2026-04-30 16:05:57,974	DROP	072020	중앙백신	trend_gate
2026-04-30 16:05:58,342	DROP	299660	셀리드	trend_gate
2026-04-30 16:05:58,751	DROP	040420	정상제이엘에스	trend_gate
2026-04-30 16:05:59,129	DROP	134580	탑코미디어	trend_gate
2026-04-30 16:05:59,527	DROP	058400	KNN	trend_gate
2026-04-30 16:05:59,917	DROP	099220	SDN	liquidity_gate:KOSDAQ
2026-04-30 16:06:00,305	DROP	060590	씨티씨바이오	trend_gate
2026-04-30 16:06:00,688	DROP	024830	세원물산	trend_gate
2026-04-30 16:06:01,086	DROP	005750	대림바스	trend_gate
2026-04-30 16:06:01,530	DROP	071090	하이스틸	trend_gate
2026-04-30 16:06:02,023	DROP	002210	동성제약	trend_gate
2026-04-30 16:06:02,462	DROP	013870	지엠비코리아	trend_gate
2026-04-30 16:06:02,875	DROP	478560	블랙야크아이앤씨	trend_gate
2026-04-30 16:06:03,278	DROP	253840	수젠텍	trend_gate
2026-04-30 16:06:03,744	DROP	110790	크리스에프앤씨	trend_gate
2026-04-30 16:06:04,127	DROP	171120	라이온켐텍	volume_drought_gate
2026-04-30 16:06:04,505	DROP	007280	한국특강	trend_gate
2026-04-30 16:06:04,892	DROP	004720	팜젠사이언스	trend_gate
2026-04-30 16:06:05,270	DROP	126880	제이엔케이글로벌	trend_gate
2026-04-30 16:06:05,656	DROP	011320	유니크	trend_gate
2026-04-30 16:06:06,022	DROP	443250	레뷰코퍼레이션	trend_gate
2026-04-30 16:06:06,410	DROP	085310	엔케이	trend_gate
2026-04-30 16:06:06,799	DROP	067570	엔브이에이치코리아	trend_gate
2026-04-30 16:06:07,257	DROP	068290	삼성출판사	trend_gate
2026-04-30 16:06:07,662	DROP	000590	CS홀딩스	trend_gate
2026-04-30 16:06:08,069	DROP	001560	제일연마	liquidity_gate:KOSPI
2026-04-30 16:06:08,446	DROP	100220	비상교육	liquidity_gate:KOSPI
2026-04-30 16:06:08,842	DROP	054040	한국컴퓨터	liquidity_gate:KOSDAQ
2026-04-30 16:06:13,955	DROP	060570	드림어스컴퍼니	trend_gate
2026-04-30 16:06:14,319	DROP	032850	비트컴퓨터	trend_gate
2026-04-30 16:06:14,687	DROP	023810	인팩	52w_ceiling_gate
2026-04-30 16:06:15,054	DROP	214270	FSN	trend_gate
2026-04-30 16:06:15,422	DROP	039010	현대에이치티	liquidity_gate:KOSDAQ
2026-04-30 16:06:15,809	DROP	192250	케이사인	trend_gate
2026-04-30 16:06:16,461	DROP	031820	아이티센씨티에스	trend_gate
2026-04-30 16:06:16,879	DROP	451250	삐아	trend_gate
2026-04-30 16:06:17,395	DROP	104040	디에스엠	trend_gate
2026-04-30 16:06:17,768	DROP	347000	센코	trend_gate
2026-04-30 16:06:18,114	DROP	408900	스튜디오미르	trend_gate
2026-04-30 16:06:18,503	DROP	038680	에스넷	trend_gate
2026-04-30 16:06:18,904	DROP	065510	휴비츠	trend_gate
2026-04-30 16:06:19,279	DROP	391710	코닉오토메이션	trend_gate
2026-04-30 16:06:19,784	DROP	128660	피제이메탈	liquidity_gate:KOSDAQ
2026-04-30 16:06:20,201	DROP	109070	주성코퍼레이션	52w_ceiling_gate
2026-04-30 16:06:20,618	DROP	217500	러셀	trend_gate
2026-04-30 16:06:21,041	DROP	009180	한솔로지스틱스	liquidity_gate:KOSPI
2026-04-30 16:06:21,449	DROP	016250	SGC E&C	trend_gate
2026-04-30 16:06:21,874	DROP	203690	아크솔루션스	trend_gate
2026-04-30 16:06:22,349	DROP	081150	티플랙스	liquidity_gate:KOSDAQ
2026-04-30 16:06:22,714	DROP	002800	신신제약	52w_ceiling_gate
2026-04-30 16:06:23,059	DROP	212710	아이에스티이	trend_gate
2026-04-30 16:06:23,520	DROP	071670	에이테크솔루션	trend_gate
2026-04-30 16:06:23,901	DROP	187420	HLB제넥스	trend_gate
2026-04-30 16:06:24,306	DROP	111380	동인기연	trend_gate
2026-04-30 16:06:24,698	DROP	002600	조흥	trend_gate
2026-04-30 16:06:25,060	DROP	435570	에르코스	trend_gate
2026-04-30 16:06:25,416	DROP	263800	데이타솔루션	trend_gate
2026-04-30 16:06:25,800	DROP	170030	현대공업	trend_gate
2026-04-30 16:06:26,160	DROP	061040	알에프텍	trend_gate
2026-04-30 16:06:26,537	DROP	216050	인크로스	trend_gate
2026-04-30 16:06:26,935	DROP	101140	인바이오젠	trend_gate
2026-04-30 16:06:27,330	DROP	036640	HRS	trend_gate
2026-04-30 16:06:27,720	DROP	094940	푸른기술	52w_ceiling_gate
2026-04-30 16:06:28,101	DROP	053280	예스24	trend_gate
2026-04-30 16:06:28,445	DROP	378800	샤페론	trend_gate
2026-04-30 16:06:28,806	DROP	227950	엔투텍	52w_ceiling_gate
2026-04-30 16:06:29,178	DROP	066430	아이로보틱스	trend_gate
2026-04-30 16:06:29,554	DROP	014470	부방	trend_gate
2026-04-30 16:06:29,966	DROP	214330	금호에이치티	trend_gate
2026-04-30 16:06:30,317	DROP	102370	케이옥션	trend_gate
2026-04-30 16:06:30,721	DROP	130580	나이스디앤비	trend_gate
2026-04-30 16:06:31,093	DROP	012690	모나리자	trend_gate
2026-04-30 16:06:31,474	DROP	127980	화인써키트	trend_gate
2026-04-30 16:06:31,839	DROP	162300	신스틸	trend_gate
2026-04-30 16:06:32,240	DROP	006880	신송홀딩스	trend_gate
2026-04-30 16:06:32,661	DROP	307870	비투엔	trend_gate
2026-04-30 16:06:33,023	DROP	360350	코셈	trend_gate
2026-04-30 16:06:33,420	DROP	900250	크리스탈신소재	trend_gate
2026-04-30 16:06:33,805	DROP	009200	무림페이퍼	trend_gate
2026-04-30 16:06:34,311	DROP	018500	동원금속	liquidity_gate:KOSPI
2026-04-30 16:06:34,775	DROP	459100	위츠	trend_gate
2026-04-30 16:06:35,172	DROP	207760	미스터블루	trend_gate
2026-04-30 16:06:35,601	DROP	109080	옵티시스	trend_gate
2026-04-30 16:06:36,007	DROP	215360	우리산업	liquidity_gate:KOSDAQ
2026-04-30 16:06:36,443	DROP	000850	화천기공	trend_gate
2026-04-30 16:06:36,834	DROP	027830	대성창투	trend_gate
2026-04-30 16:06:37,257	DROP	111710	남화산업	trend_gate
2026-04-30 16:06:37,724	DROP	004590	한국가구	trend_gate
2026-04-30 16:06:38,112	DROP	142280	녹십자엠에스	trend_gate
2026-04-30 16:06:38,440	DROP	452400	이닉스	trend_gate
2026-04-30 16:06:38,806	DROP	246690	TS인베스트먼트	trend_gate
2026-04-30 16:06:39,195	DROP	036090	위지트	trend_gate
2026-04-30 16:06:39,587	DROP	123420	위메이드플레이	trend_gate
2026-04-30 16:06:39,963	DROP	214260	라파스	trend_gate
2026-04-30 16:06:40,329	DROP	049180	셀루메드	trend_gate
2026-04-30 16:06:40,705	DROP	052900	KX하이텍	trend_gate
2026-04-30 16:06:41,072	DROP	183490	엔지켐생명과학	trend_gate
2026-04-30 16:06:41,423	DROP	163280	에어레인	trend_gate
2026-04-30 16:06:41,812	DROP	017650	대림제지	trend_gate
2026-04-30 16:06:42,183	DROP	053450	세코닉스	trend_gate
2026-04-30 16:06:42,556	DROP	241790	티이엠씨씨엔에스	liquidity_gate:KOSDAQ
2026-04-30 16:06:42,923	DROP	104620	노랑풍선	trend_gate
2026-04-30 16:06:48,023	DROP	417790	트루엔	trend_gate
2026-04-30 16:06:48,411	DROP	208140	정다운	trend_gate
2026-04-30 16:06:48,779	DROP	013700	까뮤이앤씨	liquidity_gate:KOSPI
2026-04-30 16:06:49,167	DROP	302430	이노메트리	trend_gate
2026-04-30 16:06:49,536	DROP	007590	동방아그로	trend_gate
2026-04-30 16:06:49,903	DROP	010040	한국내화	trend_gate
2026-04-30 16:06:50,274	DROP	045660	에이텍	trend_gate
2026-04-30 16:06:50,618	DROP	136410	아셈스	trend_gate
2026-04-30 16:06:50,990	DROP	069730	DSR제강	liquidity_gate:KOSPI
2026-04-30 16:06:51,327	DROP	261520	이지스	insufficient_rows:94
2026-04-30 16:06:51,669	DROP	479960	위너스일렉	trend_gate
2026-04-30 16:06:52,036	DROP	204840	지엘팜텍	trend_gate
2026-04-30 16:06:52,383	DROP	340360	다보링크	trend_gate
2026-04-30 16:06:52,715	DROP	480370	씨케이솔루션	trend_gate
2026-04-30 16:06:53,082	DROP	175250	아이큐어	trend_gate
2026-04-30 16:06:53,465	DROP	001550	조비	liquidity_gate:KOSPI
2026-04-30 16:06:53,845	DROP	089850	유비벨록스	trend_gate
2026-04-30 16:06:54,210	DROP	424980	마이크로투나노	liquidity_gate:KOSDAQ
2026-04-30 16:06:54,600	DROP	168330	내츄럴엔도텍	trend_gate
2026-04-30 16:06:54,939	DROP	412540	제일엠앤에스	trend_gate
2026-04-30 16:06:55,328	DROP	180060	탑선	trend_gate
2026-04-30 16:06:55,683	DROP	222110	팬젠	trend_gate
2026-04-30 16:06:56,043	DROP	027050	코리아나	trend_gate
2026-04-30 16:06:56,422	DROP	066980	한성크린텍	liquidity_gate:KOSDAQ
2026-04-30 16:06:56,789	DROP	039240	경남스틸	trend_gate
2026-04-30 16:06:57,152	DROP	037760	쎄니트	liquidity_gate:KOSDAQ
2026-04-30 16:06:57,485	DROP	376930	노을	trend_gate
2026-04-30 16:06:57,840	DROP	458350	에스팀	insufficient_rows:40
2026-04-30 16:06:58,226	DROP	159580	제로투세븐	trend_gate
2026-04-30 16:06:58,586	DROP	001470	삼부토건	trend_gate
2026-04-30 16:06:58,961	DROP	006090	사조오양	trend_gate
2026-04-30 16:06:59,328	DROP	222160	NPX	trend_gate
2026-04-30 16:06:59,714	DROP	041460	한국전자인증	trend_gate
2026-04-30 16:07:00,106	DROP	011000	진원생명과학	trend_gate
2026-04-30 16:07:00,485	DROP	061250	화일약품	trend_gate
2026-04-30 16:07:00,882	DROP	025560	미래산업	liquidity_gate:KOSPI
2026-04-30 16:07:01,252	DROP	049470	비트플래닛	trend_gate
2026-04-30 16:07:01,654	DROP	039020	이건홀딩스	trend_gate
2026-04-30 16:07:02,031	DROP	145170	노브랜드	trend_gate
2026-04-30 16:07:02,408	DROP	099410	동방선기	trend_gate
2026-04-30 16:07:02,775	DROP	094850	참좋은여행	trend_gate
2026-04-30 16:07:03,137	DROP	950220	네오이뮨텍	trend_gate
2026-04-30 16:07:03,502	DROP	032540	TJ미디어	trend_gate
2026-04-30 16:07:03,899	DROP	011390	부산산업	trend_gate
2026-04-30 16:07:04,266	DROP	317690	퀀타매트릭스	trend_gate
2026-04-30 16:07:04,654	DROP	017480	삼현철강	liquidity_gate:KOSDAQ
2026-04-30 16:07:05,022	DROP	016090	대현	trend_gate
2026-04-30 16:07:05,403	DROP	067920	이글루	liquidity_gate:KOSDAQ
2026-04-30 16:07:05,782	DROP	043710	서울리거	trend_gate
2026-04-30 16:07:06,146	DROP	446840	지슨	trend_gate
2026-04-30 16:07:06,559	DROP	053050	지에스이	trend_gate
2026-04-30 16:07:07,021	DROP	009770	삼정펄프	trend_gate
2026-04-30 16:07:07,416	DROP	155650	와이엠씨	liquidity_gate:KOSDAQ
2026-04-30 16:07:07,804	DROP	004830	덕성	trend_gate
2026-04-30 16:07:08,292	DROP	024900	디와이덕양	trend_gate
2026-04-30 16:07:08,676	DROP	042110	에스씨디	liquidity_gate:KOSDAQ
2026-04-30 16:07:09,048	DROP	054930	유신	trend_gate
2026-04-30 16:07:09,414	DROP	226330	신테카바이오	trend_gate
2026-04-30 16:07:09,805	DROP	058730	다스코	liquidity_gate:KOSPI
2026-04-30 16:07:10,213	DROP	260930	씨티케이	trend_gate
2026-04-30 16:07:10,698	DROP	060310	3S	trend_gate
2026-04-30 16:07:11,145	DROP	294140	레몬	trend_gate
2026-04-30 16:07:11,554	DROP	010280	아이티센엔텍	liquidity_gate:KOSDAQ
2026-04-30 16:07:11,931	DROP	033170	시그네틱스	liquidity_gate:KOSDAQ
2026-04-30 16:07:12,313	DROP	153710	옵티팜	trend_gate
2026-04-30 16:07:12,715	DROP	900260	로스웰	trend_gate
2026-04-30 16:07:13,119	DROP	333620	엔시스	trend_gate
2026-04-30 16:07:13,514	DROP	331380	포커스에이아이	trend_gate
2026-04-30 16:07:13,942	DROP	043650	국순당	trend_gate
2026-04-30 16:07:14,314	DROP	457370	한켐	trend_gate
2026-04-30 16:07:14,725	DROP	222420	쎄노텍	liquidity_gate:KOSDAQ
2026-04-30 16:07:15,127	DROP	064240	홈캐스트	trend_gate
2026-04-30 16:07:15,537	DROP	003780	진양산업	trend_gate
2026-04-30 16:07:15,978	DROP	317870	엔바이오니아	trend_gate
2026-04-30 16:07:16,356	DROP	129260	인터지스	trend_gate
2026-04-30 16:07:16,721	DROP	288620	에스프리즘	trend_gate
2026-04-30 16:07:17,109	DROP	012790	신일제약	trend_gate
2026-04-30 16:07:17,479	DROP	317850	대모	trend_gate
2026-04-30 16:07:17,838	DROP	047400	유니온머티리얼	52w_ceiling_gate
2026-04-30 16:07:18,260	DROP	347740	피엔케이피부임상연구센타	trend_gate
2026-04-30 16:07:18,640	DROP	004540	깨끗한나라	trend_gate
2026-04-30 16:07:19,029	DROP	147760	피엠티	liquidity_gate:KOSDAQ
2026-04-30 16:07:19,400	DROP	111110	호전실업	trend_gate
2026-04-30 16:07:19,756	DROP	234100	폴라리스세원	trend_gate
2026-04-30 16:07:20,112	DROP	321820	아티스트컴퍼니	trend_gate
2026-04-30 16:07:20,487	DROP	456570	아이엠지티	trend_gate
2026-04-30 16:07:20,883	DROP	036000	예림당	trend_gate
2026-04-30 16:07:21,397	DROP	104540	코렌텍	trend_gate
2026-04-30 16:07:21,811	DROP	040610	SG&G	liquidity_gate:KOSDAQ
2026-04-30 16:07:22,261	DROP	072470	우리산업홀딩스	trend_gate
2026-04-30 16:07:22,658	DROP	021050	서원	liquidity_gate:KOSPI
2026-04-30 16:07:23,027	DROP	459550	알트	insufficient_rows:112
2026-04-30 16:07:23,544	DROP	087260	모바일어플라이언스	liquidity_gate:KOSDAQ
2026-04-30 16:07:23,901	DROP	0013V0	삼진식품	insufficient_rows:87
2026-04-30 16:07:24,400	DROP	006980	우성	liquidity_gate:KOSPI
2026-04-30 16:07:24,818	DROP	024910	경창산업	trend_gate
2026-04-30 16:07:25,225	DROP	080010	이상네트웍스	trend_gate
2026-04-30 16:07:25,571	DROP	460870	에스엠씨지	trend_gate
2026-04-30 16:07:25,989	DROP	000220	유유제약	trend_gate
2026-04-30 16:07:26,402	DROP	052220	iMBC	trend_gate
2026-04-30 16:07:26,787	DROP	010470	오리콤	trend_gate
2026-04-30 16:07:27,196	DROP	155660	DSR	liquidity_gate:KOSPI
2026-04-30 16:07:27,598	DROP	219550	디와이디	52w_ceiling_gate
2026-04-30 16:07:27,971	DROP	373200	엑스플러스	trend_gate
2026-04-30 16:07:28,328	DROP	296160	프로젠	trend_gate
2026-04-30 16:07:28,748	DROP	049550	잉크테크	liquidity_gate:KOSDAQ
2026-04-30 16:07:29,141	DROP	170790	파이오링크	liquidity_gate:KOSDAQ
2026-04-30 16:07:29,523	DROP	033310	엠투엔	trend_gate
2026-04-30 16:07:29,891	DROP	234920	자이글	trend_gate
2026-04-30 16:07:30,253	DROP	177900	쓰리에이로직스	trend_gate
2026-04-30 16:07:30,624	DROP	372910	한컴라이프케어	trend_gate
2026-04-30 16:07:31,000	DROP	340440	세림B&G	volume_drought_gate
2026-04-30 16:07:31,426	DROP	198440	강동씨앤엘	trend_gate
2026-04-30 16:07:31,880	DROP	042940	상지건설	trend_gate
2026-04-30 16:07:32,252	DROP	001620	케이비아이동국실업	trend_gate
2026-04-30 16:07:32,641	DROP	040350	크레오에스지	trend_gate
2026-04-30 16:07:33,032	DROP	092300	현우산업	liquidity_gate:KOSDAQ
2026-04-30 16:07:33,471	DROP	037230	한국팩키지	trend_gate
2026-04-30 16:07:33,864	DROP	039420	케이엘넷	trend_gate
2026-04-30 16:07:34,260	DROP	000910	유니온	trend_gate
2026-04-30 16:07:34,642	DROP	306040	에스제이그룹	trend_gate
2026-04-30 16:07:35,030	DROP	318160	셀바이오휴먼텍	trend_gate
2026-04-30 16:07:35,416	DROP	299900	위지윅스튜디오	trend_gate
2026-04-30 16:07:35,907	DROP	065500	오리엔트정공	trend_gate
2026-04-30 16:07:36,319	DROP	393210	토마토시스템	trend_gate
2026-04-30 16:07:36,757	DROP	015710	코콤	liquidity_gate:KOSDAQ
2026-04-30 16:07:37,418	DROP	036670	삼양케이씨아이	trend_gate
2026-04-30 16:07:38,223	DROP	002140	고려산업	liquidity_gate:KOSPI
2026-04-30 16:07:38,854	DROP	215090	솔디펜스	trend_gate
2026-04-30 16:07:39,656	DROP	007370	진양제약	trend_gate
2026-04-30 16:07:40,080	DROP	352910	오비고	liquidity_gate:KOSDAQ
2026-04-30 16:07:40,672	DROP	373160	데이원컴퍼니	trend_gate
2026-04-30 16:07:41,309	DROP	317530	에피소드컴퍼니	trend_gate
2026-04-30 16:07:41,896	DROP	950200	소마젠	trend_gate
2026-04-30 16:07:42,444	DROP	073640	테라사이언스	trend_gate
2026-04-30 16:07:43,136	DROP	184230	SGA솔루션즈	trend_gate
2026-04-30 16:07:43,517	DROP	321260	프로이천	trend_gate
2026-04-30 16:07:43,919	DROP	332370	아이디피	liquidity_gate:KOSDAQ
2026-04-30 16:07:44,764	DROP	036120	서울평가정보	trend_gate
2026-04-30 16:07:45,379	DROP	092440	기신정기	trend_gate
2026-04-30 16:07:46,042	DROP	002760	보락	trend_gate
2026-04-30 16:07:46,605	DROP	010240	흥국	liquidity_gate:KOSDAQ
2026-04-30 16:07:47,110	DROP	289220	자이언트스텝	trend_gate
2026-04-30 16:07:47,571	DROP	006490	인스코비	trend_gate
2026-04-30 16:07:48,001	DROP	206560	덱스터	trend_gate
2026-04-30 16:07:48,429	DROP	068330	일신바이오	trend_gate
2026-04-30 16:07:48,831	DROP	246960	SCL사이언스	trend_gate
2026-04-30 16:07:49,286	DROP	109860	동일금속	trend_gate
2026-04-30 16:07:49,740	DROP	250030	진코스텍	liquidity_gate:KOSDAQ
2026-04-30 16:07:50,275	DROP	072990	에이치시티	trend_gate
2026-04-30 16:07:50,710	DROP	256630	포인트엔지니어링	trend_gate
2026-04-30 16:07:51,170	DROP	122310	제노레이	trend_gate
2026-04-30 16:07:51,609	DROP	024950	삼천리자전거	trend_gate
2026-04-30 16:07:52,077	DROP	196300	HLB펩	trend_gate
2026-04-30 16:07:52,480	DROP	384470	코어라인소프트	trend_gate
2026-04-30 16:07:52,868	DROP	0010F0	보원케미칼	insufficient_rows:20
2026-04-30 16:07:53,276	DROP	407400	꿈비	trend_gate
2026-04-30 16:07:53,690	DROP	199550	레이저옵텍	trend_gate
2026-04-30 16:07:54,159	DROP	037330	인지디스플레	liquidity_gate:KOSDAQ
2026-04-30 16:07:54,559	DROP	092780	DYP	52w_ceiling_gate
2026-04-30 16:07:54,980	DROP	218150	미래생명자원	trend_gate
2026-04-30 16:07:55,425	DROP	189860	서전기전	liquidity_gate:KOSDAQ
2026-04-30 16:07:55,834	DROP	053350	이니텍	trend_gate
2026-04-30 16:07:56,204	DROP	137080	나래나노텍	liquidity_gate:KOSDAQ
2026-04-30 16:07:56,570	DROP	452200	민테크	trend_gate
2026-04-30 16:07:56,980	DROP	072130	유엔젤	trend_gate
2026-04-30 16:07:57,413	DROP	232830	아이티센피엔에스	liquidity_gate:KOSDAQ
2026-04-30 16:07:57,827	DROP	063440	SM Life Design	trend_gate
2026-04-30 16:07:58,217	DROP	378850	화승알앤에이	trend_gate
2026-04-30 16:07:58,604	DROP	065170	비엘팜텍	trend_gate
2026-04-30 16:07:58,984	DROP	009190	대양금속	trend_gate
2026-04-30 16:07:59,358	DROP	198080	캐프	liquidity_gate:KOSDAQ
2026-04-30 16:07:59,723	DROP	150900	파수에이아이	trend_gate
2026-04-30 16:08:00,072	DROP	351330	이삭엔지니어링	trend_gate
2026-04-30 16:08:00,427	DROP	444530	심플랫폼	trend_gate
2026-04-30 16:08:00,818	DROP	088910	동우팜투테이블	liquidity_gate:KOSDAQ
2026-04-30 16:08:01,232	DROP	004770	써니전자	liquidity_gate:KOSPI
2026-04-30 16:08:01,638	DROP	104200	NHN벅스	trend_gate
2026-04-30 16:08:02,032	DROP	005670	푸드웰	trend_gate
2026-04-30 16:08:02,445	DROP	189980	흥국에프엔비	trend_gate
2026-04-30 16:08:02,842	DROP	082210	옵트론텍	trend_gate
2026-04-30 16:08:03,235	DROP	097800	윈팩	trend_gate
2026-04-30 16:08:03,649	DROP	050960	수산아이앤티	trend_gate
2026-04-30 16:08:04,035	DROP	263690	디알젬	trend_gate
2026-04-30 16:08:04,444	DROP	053270	구영테크	liquidity_gate:KOSDAQ
2026-04-30 16:08:04,864	DROP	096630	에스코넥	trend_gate
2026-04-30 16:08:05,284	DROP	054300	팬스타엔터프라이즈	trend_gate
2026-04-30 16:08:05,701	DROP	004780	대륙제관	liquidity_gate:KOSDAQ
2026-04-30 16:08:06,087	DROP	008370	원풍	liquidity_gate:KOSDAQ
2026-04-30 16:08:06,518	DROP	133820	화인베스틸	trend_gate
2026-04-30 16:08:06,956	DROP	067170	오텍	liquidity_gate:KOSDAQ
2026-04-30 16:08:07,344	DROP	215790	이노인스트루먼트	trend_gate
2026-04-30 16:08:07,715	DROP	004920	씨아이테크	trend_gate
2026-04-30 16:08:08,081	DROP	303360	프로티아	trend_gate
2026-04-30 16:08:08,464	DROP	002630	오리엔트바이오	trend_gate
2026-04-30 16:08:08,841	DROP	089790	제이티	trend_gate
2026-04-30 16:08:09,249	DROP	014190	원익큐브	trend_gate
2026-04-30 16:08:09,648	DROP	196450	코아시아씨엠	trend_gate
2026-04-30 16:08:10,067	DROP	261200	덴티스	trend_gate
2026-04-30 16:08:10,470	DROP	452300	캡스톤파트너스	trend_gate
2026-04-30 16:08:10,984	DROP	153460	네이블	trend_gate
2026-04-30 16:08:11,437	DROP	004910	조광페인트	trend_gate
2026-04-30 16:08:11,901	DROP	001840	이화공영	trend_gate
2026-04-30 16:08:12,288	DROP	004450	삼화왕관	trend_gate
2026-04-30 16:08:12,707	DROP	189330	씨이랩	trend_gate
2026-04-30 16:08:13,103	DROP	048770	TPC로보틱스	liquidity_gate:KOSDAQ
2026-04-30 16:08:13,513	DROP	239890	피엔에이치테크	trend_gate
2026-04-30 16:08:13,890	DROP	413640	비아이매트릭스	trend_gate
2026-04-30 16:08:14,286	DROP	004410	서울식품	trend_gate
2026-04-30 16:08:14,700	DROP	238120	얼라인드	trend_gate
2026-04-30 16:08:15,083	DROP	365590	하이딥	trend_gate
2026-04-30 16:08:15,497	DROP	053620	태양	liquidity_gate:KOSDAQ
2026-04-30 16:08:15,879	DROP	127710	아시아경제	trend_gate
2026-04-30 16:08:16,267	DROP	052790	액토즈소프트	trend_gate
2026-04-30 16:08:16,707	DROP	006370	대구백화점	trend_gate
2026-04-30 16:08:17,084	DROP	053980	오상자이엘	trend_gate
2026-04-30 16:08:17,474	DROP	038010	제일테크노스	trend_gate
2026-04-30 16:08:17,865	DROP	0010V0	제이피아이헬스케어	insufficient_rows:169
2026-04-30 16:08:18,257	DROP	185490	아이진	trend_gate
2026-04-30 16:08:18,641	DROP	100030	인지소프트	trend_gate
2026-04-30 16:08:19,033	DROP	173940	에프엔씨엔터	trend_gate
2026-04-30 16:08:19,413	DROP	045340	토탈소프트	trend_gate
2026-04-30 16:08:19,850	DROP	066360	체리부로	liquidity_gate:KOSDAQ
2026-04-30 16:08:20,234	DROP	070300	엑스큐어	52w_ceiling_gate
2026-04-30 16:08:20,615	DROP	297570	알로이스	liquidity_gate:KOSDAQ
2026-04-30 16:08:20,979	DROP	452160	제이엔비	trend_gate
2026-04-30 16:08:21,350	DROP	237820	플레이디	trend_gate
2026-04-30 16:08:21,729	DROP	094970	제이엠티	liquidity_gate:KOSDAQ
2026-04-30 16:08:22,089	DROP	440290	HB인베스트먼트	trend_gate
2026-04-30 16:08:22,490	DROP	143540	영우디에스피	trend_gate
2026-04-30 16:08:22,899	DROP	010770	평화홀딩스	trend_gate
2026-04-30 16:08:23,313	DROP	089150	케이씨티	trend_gate
2026-04-30 16:08:23,671	DROP	364950	에이아이코리아	trend_gate
2026-04-30 16:08:24,156	DROP	090410	덕신이피씨	trend_gate
2026-04-30 16:08:24,564	DROP	041650	상신브레이크	trend_gate
2026-04-30 16:08:24,998	DROP	419080	엔젯	trend_gate
2026-04-30 16:08:25,458	DROP	053950	경남제약	trend_gate
2026-04-30 16:08:25,882	DROP	123700	SJM	liquidity_gate:KOSPI
2026-04-30 16:08:26,336	DROP	017180	명문제약	trend_gate
2026-04-30 16:08:26,773	DROP	432430	와이랩	trend_gate
2026-04-30 16:08:27,192	DROP	037950	엘컴텍	trend_gate
2026-04-30 16:08:27,573	DROP	419120	산돌	trend_gate
2026-04-30 16:08:28,059	DROP	033560	블루콤	trend_gate
2026-04-30 16:08:28,462	DROP	466410	사이냅소프트	trend_gate
2026-04-30 16:08:28,856	DROP	008420	문배철강	liquidity_gate:KOSPI
2026-04-30 16:08:29,263	DROP	311390	네오크레마	trend_gate
2026-04-30 16:08:29,655	DROP	033830	티비씨	trend_gate
2026-04-30 16:08:30,018	DROP	471820	셀로맥스사이언스	trend_gate
2026-04-30 16:08:30,420	DROP	223310	사토시홀딩스	trend_gate
2026-04-30 16:08:30,842	DROP	038070	서린바이오	trend_gate
2026-04-30 16:08:31,238	DROP	277070	린드먼아시아	trend_gate
2026-04-30 16:08:31,680	DROP	075180	새론오토모티브	trend_gate
2026-04-30 16:08:32,110	DROP	072770	멤레이비티	trend_gate
2026-04-30 16:08:32,491	DROP	450330	하스	trend_gate
2026-04-30 16:08:32,902	DROP	219420	링크제니시스	trend_gate
2026-04-30 16:08:33,291	DROP	007680	대원	trend_gate
2026-04-30 16:08:33,691	DROP	114450	그린생명과학	trend_gate
2026-04-30 16:08:34,090	DROP	001210	금호전기	trend_gate
2026-04-30 16:08:34,442	DROP	476080	M83	trend_gate
2026-04-30 16:08:34,856	DROP	000890	보해양조	trend_gate
2026-04-30 16:08:35,271	DROP	093240	형지엘리트	trend_gate
2026-04-30 16:08:35,705	DROP	026940	부국철강	volume_drought_gate
2026-04-30 16:08:36,090	DROP	099520	DGI	trend_gate
2026-04-30 16:08:36,492	DROP	088340	유라클	trend_gate
2026-04-30 16:08:36,915	DROP	122350	삼기	trend_gate
2026-04-30 16:08:37,298	DROP	460470	아이빔테크놀로지	trend_gate
2026-04-30 16:08:37,646	DROP	465480	인스피언	trend_gate
2026-04-30 16:08:38,041	DROP	100660	서암기계공업	liquidity_gate:KOSDAQ
2026-04-30 16:08:38,490	DROP	023350	한국종합기술	trend_gate
2026-04-30 16:08:38,917	DROP	403490	우듬지팜	trend_gate
2026-04-30 16:08:39,393	DROP	025530	SJM홀딩스	trend_gate
2026-04-30 16:08:39,747	DROP	105760	포스뱅크	trend_gate
2026-04-30 16:08:40,136	DROP	245620	EDGC	trend_gate
2026-04-30 16:08:40,523	DROP	097870	효성오앤비	liquidity_gate:KOSDAQ
2026-04-30 16:08:40,910	DROP	000950	전방	trend_gate
2026-04-30 16:08:41,296	DROP	035460	기산텔레콤	trend_gate
2026-04-30 16:08:41,686	DROP	052460	아이크래프트	liquidity_gate:KOSDAQ
2026-04-30 16:08:42,109	DROP	066130	하츠	trend_gate
2026-04-30 16:08:42,500	DROP	014990	인디에프	trend_gate
2026-04-30 16:08:42,870	DROP	079000	와토스코리아	trend_gate
2026-04-30 16:08:43,226	DROP	417860	오브젠	trend_gate
2026-04-30 16:08:43,579	DROP	012280	영화금속	liquidity_gate:KOSPI
2026-04-30 16:08:43,963	DROP	033200	모아텍	liquidity_gate:KOSDAQ
2026-04-30 16:08:44,343	DROP	189690	포시에스	trend_gate
2026-04-30 16:08:44,746	DROP	007120	미래아이앤지	trend_gate
2026-04-30 16:08:45,136	DROP	038060	루멘스	52w_ceiling_gate
2026-04-30 16:08:45,538	DROP	122690	서진오토모티브	trend_gate
2026-04-30 16:08:45,957	DROP	057540	옴니시스템	52w_ceiling_gate
2026-04-30 16:08:46,362	DROP	056700	신화인터텍	trend_gate
2026-04-30 16:08:46,816	DROP	126640	화신정공	liquidity_gate:KOSDAQ
2026-04-30 16:08:47,262	DROP	051490	나라엠앤디	trend_gate
2026-04-30 16:08:47,654	DROP	007530	와이엠	trend_gate
2026-04-30 16:08:48,031	DROP	221840	하이즈항공	liquidity_gate:KOSDAQ
2026-04-30 16:08:48,407	DROP	361570	알비더블유	trend_gate
2026-04-30 16:08:48,806	DROP	011330	유니켐	trend_gate
2026-04-30 16:08:49,197	DROP	043910	자연과환경	trend_gate
2026-04-30 16:08:49,575	DROP	090080	평화산업	trend_gate
2026-04-30 16:08:49,956	DROP	352700	씨앤투스	trend_gate
2026-04-30 16:08:50,338	DROP	190650	코리아에셋투자증권	trend_gate
2026-04-30 16:08:50,775	DROP	032860	더라미	trend_gate
2026-04-30 16:08:51,163	DROP	050110	캠시스	trend_gate
2026-04-30 16:08:51,552	DROP	340930	유일에너테크	trend_gate
2026-04-30 16:08:51,953	DROP	260660	알리코제약	trend_gate
2026-04-30 16:08:52,347	DROP	049800	우진플라임	trend_gate
2026-04-30 16:08:52,721	DROP	200350	아티스트스튜디오	trend_gate
2026-04-30 16:08:53,179	DROP	229000	젠큐릭스	trend_gate
2026-04-30 16:08:53,548	DROP	332290	누보	liquidity_gate:KOSDAQ
2026-04-30 16:08:53,989	DROP	217480	에스디생명공학	trend_gate
2026-04-30 16:08:54,331	DROP	376180	피코그램	trend_gate
2026-04-30 16:08:54,701	DROP	053160	프리엠스	trend_gate
2026-04-30 16:08:55,060	DROP	900300	오가닉티코스메틱	trend_gate
2026-04-30 16:08:55,436	DROP	066670	디티씨	trend_gate
2026-04-30 16:08:55,776	DROP	314140	알피바이오	trend_gate
2026-04-30 16:08:56,147	DROP	012160	영흥	trend_gate
2026-04-30 16:08:56,517	DROP	054780	키이스트	trend_gate
2026-04-30 16:08:56,888	DROP	003080	SB성보	trend_gate
2026-04-30 16:08:57,252	DROP	273060	와이즈버즈	trend_gate
2026-04-30 16:08:57,615	DROP	006920	모헨즈	trend_gate
2026-04-30 16:08:58,043	DROP	046310	백금T&A	trend_gate
2026-04-30 16:08:58,426	DROP	009320	아진전자부품	trend_gate
2026-04-30 16:08:58,812	DROP	171010	램테크놀러지	trend_gate
2026-04-30 16:08:59,181	DROP	065130	탑엔지니어링	trend_gate
2026-04-30 16:08:59,552	DROP	033540	파라텍	trend_gate
2026-04-30 16:08:59,930	DROP	002410	범양건영	trend_gate
2026-04-30 16:09:00,261	DROP	355390	크라우드웍스	trend_gate
2026-04-30 16:09:00,606	DROP	103840	우양	trend_gate
2026-04-30 16:09:00,970	DROP	002290	삼일기업공사	liquidity_gate:KOSDAQ
2026-04-30 16:09:01,328	DROP	307280	원바이오젠	trend_gate
2026-04-30 16:09:01,704	DROP	086040	바이오톡스텍	liquidity_gate:KOSDAQ
2026-04-30 16:09:02,054	DROP	060850	영림원소프트랩	trend_gate
2026-04-30 16:09:02,412	DROP	250000	보라티알	trend_gate
2026-04-30 16:09:02,772	DROP	219750	한국비티비	trend_gate
2026-04-30 16:09:03,139	DROP	078590	휴림에이텍	trend_gate
2026-04-30 16:09:03,497	DROP	016600	큐캐피탈	trend_gate
2026-04-30 16:09:03,853	DROP	290120	DH오토리드	liquidity_gate:KOSDAQ
2026-04-30 16:09:04,228	DROP	043340	에쎈테크	52w_ceiling_gate
2026-04-30 16:09:04,600	DROP	027740	마니커	trend_gate
2026-04-30 16:09:04,965	DROP	073110	엘엠에스	trend_gate
2026-04-30 16:09:05,301	DROP	430690	한싹	trend_gate
2026-04-30 16:09:05,660	DROP	263020	디케이앤디	liquidity_gate:KOSDAQ
2026-04-30 16:09:05,997	DROP	199480	뱅크웨어글로벌	trend_gate
2026-04-30 16:09:06,366	DROP	087600	픽셀플러스	trend_gate
2026-04-30 16:09:06,722	DROP	064480	브리지텍	trend_gate
2026-04-30 16:09:07,070	DROP	388610	지에프씨생명과학	trend_gate
2026-04-30 16:09:07,451	DROP	096610	알에프세미	trend_gate
2026-04-30 16:09:07,787	DROP	434480	모니터랩	trend_gate
2026-04-30 16:09:08,154	DROP	263700	케어랩스	trend_gate
2026-04-30 16:09:08,543	DROP	091590	남화토건	trend_gate
2026-04-30 16:09:08,938	DROP	025880	케이씨피드	liquidity_gate:KOSDAQ
2026-04-30 16:09:09,299	DROP	464500	아이언디바이스	liquidity_gate:KOSDAQ
2026-04-30 16:09:09,667	DROP	320000	한울반도체	trend_gate
2026-04-30 16:09:10,052	DROP	286750	나노실리칸첨단소재	trend_gate
2026-04-30 16:09:10,458	DROP	011300	우성머티리얼스	trend_gate
2026-04-30 16:09:10,856	DROP	011420	갤럭시아에스엠	trend_gate
2026-04-30 16:09:11,250	DROP	020760	일진디스플	trend_gate
2026-04-30 16:09:11,598	DROP	023960	에쓰씨엔지니어링	trend_gate
2026-04-30 16:09:11,934	DROP	464280	티디에스팜	trend_gate
2026-04-30 16:09:12,308	DROP	097780	에코볼트	trend_gate
2026-04-30 16:09:12,674	DROP	081580	성우전자	trend_gate
2026-04-30 16:09:13,018	DROP	335810	프리시젼바이오	trend_gate
2026-04-30 16:09:13,385	DROP	123010	알엔티엑스	52w_ceiling_gate
2026-04-30 16:09:13,785	DROP	128540	에코캡	trend_gate
2026-04-30 16:09:14,125	DROP	376290	씨유테크	trend_gate
2026-04-30 16:09:14,498	DROP	044960	이글벳	trend_gate
2026-04-30 16:09:14,858	DROP	263810	상신전자	trend_gate
2026-04-30 16:09:15,227	DROP	119500	포메탈	trend_gate
2026-04-30 16:09:15,591	DROP	336060	웨이버스	trend_gate
2026-04-30 16:09:15,923	DROP	393970	대진첨단소재	trend_gate
2026-04-30 16:09:16,292	DROP	258610	케일럼	trend_gate
2026-04-30 16:09:16,680	DROP	032960	동일기연	trend_gate
2026-04-30 16:09:17,037	DROP	241840	에이스토리	trend_gate
2026-04-30 16:09:17,420	DROP	051390	YW	liquidity_gate:KOSDAQ
2026-04-30 16:09:17,771	DROP	129890	앱코	trend_gate
2026-04-30 16:09:18,123	DROP	300120	라온피플	trend_gate
2026-04-30 16:09:18,485	DROP	263770	유에스티	trend_gate
2026-04-30 16:09:18,835	DROP	288980	모아데이타	trend_gate
2026-04-30 16:09:19,203	DROP	003060	에이프로젠바이오로직스	trend_gate
2026-04-30 16:09:19,581	DROP	002920	유성기업	trend_gate
2026-04-30 16:09:19,932	DROP	186230	그린플러스	trend_gate
2026-04-30 16:09:20,299	DROP	140520	대창스틸	trend_gate
2026-04-30 16:09:20,654	DROP	290090	트윔	trend_gate
2026-04-30 16:09:21,025	DROP	160550	NEW	trend_gate
2026-04-30 16:09:21,369	DROP	429270	시지트로닉스	volume_drought_gate
2026-04-30 16:09:21,749	DROP	073570	리튬포어스	trend_gate
2026-04-30 16:09:22,112	DROP	001380	SG글로벌	trend_gate
2026-04-30 16:09:22,489	DROP	106240	파인테크닉스	trend_gate
2026-04-30 16:09:22,861	DROP	206400	베노티앤알	trend_gate
2026-04-30 16:09:23,206	DROP	420570	제이투케이바이오	trend_gate
2026-04-30 16:09:23,577	DROP	069410	엔텔스	trend_gate
2026-04-30 16:09:23,930	DROP	179530	애드바이오텍	trend_gate
2026-04-30 16:09:24,306	DROP	037370	EG	trend_gate
2026-04-30 16:09:24,667	DROP	215380	우정바이오	trend_gate
2026-04-30 16:09:25,030	DROP	031310	아이즈비전	trend_gate
2026-04-30 16:09:25,379	DROP	363260	모비데이즈	trend_gate
2026-04-30 16:09:25,749	DROP	019770	서연탑메탈	liquidity_gate:KOSDAQ
2026-04-30 16:09:26,108	DROP	257990	나우코스	trend_gate
2026-04-30 16:09:26,470	DROP	011230	삼화전자	trend_gate
2026-04-30 16:09:26,811	DROP	347770	핌스	trend_gate
2026-04-30 16:09:27,184	DROP	224110	에이텍모빌리티	trend_gate
2026-04-30 16:09:27,526	DROP	373170	엠아이큐브솔루션	52w_ceiling_gate
2026-04-30 16:09:27,903	DROP	239610	에이치엘사이언스	trend_gate
2026-04-30 16:09:28,281	DROP	082660	코스나인	trend_gate
2026-04-30 16:09:28,650	DROP	006050	국영지앤엠	trend_gate
2026-04-30 16:09:29,023	DROP	026040	제이에스티나	trend_gate
2026-04-30 16:09:29,392	DROP	148250	알엔투테크놀로지	trend_gate
2026-04-30 16:09:29,737	DROP	418250	시큐레터	trend_gate
2026-04-30 16:09:30,114	DROP	200780	비씨월드제약	trend_gate
2026-04-30 16:09:30,483	DROP	101240	씨큐브	trend_gate
2026-04-30 16:09:35,495	DROP	450520	인스웨이브	trend_gate
2026-04-30 16:09:35,850	DROP	271830	팸텍	trend_gate
2026-04-30 16:09:36,217	DROP	057030	YBM넷	trend_gate
2026-04-30 16:09:36,584	DROP	080520	오디텍	trend_gate
2026-04-30 16:09:36,939	DROP	178780	일월지엠엘	trend_gate
2026-04-30 16:09:37,313	DROP	083550	케이엠	trend_gate
2026-04-30 16:09:37,673	DROP	220180	핸디소프트	trend_gate
2026-04-30 16:09:38,041	DROP	023440	제이스코홀딩스	trend_gate
2026-04-30 16:09:38,371	DROP	475460	미트박스	trend_gate
2026-04-30 16:09:38,734	DROP	308170	씨티알모빌리티	trend_gate
2026-04-30 16:09:39,116	DROP	050860	아세아텍	liquidity_gate:KOSDAQ
2026-04-30 16:09:39,496	DROP	052600	한네트	trend_gate
2026-04-30 16:09:39,834	DROP	351870	차이커뮤니케이션	trend_gate
2026-04-30 16:09:40,222	DROP	153490	우리이앤엘하루틴	liquidity_gate:KOSDAQ
2026-04-30 16:09:40,577	DROP	051630	진양화학	trend_gate
2026-04-30 16:09:40,910	DROP	363250	진시스템	trend_gate
2026-04-30 16:09:41,257	DROP	069460	대호에이엘	trend_gate
2026-04-30 16:09:41,618	DROP	022220	티케이지애강	trend_gate
2026-04-30 16:09:41,982	DROP	073540	에프알텍	trend_gate
2026-04-30 16:09:42,354	DROP	014570	고려제약	trend_gate
2026-04-30 16:09:42,721	DROP	024120	KB오토시스	liquidity_gate:KOSDAQ
2026-04-30 16:09:43,095	DROP	084870	TBH글로벌	liquidity_gate:KOSPI
2026-04-30 16:09:43,479	DROP	200580	메디쎄이	liquidity_gate:KOSDAQ
2026-04-30 16:09:43,838	DROP	049830	승일	trend_gate
2026-04-30 16:09:44,192	DROP	204020	그리티	trend_gate
2026-04-30 16:09:44,539	DROP	356890	싸이버원	trend_gate
2026-04-30 16:09:44,889	DROP	318020	포인트모바일	trend_gate
2026-04-30 16:09:45,257	DROP	254120	자비스	trend_gate
2026-04-30 16:09:45,608	DROP	195500	마니커에프앤지	trend_gate
2026-04-30 16:09:45,952	DROP	256150	한독크린텍	trend_gate
2026-04-30 16:09:46,327	DROP	066910	손오공	trend_gate
2026-04-30 16:09:46,692	DROP	340810	시선AI	trend_gate
2026-04-30 16:09:47,067	DROP	032580	피델릭스	trend_gate
2026-04-30 16:09:47,431	DROP	208860	다산디엠씨	trend_gate
2026-04-30 16:09:47,816	DROP	080530	코디	trend_gate
2026-04-30 16:09:48,199	DROP	002880	디와이에이	trend_gate
2026-04-30 16:09:48,589	DROP	200230	텔콘RF제약	trend_gate
2026-04-30 16:09:48,995	DROP	123570	이엠넷	trend_gate
2026-04-30 16:09:49,377	DROP	005030	부산주공	trend_gate
2026-04-30 16:09:49,802	DROP	317240	TS트릴리온	trend_gate
2026-04-30 16:09:50,201	DROP	309930	조이웍스앤코	trend_gate
2026-04-30 16:09:50,662	DROP	008870	금비	trend_gate
2026-04-30 16:09:51,052	DROP	131760	파인텍	trend_gate
2026-04-30 16:09:51,498	DROP	203450	유니온바이오메트릭스	trend_gate
2026-04-30 16:09:51,920	DROP	270520	앱튼	trend_gate
2026-04-30 16:09:52,329	DROP	074610	이엔플러스	trend_gate
2026-04-30 16:09:52,749	DROP	065950	웰크론	trend_gate
2026-04-30 16:09:53,139	DROP	058110	멕아이씨에스	trend_gate
2026-04-30 16:09:53,531	DROP	065650	하이퍼코퍼레이션	trend_gate
2026-04-30 16:09:53,935	DROP	068050	팬엔터테인먼트	trend_gate
2026-04-30 16:09:54,330	DROP	008250	이건산업	trend_gate
2026-04-30 16:09:54,777	DROP	075970	동국알앤에스	trend_gate
2026-04-30 16:09:55,169	DROP	000760	이화산업	trend_gate
2026-04-30 16:09:55,586	DROP	288330	파라택시스코리아	trend_gate
2026-04-30 16:09:56,047	DROP	038870	에코심플렉스	trend_gate
2026-04-30 16:09:56,426	DROP	025750	한솔홈데코	trend_gate
2026-04-30 16:09:56,805	DROP	359090	씨엔알리서치	trend_gate
2026-04-30 16:09:57,207	DROP	228340	동양파일	trend_gate
2026-04-30 16:09:57,583	DROP	043200	파루	trend_gate
2026-04-30 16:09:57,939	DROP	383930	디티앤씨알오	trend_gate
2026-04-30 16:09:58,294	DROP	387570	파인메딕스	trend_gate
2026-04-30 16:09:58,680	DROP	133750	메가엠디	trend_gate
2026-04-30 16:09:59,058	DROP	290520	신도기연	liquidity_gate:KOSDAQ
2026-04-30 16:09:59,455	DROP	277410	인산가	trend_gate
2026-04-30 16:09:59,836	DROP	462510	라메디텍	trend_gate
2026-04-30 16:10:00,299	DROP	032790	엠젠솔루션	trend_gate
2026-04-30 16:10:00,805	DROP	013810	스페코	trend_gate
2026-04-30 16:10:01,338	DROP	406820	뷰티스킨	trend_gate
2026-04-30 16:10:01,780	DROP	455180	케이지에이	trend_gate
2026-04-30 16:10:02,200	DROP	046390	삼화네트웍스	trend_gate
2026-04-30 16:10:02,667	DROP	440320	오픈놀	trend_gate
2026-04-30 16:10:03,086	DROP	114630	폴라리스우노	trend_gate
2026-04-30 16:10:03,482	DROP	258790	소프트캠프	volume_drought_gate
2026-04-30 16:10:03,892	DROP	057680	티사이언티픽	exception:TypeError
2026-04-30 16:10:04,280	DROP	012620	원일특강	liquidity_gate:KOSDAQ
2026-04-30 16:10:04,643	DROP	122830	원포유	trend_gate
2026-04-30 16:10:05,022	DROP	039290	인포뱅크	trend_gate
2026-04-30 16:10:05,446	DROP	013720	THE CUBE&	trend_gate
2026-04-30 16:10:05,835	DROP	221980	케이디켐	trend_gate
2026-04-30 16:10:06,209	DROP	462980	아이지넷	trend_gate
2026-04-30 16:10:06,577	DROP	318410	비비씨	trend_gate
2026-04-30 16:10:06,944	DROP	296640	이노에이엑스	liquidity_gate:KOSDAQ
2026-04-30 16:10:07,363	DROP	045060	오공	trend_gate
2026-04-30 16:10:07,779	DROP	131100	티엔엔터테인먼트	trend_gate
2026-04-30 16:10:08,226	DROP	064520	테크엘	trend_gate
2026-04-30 16:10:08,625	DROP	398120	에스지헬스케어	trend_gate
2026-04-30 16:10:08,981	DROP	475660	에스켐	trend_gate
2026-04-30 16:10:09,387	DROP	019490	엑시큐어하이트론	trend_gate
2026-04-30 16:10:09,785	DROP	007720	소노스퀘어	trend_gate
2026-04-30 16:10:10,194	DROP	014910	성문전자	52w_ceiling_gate
2026-04-30 16:10:10,595	DROP	195990	에이비프로바이오	trend_gate
2026-04-30 16:10:11,157	DROP	035200	프럼파스트	trend_gate
2026-04-30 16:10:11,603	DROP	298060	풍전약품	trend_gate
2026-04-30 16:10:12,131	DROP	075130	플랜티넷	trend_gate
2026-04-30 16:10:12,664	DROP	109820	진매트릭스	trend_gate
2026-04-30 16:10:13,054	DROP	237750	피앤씨테크	liquidity_gate:KOSDAQ
2026-04-30 16:10:13,433	DROP	148780	비큐AI	trend_gate
2026-04-30 16:10:13,831	DROP	090150	아이윈	liquidity_gate:KOSDAQ
2026-04-30 16:10:14,235	DROP	021880	메이슨캐피탈	trend_gate
2026-04-30 16:10:14,626	DROP	238490	힘스	trend_gate
2026-04-30 16:10:15,020	DROP	001000	신라섬유	trend_gate
2026-04-30 16:10:15,413	DROP	115160	휴맥스	trend_gate
2026-04-30 16:10:15,810	DROP	017040	광명전기	trend_gate
2026-04-30 16:10:16,205	DROP	086060	진바이오텍	trend_gate
2026-04-30 16:10:16,585	DROP	290270	휴네시온	trend_gate
2026-04-30 16:10:16,996	DROP	270870	뉴트리	trend_gate
2026-04-30 16:10:17,406	DROP	005320	온타이드	52w_ceiling_gate
2026-04-30 16:10:17,772	DROP	469750	아이비젼웍스	trend_gate
2026-04-30 16:10:18,156	DROP	318000	KBG	trend_gate
2026-04-30 16:10:18,543	DROP	010640	진양폴리	trend_gate
2026-04-30 16:10:18,901	DROP	290560	파라택시스이더리움	trend_gate
2026-04-30 16:10:19,302	DROP	016670	디모아	trend_gate
2026-04-30 16:10:19,696	DROP	239340	이스트에이드	trend_gate
2026-04-30 16:10:20,063	DROP	140430	카티스	trend_gate
2026-04-30 16:10:20,466	DROP	002360	SH에너지화학	trend_gate
2026-04-30 16:10:20,904	DROP	187270	신화콘텍	liquidity_gate:KOSDAQ
2026-04-30 16:10:21,343	DROP	257370	피엔티엠에스	trend_gate
2026-04-30 16:10:21,727	DROP	064090	인크레더블버즈	trend_gate
2026-04-30 16:10:22,122	DROP	050120	ES큐브	trend_gate
2026-04-30 16:10:22,514	DROP	005820	원림	liquidity_gate:KOSPI
2026-04-30 16:10:22,887	DROP	376980	원티드랩	trend_gate
2026-04-30 16:10:23,364	DROP	025440	DH오토웨어	trend_gate
2026-04-30 16:10:23,806	DROP	351320	넥사다이내믹스	trend_gate
2026-04-30 16:10:24,192	DROP	285800	진영	trend_gate
2026-04-30 16:10:24,568	DROP	099390	브레인즈컴퍼니	trend_gate
2026-04-30 16:10:25,010	DROP	065370	위세아이텍	trend_gate
2026-04-30 16:10:25,370	DROP	464580	닷밀	trend_gate
2026-04-30 16:10:25,776	DROP	134790	시디즈	trend_gate
2026-04-30 16:10:26,252	DROP	059100	아이컴포넌트	trend_gate
2026-04-30 16:10:26,632	DROP	169330	엠브레인	trend_gate
2026-04-30 16:10:27,032	DROP	353590	오토앤	trend_gate
2026-04-30 16:10:27,496	DROP	002870	신풍	trend_gate
2026-04-30 16:10:27,864	DROP	021650	한국큐빅	trend_gate
2026-04-30 16:10:28,245	DROP	056730	CNT85	trend_gate
2026-04-30 16:10:28,613	DROP	038620	위즈코프	trend_gate
2026-04-30 16:10:28,997	DROP	024070	WISCOM	liquidity_gate:KOSPI
2026-04-30 16:10:29,384	DROP	066900	디에이피	trend_gate
2026-04-30 16:10:29,733	DROP	263920	휴엠앤씨	trend_gate
2026-04-30 16:10:30,093	DROP	317120	라닉스	52w_ceiling_gate
2026-04-30 16:10:30,450	DROP	438700	버넥트	trend_gate
2026-04-30 16:10:30,825	DROP	130500	GH신소재	trend_gate
2026-04-30 16:10:31,193	DROP	045510	정원엔시스	trend_gate
2026-04-30 16:10:31,555	DROP	262840	아이퀘스트	trend_gate
2026-04-30 16:10:31,938	DROP	001810	무림SP	liquidity_gate:KOSDAQ
2026-04-30 16:10:32,305	DROP	006200	한국전자홀딩스	trend_gate
2026-04-30 16:10:32,735	DROP	094860	네오리진	liquidity_gate:KOSDAQ
2026-04-30 16:10:33,178	DROP	000040	KR모터스	trend_gate
2026-04-30 16:10:33,646	DROP	024890	대원화성	trend_gate
2026-04-30 16:10:34,021	DROP	424760	벨로크	52w_ceiling_gate
2026-04-30 16:10:34,396	DROP	001070	대한방직	trend_gate
2026-04-30 16:10:34,770	DROP	243870	아이티센코어	liquidity_gate:KOSDAQ
2026-04-30 16:10:35,156	DROP	177830	파버나인	trend_gate
2026-04-30 16:10:35,507	DROP	342870	오아	insufficient_rows:156
2026-04-30 16:10:35,852	DROP	146060	율촌	trend_gate
2026-04-30 16:10:36,247	DROP	038880	아이에이	trend_gate
2026-04-30 16:10:36,598	DROP	462310	뉴키즈온	insufficient_rows:199
2026-04-30 16:10:36,968	DROP	051380	피씨디렉트	trend_gate
2026-04-30 16:10:37,349	DROP	187220	디티앤씨	trend_gate
2026-04-30 16:10:37,712	DROP	291230	엔피	trend_gate
2026-04-30 16:10:38,058	DROP	274400	이노시뮬레이션	trend_gate
2026-04-30 16:10:38,455	DROP	301300	바이브컴퍼니	trend_gate
2026-04-30 16:10:38,810	DROP	377030	비트맥스	trend_gate
2026-04-30 16:10:39,150	DROP	303530	이노뎁	trend_gate
2026-04-30 16:10:39,524	DROP	017000	신원종합개발	trend_gate
2026-04-30 16:10:39,906	DROP	071850	캐스텍코리아	trend_gate
2026-04-30 16:10:40,284	DROP	013000	세우글로벌	liquidity_gate:KOSPI
2026-04-30 16:10:40,648	DROP	225220	제놀루션	trend_gate
2026-04-30 16:10:41,019	DROP	196490	디에이테크놀로지	trend_gate
2026-04-30 16:10:41,393	DROP	009140	경인전자	trend_gate
2026-04-30 16:10:41,761	DROP	060540	에스에이티	trend_gate
2026-04-30 16:10:42,174	DROP	049120	파인디앤씨	trend_gate
2026-04-30 16:10:42,562	DROP	053290	NE능률	trend_gate
2026-04-30 16:10:42,931	DROP	284620	카이노스메드	trend_gate
2026-04-30 16:10:43,277	DROP	377220	프롬바이오	trend_gate
2026-04-30 16:10:43,647	DROP	044480	빌리언스	trend_gate
2026-04-30 16:10:44,020	DROP	038530	케이바이오랩스	trend_gate
2026-04-30 16:10:44,434	DROP	009810	플레이그램	trend_gate
2026-04-30 16:10:44,814	DROP	118000	메타케어	trend_gate
2026-04-30 16:10:45,157	DROP	068940	셀피글로벌	trend_gate
2026-04-30 16:10:45,537	DROP	142760	모아라이프플러스	trend_gate
2026-04-30 16:10:46,000	DROP	208710	포톤	trend_gate
2026-04-30 16:10:46,366	DROP	900340	윙입푸드	trend_gate
2026-04-30 16:10:46,750	DROP	016100	리더스코스메틱	trend_gate
2026-04-30 16:10:47,109	DROP	015260	에이엔피	liquidity_gate:KOSPI
2026-04-30 16:10:47,473	DROP	027580	상보	trend_gate
2026-04-30 16:10:47,844	DROP	090370	메타랩스	trend_gate
2026-04-30 16:10:48,217	DROP	123840	뉴온	trend_gate
2026-04-30 16:10:48,605	DROP	109960	앱토크롬	trend_gate
2026-04-30 16:10:49,003	DROP	006740	블루산업개발	trend_gate
2026-04-30 16:10:49,378	DROP	263050	유틸렉스	trend_gate
2026-04-30 16:10:49,757	DROP	131220	대한과학	trend_gate
2026-04-30 16:10:50,111	DROP	038950	파인디지털	trend_gate
2026-04-30 16:10:50,440	DROP	431190	케이쓰리아이	trend_gate
2026-04-30 16:10:50,808	DROP	162120	루켄테크놀러지스	trend_gate
2026-04-30 16:10:51,157	DROP	048470	대동스틸	trend_gate
2026-04-30 16:10:51,500	DROP	354390	바스칸바이오제약	trend_gate
2026-04-30 16:10:51,868	DROP	079170	한창산업	trend_gate
2026-04-30 16:10:52,275	DROP	002690	동일제강	trend_gate
2026-04-30 16:10:52,689	DROP	210120	캔버스엔	trend_gate
2026-04-30 16:10:53,055	DROP	337840	유엑스엔	trend_gate
2026-04-30 16:10:53,409	DROP	102950	아하	trend_gate
2026-04-30 16:10:53,793	DROP	112190	KC산업	trend_gate
2026-04-30 16:10:54,148	DROP	900310	컬러레이	trend_gate
2026-04-30 16:10:54,534	DROP	138070	신진에스엠	trend_gate
2026-04-30 16:10:54,887	DROP	446440	에피바이오텍	trend_gate
2026-04-30 16:10:55,230	DROP	333050	이노테나	trend_gate
2026-04-30 16:10:55,583	DROP	303030	지니틱스	trend_gate
2026-04-30 16:10:55,925	DROP	405920	나라셀라	trend_gate
2026-04-30 16:10:56,294	DROP	252500	세화피앤씨	trend_gate
2026-04-30 16:10:56,658	DROP	054220	비츠로시스	trend_gate
2026-04-30 16:10:57,001	DROP	115610	이미지스	trend_gate
2026-04-30 16:10:57,337	DROP	397810	애드포러스	insufficient_rows:168
2026-04-30 16:10:57,722	DROP	089140	넥스턴앤롤코리아	trend_gate
2026-04-30 16:10:58,105	DROP	310870	디와이씨	trend_gate
2026-04-30 16:10:58,485	DROP	045300	성우테크론	trend_gate
2026-04-30 16:10:58,857	DROP	367000	플래티어	trend_gate
2026-04-30 16:10:59,221	DROP	198940	한주라이트메탈	trend_gate
2026-04-30 16:10:59,591	DROP	014130	한익스프레스	trend_gate
2026-04-30 16:10:59,927	DROP	446070	유니드비티플러스	trend_gate
2026-04-30 16:11:00,312	DROP	088790	진도	liquidity_gate:KOSPI
2026-04-30 16:11:00,694	DROP	027040	서울전자통신	trend_gate
2026-04-30 16:11:01,074	DROP	033050	제이엠아이	liquidity_gate:KOSDAQ
2026-04-30 16:11:01,440	DROP	023150	MH에탄올	trend_gate
2026-04-30 16:11:01,785	DROP	236810	엔비티	trend_gate
2026-04-30 16:11:02,157	DROP	018680	서울제약	trend_gate
2026-04-30 16:11:02,568	DROP	115480	씨유메디칼	trend_gate
2026-04-30 16:11:02,937	DROP	227420	도부	trend_gate
2026-04-30 16:11:03,313	DROP	024940	PN풍년	trend_gate
2026-04-30 16:11:03,699	DROP	069140	누리플랜	trend_gate
2026-04-30 16:11:04,054	DROP	495810	유비씨	trend_gate
2026-04-30 16:11:04,413	DROP	900070	글로벌에스엠	liquidity_gate:KOSDAQ
2026-04-30 16:11:04,791	DROP	085810	알티캐스트	trend_gate
2026-04-30 16:11:05,280	DROP	023790	동일스틸럭스	trend_gate
2026-04-30 16:11:05,683	DROP	039740	한국정보공학	trend_gate
2026-04-30 16:11:06,069	DROP	008470	부스타	trend_gate
2026-04-30 16:11:06,445	DROP	030720	동원수산	trend_gate
2026-04-30 16:11:06,816	DROP	009460	한창제지	trend_gate
2026-04-30 16:11:07,198	DROP	002420	세기상사	trend_gate
2026-04-30 16:11:07,583	DROP	005360	모나미	trend_gate
2026-04-30 16:11:07,941	DROP	377330	이지트로닉스	trend_gate
2026-04-30 16:11:08,292	DROP	148930	에이치와이티씨	trend_gate
2026-04-30 16:11:08,680	DROP	060380	동양에스텍	trend_gate
2026-04-30 16:11:09,040	DROP	032750	삼진	trend_gate
2026-04-30 16:11:09,404	DROP	096690	에이루트	trend_gate
2026-04-30 16:11:09,767	DROP	063760	이엘피	liquidity_gate:KOSDAQ
2026-04-30 16:11:10,154	DROP	047080	한빛소프트	trend_gate
2026-04-30 16:11:10,536	DROP	131090	시큐브	trend_gate
2026-04-30 16:11:10,903	DROP	101000	KS인더스트리	trend_gate
2026-04-30 16:11:11,265	DROP	003680	한성기업	trend_gate
2026-04-30 16:11:11,691	DROP	033250	체시스	trend_gate
2026-04-30 16:11:12,063	DROP	039310	세중	52w_ceiling_gate
2026-04-30 16:11:12,434	DROP	019570	플루토스	52w_ceiling_gate
2026-04-30 16:11:12,833	DROP	067730	로지시스	trend_gate
2026-04-30 16:11:13,196	DROP	010400	우진아이엔에스	liquidity_gate:KOSPI
2026-04-30 16:11:13,591	DROP	042040	케이피엠테크	trend_gate
2026-04-30 16:11:13,930	DROP	457600	벡트	trend_gate
2026-04-30 16:11:14,281	DROP	354200	엔젠바이오	trend_gate
2026-04-30 16:11:14,638	DROP	335870	윙스풋	trend_gate
2026-04-30 16:11:15,015	DROP	258830	세종메디칼	trend_gate
2026-04-30 16:11:15,362	DROP	465770	STX그린로지스	trend_gate
2026-04-30 16:11:15,728	DROP	019660	글로본	trend_gate
2026-04-30 16:11:16,082	DROP	304840	피플바이오	trend_gate
2026-04-30 16:11:16,452	DROP	091340	S&K폴리텍	trend_gate
2026-04-30 16:11:16,818	DROP	068100	케이웨더	trend_gate
2026-04-30 16:11:17,181	DROP	004870	티웨이홀딩스	trend_gate
2026-04-30 16:11:17,552	DROP	080470	성창오토텍	trend_gate
2026-04-30 16:11:17,932	DROP	060900	에이전트AI	trend_gate
2026-04-30 16:11:18,312	DROP	065770	CS	trend_gate
2026-04-30 16:11:18,638	DROP	432980	엠에프씨	trend_gate
2026-04-30 16:11:18,996	DROP	191410	육일씨엔에쓰	trend_gate
2026-04-30 16:11:19,379	DROP	006570	대림통상	trend_gate
2026-04-30 16:11:19,773	DROP	139670	키네마스터	trend_gate
2026-04-30 16:11:20,130	DROP	270210	에스알바이오텍	trend_gate
2026-04-30 16:11:20,477	DROP	328380	솔트웨어	trend_gate
2026-04-30 16:11:20,837	DROP	103230	에스앤더블류	trend_gate
2026-04-30 16:11:21,215	DROP	246250	에스엘에스바이오	trend_gate
2026-04-30 16:11:21,606	DROP	224060	더코디	liquidity_gate:KOSDAQ
2026-04-30 16:11:21,935	DROP	188040	바이오포트	trend_gate
2026-04-30 16:11:22,326	DROP	196700	웹스	trend_gate
2026-04-30 16:11:22,710	DROP	322970	무진메디	trend_gate
2026-04-30 16:11:23,099	DROP	368600	아이씨에이치	trend_gate
2026-04-30 16:11:23,459	DROP	021040	대호특수강	trend_gate
2026-04-30 16:11:23,824	DROP	083640	인콘	trend_gate
2026-04-30 16:11:24,196	DROP	069640	한세엠케이	trend_gate
2026-04-30 16:11:24,568	DROP	362990	드림인사이트	trend_gate
2026-04-30 16:11:24,948	DROP	002820	SUN&L	trend_gate
2026-04-30 16:11:25,294	DROP	372800	아이티아이즈	trend_gate
2026-04-30 16:11:25,655	DROP	222980	한국맥널티	trend_gate
2026-04-30 16:11:26,006	DROP	109670	씨싸이트	trend_gate
2026-04-30 16:11:26,370	DROP	227610	아우딘퓨쳐스	trend_gate
2026-04-30 16:11:26,717	DROP	405000	플라즈맵	trend_gate
2026-04-30 16:11:27,080	DROP	044780	에이치케이	liquidity_gate:KOSDAQ
2026-04-30 16:11:27,418	DROP	434190	탈로스	trend_gate
2026-04-30 16:11:27,778	DROP	318010	팜스빌	trend_gate
2026-04-30 16:11:28,138	DROP	032080	아즈텍WB	liquidity_gate:KOSDAQ
2026-04-30 16:11:28,510	DROP	031510	오스템	trend_gate
2026-04-30 16:11:28,895	DROP	076080	웰크론한텍	trend_gate
2026-04-30 16:11:29,290	DROP	233990	질경이	trend_gate
2026-04-30 16:11:29,660	DROP	900110	이스트아시아홀딩스	trend_gate
2026-04-30 16:11:30,004	DROP	418620	E8	trend_gate
2026-04-30 16:11:30,396	DROP	091970	나노캠텍	52w_ceiling_gate
2026-04-30 16:11:30,748	DROP	373110	엑셀세라퓨틱스	trend_gate
2026-04-30 16:11:31,207	DROP	034940	조아제약	trend_gate
2026-04-30 16:11:31,586	DROP	036480	대성미생물	trend_gate
2026-04-30 16:11:31,956	DROP	123750	알톤	trend_gate
2026-04-30 16:11:32,373	DROP	054090	삼진엘앤디	liquidity_gate:KOSDAQ
2026-04-30 16:11:32,768	DROP	016920	카스	trend_gate
2026-04-30 16:11:33,133	DROP	052300	오션인더블유	trend_gate
2026-04-30 16:11:33,572	DROP	032680	소프트센	trend_gate
2026-04-30 16:11:33,927	DROP	355690	에이텀	trend_gate
2026-04-30 16:11:34,289	DROP	037400	우리엔터프라이즈	trend_gate
2026-04-30 16:11:34,658	DROP	093380	풍강	trend_gate
2026-04-30 16:11:35,017	DROP	312610	에이에프더블류	trend_gate
2026-04-30 16:11:35,387	DROP	044380	주연테크	trend_gate
2026-04-30 16:11:35,716	DROP	240600	유진테크놀로지	trend_gate
2026-04-30 16:11:36,053	DROP	417180	핑거스토리	trend_gate
2026-04-30 16:11:36,448	DROP	131180	딜리	trend_gate
2026-04-30 16:11:36,852	DROP	101400	엔시트론	trend_gate
2026-04-30 16:11:37,252	DROP	208640	썸에이지	trend_gate
2026-04-30 16:11:37,611	DROP	311060	엘에이티	trend_gate
2026-04-30 16:11:37,977	DROP	279600	미디어젠	trend_gate
2026-04-30 16:11:38,352	DROP	208350	지란지교시큐리티	liquidity_gate:KOSDAQ
2026-04-30 16:11:38,725	DROP	083660	CSA 코스믹	trend_gate
2026-04-30 16:11:39,074	DROP	900100	애머릿지	trend_gate
2026-04-30 16:11:39,454	DROP	007770	한일화학	trend_gate
2026-04-30 16:11:39,825	DROP	004270	남성	trend_gate
2026-04-30 16:11:40,194	DROP	043220	티에스넥스젠	trend_gate
2026-04-30 16:11:40,560	DROP	336040	타스컴	liquidity_gate:KOSDAQ
2026-04-30 16:11:40,919	DROP	331520	밸로프	trend_gate
2026-04-30 16:11:41,294	DROP	267790	배럴	trend_gate
2026-04-30 16:11:41,724	DROP	226340	본느	trend_gate
2026-04-30 16:11:42,094	DROP	023770	플레이위드	trend_gate
2026-04-30 16:11:42,460	DROP	900270	헝셩그룹	trend_gate
2026-04-30 16:11:42,817	DROP	070590	인티큐브	trend_gate
2026-04-30 16:11:43,188	DROP	193250	링크드	trend_gate
2026-04-30 16:11:43,577	DROP	005110	한창	trend_gate
2026-04-30 16:11:43,971	DROP	197140	디지캡	trend_gate
2026-04-30 16:11:44,351	DROP	067010	이씨에스	trend_gate
2026-04-30 16:11:44,711	DROP	143210	핸즈코퍼레이션	trend_gate
2026-04-30 16:11:45,086	DROP	012170	아센디오	trend_gate
2026-04-30 16:11:45,467	DROP	079650	서산	trend_gate
2026-04-30 16:11:45,857	DROP	115530	씨엔플러스	trend_gate
2026-04-30 16:11:46,182	DROP	059180	엔더블유시	insufficient_rows:87
2026-04-30 16:11:46,555	DROP	011090	에넥스	trend_gate
2026-04-30 16:11:46,930	DROP	216400	인바이츠바이오코아	trend_gate
2026-04-30 16:11:47,318	DROP	054940	엑사이엔씨	liquidity_gate:KOSDAQ
2026-04-30 16:11:47,685	DROP	353190	휴럼	trend_gate
2026-04-30 16:11:48,059	DROP	206950	볼빅	trend_gate
2026-04-30 16:11:48,450	DROP	101680	한국정밀기계	trend_gate
2026-04-30 16:11:48,815	DROP	060230	제이케이시냅스	trend_gate
2026-04-30 16:11:49,160	DROP	415380	스튜디오삼익	trend_gate
2026-04-30 16:11:49,515	DROP	352940	인바이오	trend_gate
2026-04-30 16:11:49,923	DROP	092600	앤씨앤	trend_gate
2026-04-30 16:11:50,299	DROP	179720	머니무브	trend_gate
2026-04-30 16:11:50,668	DROP	403360	라피치	trend_gate
2026-04-30 16:11:51,042	DROP	154030	아시아종묘	trend_gate
2026-04-30 16:11:51,404	DROP	121890	에스디시스템	trend_gate
2026-04-30 16:11:51,776	DROP	088290	이원컴포텍	trend_gate
2026-04-30 16:11:52,140	DROP	207490	에이펙스인텍	liquidity_gate:KOSDAQ
2026-04-30 16:11:52,501	DROP	225590	패션플랫폼	liquidity_gate:KOSDAQ
2026-04-30 16:11:52,865	DROP	115570	스타플렉스	trend_gate
2026-04-30 16:11:53,226	DROP	078860	스테이지원엔터	trend_gate
2026-04-30 16:11:53,584	DROP	130740	티피씨글로벌	trend_gate
2026-04-30 16:11:53,962	DROP	009730	이렘	trend_gate
2026-04-30 16:11:54,321	DROP	348030	모비릭스	trend_gate
2026-04-30 16:11:54,690	DROP	113810	디젠스	trend_gate
2026-04-30 16:11:55,047	DROP	043360	디지아이	liquidity_gate:KOSDAQ
2026-04-30 16:11:55,423	DROP	009310	참엔지니어링	trend_gate
2026-04-30 16:11:55,799	DROP	083470	이엠앤아이	trend_gate
2026-04-30 16:11:56,201	DROP	238200	비피도	trend_gate
2026-04-30 16:11:56,574	DROP	025890	한국주강	trend_gate
2026-04-30 16:11:56,957	DROP	065150	대산F&B	trend_gate
2026-04-30 16:11:57,424	DROP	308100	형지글로벌	trend_gate
2026-04-30 16:11:57,809	DROP	001420	태원물산	trend_gate
2026-04-30 16:11:58,184	DROP	084440	유비온	trend_gate
2026-04-30 16:11:58,576	DROP	389680	유디엠텍	trend_gate
2026-04-30 16:11:58,962	DROP	002680	한탑	trend_gate
2026-04-30 16:11:59,301	DROP	365900	브이씨	trend_gate
2026-04-30 16:11:59,664	DROP	032280	삼일	trend_gate
2026-04-30 16:12:00,045	DROP	017250	인터엠	trend_gate
2026-04-30 16:12:00,417	DROP	278990	EMB	trend_gate
2026-04-30 16:12:00,781	DROP	028080	휴맥스홀딩스	trend_gate
2026-04-30 16:12:01,143	DROP	076340	지에이이노더스	trend_gate
2026-04-30 16:12:01,522	DROP	053060	세동	trend_gate
2026-04-30 16:12:01,916	DROP	050760	에스폴리텍	trend_gate
2026-04-30 16:12:02,360	DROP	048830	엔피케이	trend_gate
2026-04-30 16:12:02,691	DROP	403810	아이엘로보틱스	insufficient_rows:111
2026-04-30 16:12:03,052	DROP	275630	에스에스알	liquidity_gate:KOSDAQ
2026-04-30 16:12:03,412	DROP	110020	전진바이오팜	trend_gate
2026-04-30 16:12:03,802	DROP	045520	크린앤사이언스	trend_gate
2026-04-30 16:12:04,186	DROP	289010	아이스크림에듀	trend_gate
2026-04-30 16:12:04,540	DROP	080720	한국유니온제약	trend_gate
2026-04-30 16:12:04,919	DROP	018620	우진비앤지	trend_gate
2026-04-30 16:12:05,298	DROP	065420	에스아이리소스	trend_gate
2026-04-30 16:12:05,665	DROP	054410	케이피티유	trend_gate
2026-04-30 16:12:06,034	DROP	084180	수성웹툰	trend_gate
2026-04-30 16:12:06,394	DROP	247660	나노씨엠에스	trend_gate
2026-04-30 16:12:06,773	DROP	230980	비유테크놀러지	trend_gate
2026-04-30 16:12:07,105	DROP	291810	핀텔	trend_gate
2026-04-30 16:12:07,521	DROP	134060	이퓨쳐	trend_gate
2026-04-30 16:12:07,892	DROP	191600	블루탑	trend_gate
2026-04-30 16:12:08,260	DROP	317860	노드메이슨	trend_gate
2026-04-30 16:12:08,635	DROP	058450	한주에이알티	trend_gate
2026-04-30 16:12:09,001	DROP	192390	윈하이텍	trend_gate
2026-04-30 16:12:09,389	DROP	098660	에스티오	trend_gate
2026-04-30 16:12:09,772	DROP	154040	다산솔루에타	trend_gate
2026-04-30 16:12:10,112	DROP	341170	퓨쳐메디신	trend_gate
2026-04-30 16:12:10,480	DROP	014100	메디앙스	trend_gate
2026-04-30 16:12:10,843	DROP	215480	토박스코리아	trend_gate
2026-04-30 16:12:11,205	DROP	199730	바이오인프라	trend_gate
2026-04-30 16:12:11,570	DROP	322780	코퍼스코리아	trend_gate
2026-04-30 16:12:11,934	DROP	065690	파커스	liquidity_gate:KOSDAQ
2026-04-30 16:12:12,341	DROP	137940	넥스트아이	trend_gate
2026-04-30 16:12:12,706	DROP	001770	SHD	trend_gate
2026-04-30 16:12:13,057	DROP	419540	비스토스	trend_gate
2026-04-30 16:12:13,428	DROP	177350	베셀	trend_gate
2026-04-30 16:12:13,788	DROP	060480	국일신동	trend_gate
2026-04-30 16:12:14,163	DROP	096870	엘디티	trend_gate
2026-04-30 16:12:14,561	DROP	015020	이스타코	trend_gate
2026-04-30 16:12:14,947	DROP	060260	뉴보텍	trend_gate
2026-04-30 16:12:15,319	DROP	361670	삼영에스앤씨	trend_gate
2026-04-30 16:12:15,689	DROP	018700	바른손	trend_gate
2026-04-30 16:12:16,042	DROP	254160	제이엠멀티	trend_gate
2026-04-30 16:12:16,413	DROP	214610	롤링스톤	trend_gate
2026-04-30 16:12:16,807	DROP	217880	틸론	trend_gate
2026-04-30 16:12:17,184	DROP	051780	큐로홀딩스	trend_gate
2026-04-30 16:12:17,551	DROP	031860	디에이치엑스컴퍼니	trend_gate
2026-04-30 16:12:17,922	DROP	222670	플럼라인생명과학	trend_gate
2026-04-30 16:12:18,287	DROP	011080	형지I&C	trend_gate
2026-04-30 16:12:18,685	DROP	067770	세진티에스	trend_gate
2026-04-30 16:12:19,031	DROP	344860	이노진	trend_gate
2026-04-30 16:12:19,413	DROP	032980	바이온	trend_gate
2026-04-30 16:12:19,786	DROP	043590	웰킵스하이텍	52w_ceiling_gate
2026-04-30 16:12:20,155	DROP	071950	코아스	trend_gate
2026-04-30 16:12:20,517	DROP	331660	한국미라클피플사	liquidity_gate:KOSDAQ
2026-04-30 16:12:20,881	DROP	035620	바른손이앤에이	trend_gate
2026-04-30 16:12:21,245	DROP	020400	대동금속	trend_gate
2026-04-30 16:12:21,722	DROP	025870	신라에스지	trend_gate
2026-04-30 16:12:22,087	DROP	008600	윌비스	trend_gate
2026-04-30 16:12:22,441	DROP	368970	오에스피	trend_gate
2026-04-30 16:12:22,810	DROP	009440	KC그린홀딩스	trend_gate
2026-04-30 16:12:23,190	DROP	069330	유아이디	trend_gate
2026-04-30 16:12:23,563	DROP	086220	광동헬스바이오	trend_gate
2026-04-30 16:12:23,907	DROP	052960	태양3C	trend_gate
2026-04-30 16:12:24,289	DROP	008290	원풍물산	trend_gate
2026-04-30 16:12:24,654	DROP	276730	한울앤제주	trend_gate
2026-04-30 16:12:25,022	DROP	476710	타조이엔터테인먼트	trend_gate
2026-04-30 16:12:25,380	DROP	241820	피씨엘	trend_gate
2026-04-30 16:12:25,746	DROP	035290	골드앤에스	trend_gate
2026-04-30 16:12:26,093	DROP	176590	코나솔	trend_gate
2026-04-30 16:12:26,463	DROP	012340	뉴인텍	trend_gate
2026-04-30 16:12:26,830	DROP	069920	엑시온그룹	trend_gate
2026-04-30 16:12:27,189	DROP	002070	비비안	trend_gate
2026-04-30 16:12:27,580	DROP	106520	노블엠앤비	trend_gate
2026-04-30 16:12:27,960	DROP	008500	일정실업	trend_gate
2026-04-30 16:12:28,341	DROP	032800	판타지오	trend_gate
2026-04-30 16:12:28,710	DROP	050090	비케이홀딩스	trend_gate
2026-04-30 16:12:29,078	DROP	009620	삼보산업	trend_gate
2026-04-30 16:12:29,438	DROP	250930	예선테크	trend_gate
2026-04-30 16:12:29,807	DROP	233250	메디안디노스틱	trend_gate
2026-04-30 16:12:30,185	DROP	079950	인베니아	trend_gate
2026-04-30 16:12:30,600	DROP	073190	듀오백	trend_gate
2026-04-30 16:12:30,987	DROP	030350	드래곤플라이	trend_gate
2026-04-30 16:12:31,398	DROP	900120	씨엑스아이	trend_gate
2026-04-30 16:12:31,735	DROP	368030	창대정밀	trend_gate
2026-04-30 16:12:32,102	DROP	188260	세니젠	trend_gate
2026-04-30 16:12:32,484	DROP	227100	프로브잇	trend_gate
2026-04-30 16:12:32,843	DROP	149010	아이케이세미콘	trend_gate
2026-04-30 16:12:33,200	DROP	225430	케이엠제약	trend_gate
2026-04-30 16:12:33,551	DROP	208850	이비테크	trend_gate
2026-04-30 16:12:33,900	DROP	379390	이성씨엔아이	trend_gate
2026-04-30 16:12:34,279	DROP	026910	광진실업	trend_gate
2026-04-30 16:12:34,647	DROP	351020	미쥬	trend_gate
2026-04-30 16:12:35,039	DROP	065060	지엔코	trend_gate
2026-04-30 16:12:35,404	DROP	302920	더콘텐츠온	trend_gate
2026-04-30 16:12:35,755	DROP	352770	셀레스트라	trend_gate
2026-04-30 16:12:36,128	DROP	121850	코이즈	trend_gate
2026-04-30 16:12:36,483	DROP	244460	올리패스	trend_gate
2026-04-30 16:12:36,827	DROP	0070X0	에스테크엠	insufficient_rows:4
2026-04-30 16:12:37,182	DROP	289170	바이오텐	trend_gate
2026-04-30 16:12:37,576	DROP	054180	메디콕스	trend_gate
2026-04-30 16:12:37,936	DROP	079190	케스피온	trend_gate
2026-04-30 16:12:38,304	DROP	065570	삼영이엔씨	trend_gate
2026-04-30 16:12:38,667	DROP	456190	큐라켐	trend_gate
2026-04-30 16:12:39,036	DROP	060240	스타코링크	trend_gate
2026-04-30 16:12:39,375	DROP	169670	코스텍시스템	trend_gate
2026-04-30 16:12:39,746	DROP	253610	루트락	trend_gate
2026-04-30 16:12:40,126	DROP	224760	엔에스컴퍼니	trend_gate
2026-04-30 16:12:40,525	DROP	114920	대주이엔티	liquidity_gate:KOSDAQ
2026-04-30 16:12:40,894	DROP	043100	알파AI	trend_gate
2026-04-30 16:12:41,254	DROP	238500	솔루믹스	trend_gate
2026-04-30 16:12:41,616	DROP	199150	데이터스트림즈	trend_gate
2026-04-30 16:12:41,980	DROP	106080	케이이엠텍	trend_gate
2026-04-30 16:12:42,352	DROP	145210	다이나믹디자인	trend_gate
2026-04-30 16:12:42,702	DROP	244880	나눔테크	trend_gate
2026-04-30 16:12:43,079	DROP	185190	수프로	trend_gate
2026-04-30 16:12:43,448	DROP	103660	씨앗	liquidity_gate:KOSDAQ
2026-04-30 16:12:43,822	DROP	189350	코셋	trend_gate
2026-04-30 16:12:44,190	DROP	178600	대동고려삼	trend_gate
2026-04-30 16:12:44,574	DROP	217320	썬테크	trend_gate
2026-04-30 16:12:44,918	DROP	447690	아이오바이오	trend_gate
2026-04-30 16:12:45,312	DROP	079970	투비소프트	trend_gate
2026-04-30 16:12:45,709	DROP	224810	엄지하우스	trend_gate
2026-04-30 16:12:46,072	DROP	212310	오건에코텍	trend_gate
2026-04-30 16:12:46,441	DROP	318660	타임기술	trend_gate
2026-04-30 16:12:46,858	DROP	236030	씨알푸드	liquidity_gate:KOSDAQ
2026-04-30 16:12:47,224	DROP	276040	스코넥	trend_gate
2026-04-30 16:12:47,584	DROP	199290	바이오프로테크	trend_gate
2026-04-30 16:12:47,935	DROP	066830	제노텍	trend_gate
2026-04-30 16:12:48,312	DROP	101390	아이엠	trend_gate
2026-04-30 16:12:48,682	DROP	215570	크로넥스	trend_gate
2026-04-30 16:12:49,051	DROP	234070	에이원큐브텍	trend_gate
2026-04-30 16:12:49,394	DROP	311960	인터로이드	trend_gate
2026-04-30 16:12:49,767	DROP	202960	판도라티비	trend_gate
2026-04-30 16:12:50,135	DROP	236340	메디젠휴먼케어	trend_gate
2026-04-30 16:12:50,499	DROP	251280	안지오랩	trend_gate
2026-04-30 16:12:50,851	DROP	276240	엘리비젼	trend_gate
2026-04-30 16:12:51,217	DROP	223220	로지스몬	trend_gate
2026-04-30 16:12:51,564	DROP	267080	세븐브로이맥주	trend_gate
2026-04-30 16:12:51,928	DROP	044180	KD	trend_gate
2026-04-30 16:12:52,289	DROP	313760	캐리	trend_gate
2026-04-30 16:12:52,638	DROP	266350	팡스카이	trend_gate
2026-04-30 16:12:53,006	DROP	258050	테크트랜스	trend_gate
2026-04-30 16:12:53,367	DROP	327610	펨토바이오메드	trend_gate
2026-04-30 16:12:53,724	DROP	346010	타이드	trend_gate
2026-04-30 16:12:54,136	DROP	092590	럭스피아	trend_gate
2026-04-30 16:12:54,525	DROP	136660	큐엠씨	trend_gate
2026-04-30 16:12:54,893	DROP	043090	더테크놀로지	trend_gate
2026-04-30 16:12:55,256	DROP	116100	태양기계	trend_gate
2026-04-30 16:12:55,657	DROP	052770	아이톡시	trend_gate
2026-04-30 16:12:56,029	DROP	217910	에스제이켐	trend_gate
2026-04-30 16:12:56,384	DROP	299480	지앤이헬스케어	trend_gate
2026-04-30 16:12:56,762	DROP	093510	엔지브이아이	trend_gate
2026-04-30 16:12:57,126	DROP	121060	유니포인트	trend_gate
2026-04-30 16:12:57,501	DROP	152550	한국ANKOR유전	trend_gate
2026-04-30 16:12:57,917	DROP	208890	미래엔에듀파트너	trend_gate
2026-04-30 16:12:58,275	DROP	390110	애니메디솔루션	trend_gate
2026-04-30 16:12:58,679	DROP	139050	BF랩스	trend_gate
2026-04-30 16:12:59,031	DROP	266470	바이오인프라생명과학	trend_gate
2026-04-30 16:12:59,370	DROP	413300	티엘엔지니어링	trend_gate
2026-04-30 16:12:59,718	DROP	332190	오션스바이오	trend_gate
2026-04-30 16:13:00,076	DROP	296520	가이아코퍼레이션	trend_gate
2026-04-30 16:13:00,463	DROP	140660	위월드	trend_gate
2026-04-30 16:13:00,818	DROP	448780	마이크로엔엑스	trend_gate
2026-04-30 16:13:01,187	DROP	245450	씨앤에스링크	trend_gate
2026-04-30 16:13:01,539	DROP	402420	켈스	trend_gate
2026-04-30 16:13:01,923	DROP	266170	레드우즈	trend_gate
2026-04-30 16:13:02,283	DROP	149300	아퓨어스	trend_gate
2026-04-30 16:13:02,638	DROP	279060	이노벡스	trend_gate
2026-04-30 16:13:03,015	DROP	217620	선샤인푸드	trend_gate
2026-04-30 16:13:03,029	DROP	079550	LIG디펜스앤에어로스페이스	foreign_flow_gate:<0.00
2026-04-30 16:13:03,029	DROP	017670	SK텔레콤	foreign_flow_gate:<0.00
2026-04-30 16:13:03,029	DROP	278470	에이피알	foreign_flow_gate:<0.00
2026-04-30 16:13:03,029	DROP	052690	한전기술	foreign_flow_gate:<0.00
2026-04-30 16:13:03,029	DROP	454910	두산로보틱스	foreign_flow_gate:<0.00
2026-04-30 16:13:03,029	DROP	001040	CJ	foreign_flow_gate:<0.00
2026-04-30 16:13:03,029	DROP	039030	이오테크닉스	foreign_flow_gate:<0.00
2026-04-30 16:13:03,029	DROP	353200	대덕전자	foreign_flow_gate:<0.00
2026-04-30 16:13:03,029	DROP	095340	ISC	foreign_flow_gate:<0.00
2026-04-30 16:13:03,029	DROP	357780	솔브레인	foreign_flow_gate:<0.00
2026-04-30 16:13:03,030	DROP	089030	테크윙	foreign_flow_gate:<0.00
2026-04-30 16:13:03,030	DROP	475150	SK이터닉스	foreign_flow_gate:<0.00
2026-04-30 16:13:03,030	DROP	038500	삼표시멘트	foreign_flow_gate:<0.00
2026-04-30 16:13:03,030	DROP	032500	케이엠더블유	foreign_flow_gate:<0.00
2026-04-30 16:13:03,030	DROP	033790	피노	foreign_flow_gate:<0.00
2026-04-30 16:13:03,030	DROP	006110	삼아알미늄	foreign_flow_gate:<0.00
2026-04-30 16:13:03,030	DROP	161000	애경케미칼	foreign_flow_gate:<0.00
2026-04-30 16:13:03,030	DROP	214430	아이쓰리시스템	foreign_flow_gate:<0.00
2026-04-30 16:13:03,030	DROP	368770	파이버프로	foreign_flow_gate:<0.00
2026-04-30 16:13:03,030	DROP	272290	이녹스첨단소재	foreign_flow_gate:<0.00
2026-04-30 16:13:03,030	DROP	033160	엠케이전자	foreign_flow_gate:<0.00
2026-04-30 16:13:03,030	DROP	010820	퍼스텍	foreign_flow_gate:<0.00
2026-04-30 16:13:03,031	DROP	354320	알멕	foreign_flow_gate:<0.00
2026-04-30 16:13:03,031	DROP	098070	한텍	foreign_flow_gate:<0.00
2026-04-30 16:13:03,031	DROP	080580	오킨스전자	foreign_flow_gate:<0.00
2026-04-30 16:13:03,031	DROP	036170	에이치엠넥스	foreign_flow_gate:<0.00
2026-04-30 16:13:03,031	DROP	046120	오르비텍	foreign_flow_gate:<0.00
2026-04-30 16:13:03,031	DROP	217730	강스템바이오텍	foreign_flow_gate:<0.00
2026-04-30 16:13:03,031	DROP	085910	네오티스	foreign_flow_gate:<0.00
2026-04-30 16:13:03,031	DROP	402490	그린리소스	foreign_flow_gate:<0.00
2026-04-30 16:13:03,031	DROP	456010	아이씨티케이	foreign_flow_gate:<0.00
2026-04-30 16:13:03,031	DROP	044450	KSS해운	foreign_flow_gate:<0.00
2026-04-30 16:13:03,031	DROP	388050	지투파워	foreign_flow_gate:<0.00
2026-04-30 16:13:03,031	DROP	289080	SV인베스트먼트	foreign_flow_gate:<0.00
2026-04-30 16:13:03,031	DROP	023900	풍국주정	foreign_flow_gate:<0.00
2026-04-30 16:13:03,031	DROP	448710	코츠테크놀로지	foreign_flow_gate:<0.00
2026-04-30 16:13:03,031	DROP	003010	혜인	foreign_flow_gate:<0.00
2026-05-13 15:53:02,374	DROP	005930	삼성전자	volume_drought_gate
2026-05-13 15:53:02,769	DROP	000660	SK하이닉스	volume_drought_gate
2026-05-13 15:53:03,129	DROP	402340	SK스퀘어	volume_drought_gate
2026-05-13 15:53:03,535	DROP	005380	현대차	volume_drought_gate
2026-05-13 15:53:03,907	DROP	373220	LG에너지솔루션	trend_gate
2026-05-13 15:53:04,294	DROP	034020	두산에너빌리티	trend_gate
2026-05-13 15:53:04,691	DROP	009150	삼성전기	volume_drought_gate
2026-05-13 15:53:05,088	DROP	329180	HD현대중공업	volume_drought_gate
2026-05-13 15:53:05,622	DROP	000270	기아	trend_gate
2026-05-13 15:53:06,041	DROP	028260	삼성물산	volume_drought_gate
2026-05-13 15:53:06,475	DROP	012450	한화에어로스페이스	trend_gate
2026-05-13 15:53:06,920	DROP	207940	삼성바이오로직스	trend_gate
2026-05-13 15:53:07,292	DROP	032830	삼성생명	volume_drought_gate
2026-05-13 15:53:07,679	DROP	012330	현대모비스	volume_drought_gate
2026-05-13 15:53:08,067	DROP	105560	KB금융	trend_gate
2026-05-13 15:53:08,432	DROP	006400	삼성SDI	volume_drought_gate
2026-05-13 15:53:08,812	DROP	267260	HD현대일렉트릭	volume_drought_gate
2026-05-13 15:53:09,196	DROP	055550	신한지주	trend_gate
2026-05-13 15:53:09,602	DROP	010120	LS ELECTRIC	volume_drought_gate
2026-05-13 15:53:09,982	DROP	068270	셀트리온	trend_gate
2026-05-13 15:53:10,345	DROP	006800	미래에셋증권	volume_drought_gate
2026-05-13 15:53:10,717	DROP	034730	SK	volume_drought_gate
2026-05-13 15:53:11,075	DROP	298040	효성중공업	volume_drought_gate
2026-05-13 15:53:11,434	DROP	042700	한미반도체	volume_drought_gate
2026-05-13 15:53:11,819	DROP	005490	POSCO홀딩스	volume_drought_gate
2026-05-13 15:53:12,183	DROP	042660	한화오션	trend_gate
2026-05-13 15:53:12,551	DROP	086790	하나금융지주	trend_gate
2026-05-13 15:53:12,924	DROP	009540	HD한국조선해양	volume_drought_gate
2026-05-13 15:53:13,313	DROP	035420	NAVER	trend_gate
2026-05-13 15:53:13,676	DROP	010130	고려아연	trend_gate
2026-05-13 15:53:14,034	DROP	066570	LG전자	volume_drought_gate
2026-05-13 15:53:14,416	DROP	051910	LG화학	trend_gate
2026-05-13 15:53:14,790	DROP	000150	두산	volume_drought_gate
2026-05-13 15:53:15,182	DROP	010140	삼성중공업	trend_gate
2026-05-13 15:53:15,547	DROP	015760	한국전력	trend_gate
2026-05-13 15:53:15,924	DROP	064350	현대로템	trend_gate
2026-05-13 15:53:16,294	DROP	267250	HD현대	volume_drought_gate
2026-05-13 15:53:16,672	DROP	316140	우리금융지주	trend_gate
2026-05-13 15:53:17,045	DROP	017670	SK텔레콤	volume_drought_gate
2026-05-13 15:53:17,435	DROP	003670	포스코퓨처엠	trend_gate
2026-05-13 15:53:17,799	DROP	000810	삼성화재	trend_gate
2026-05-13 15:53:18,306	DROP	096770	SK이노베이션	trend_gate
2026-05-13 15:53:18,678	DROP	086280	현대글로비스	volume_drought_gate
2026-05-13 15:53:19,042	DROP	272210	한화시스템	trend_gate
2026-05-13 15:53:19,414	DROP	033780	KT&G	volume_drought_gate
2026-05-13 15:53:19,771	DROP	247540	에코프로비엠	trend_gate
2026-05-13 15:53:20,118	DROP	079550	LIG디펜스앤에어로스페이스	trend_gate
2026-05-13 15:53:20,482	DROP	307950	현대오토에버	volume_drought_gate
2026-05-13 15:53:20,858	DROP	196170	알테오젠	trend_gate
2026-05-13 15:53:21,258	DROP	035720	카카오	trend_gate
2026-05-13 15:53:21,624	DROP	011200	HMM	trend_gate
2026-05-13 15:53:21,995	DROP	086520	에코프로	trend_gate
2026-05-13 15:53:22,362	DROP	000720	현대건설	trend_gate
2026-05-13 15:53:22,738	DROP	011070	LG이노텍	volume_drought_gate
2026-05-13 15:53:23,134	DROP	277810	레인보우로보틱스	volume_drought_gate
2026-05-13 15:53:23,504	DROP	003550	LG	volume_drought_gate
2026-05-13 15:53:23,881	DROP	024110	기업은행	trend_gate
2026-05-13 15:53:24,258	DROP	006260	LS	volume_drought_gate
2026-05-13 15:53:24,635	DROP	047810	한국항공우주	trend_gate
2026-05-13 15:53:25,002	DROP	278470	에이피알	trend_gate
2026-05-13 15:53:25,400	DROP	030200	KT	trend_gate
2026-05-13 15:53:25,765	DROP	071050	한국금융지주	trend_gate
2026-05-13 15:53:26,114	DROP	018260	삼성에스디에스	trend_gate
2026-05-13 15:53:26,462	DROP	259960	크래프톤	trend_gate
2026-05-13 15:53:26,829	DROP	010950	S-Oil	trend_gate
2026-05-13 15:53:27,201	DROP	047050	포스코인터내셔널	trend_gate
2026-05-13 15:53:27,559	DROP	0126Z0	삼성에피스홀딩스	insufficient_rows:114
2026-05-13 15:53:27,940	DROP	001440	대한전선	volume_drought_gate
2026-05-13 15:53:28,308	DROP	005940	NH투자증권	trend_gate
2026-05-13 15:53:28,688	DROP	047040	대우건설	trend_gate
2026-05-13 15:53:29,137	DROP	016360	삼성증권	volume_drought_gate
2026-05-13 15:53:29,539	DROP	039490	키움증권	trend_gate
2026-05-13 15:53:29,882	DROP	323410	카카오뱅크	trend_gate
2026-05-13 15:53:30,248	DROP	005830	DB손해보험	trend_gate
2026-05-13 15:53:30,612	DROP	950160	코오롱티슈진	volume_drought_gate
2026-05-13 15:53:31,001	DROP	028050	삼성E&A	trend_gate
2026-05-13 15:53:31,342	DROP	443060	HD현대마린솔루션	trend_gate
2026-05-13 15:53:31,731	DROP	352820	하이브	trend_gate
2026-05-13 15:53:32,100	DROP	000880	한화	volume_drought_gate
2026-05-13 15:53:32,481	DROP	003230	삼양식품	trend_gate
2026-05-13 15:53:32,858	DROP	007660	이수페타시스	trend_gate
2026-05-13 15:53:33,234	DROP	003490	대한항공	volume_drought_gate
2026-05-13 15:53:33,628	DROP	000250	삼천당제약	trend_gate
2026-05-13 15:53:38,718	DROP	058470	리노공업	trend_gate
2026-05-13 15:53:39,075	DROP	267270	HD건설기계	trend_gate
2026-05-13 15:53:39,459	DROP	000500	가온전선	volume_drought_gate
2026-05-13 15:53:39,863	DROP	000990	DB하이텍	volume_drought_gate
2026-05-13 15:53:44,873	DROP	326030	SK바이오팜	trend_gate
2026-05-13 15:53:45,256	DROP	180640	한진칼	trend_gate
2026-05-13 15:53:45,636	DROP	009830	한화솔루션	trend_gate
2026-05-13 15:53:46,029	DROP	141080	리가켐바이오	volume_drought_gate
2026-05-13 15:53:46,393	DROP	161390	한국타이어앤테크놀로지	trend_gate
2026-05-13 15:53:51,507	DROP	028300	HLB	trend_gate
2026-05-13 15:53:51,864	DROP	064400	LG씨엔에스	trend_gate
2026-05-13 15:53:52,494	DROP	090430	아모레퍼시픽	trend_gate
2026-05-13 15:53:52,899	DROP	034220	LG디스플레이	trend_gate
2026-05-13 15:53:53,249	DROP	377300	카카오페이	trend_gate
2026-05-13 15:53:53,734	DROP	298380	에이비엘바이오	trend_gate
2026-05-13 15:53:54,114	DROP	000100	유한양행	trend_gate
2026-05-13 15:53:54,530	DROP	066970	엘앤에프	trend_gate
2026-05-13 15:53:54,921	DROP	241560	두산밥캣	trend_gate
2026-05-13 15:53:55,299	DROP	021240	코웨이	trend_gate
2026-05-13 15:53:55,708	DROP	103590	일진전기	volume_drought_gate
2026-05-13 15:53:56,088	DROP	078930	GS	trend_gate
2026-05-13 15:53:56,518	DROP	032640	LG유플러스	trend_gate
2026-05-13 15:53:56,869	DROP	454910	두산로보틱스	volume_drought_gate
2026-05-13 15:53:57,245	DROP	082740	한화엔진	volume_drought_gate
2026-05-13 15:53:57,608	DROP	240810	원익IPS	volume_drought_gate
2026-05-13 15:53:57,999	DROP	010060	OCI홀딩스	volume_drought_gate
2026-05-13 15:53:58,421	DROP	087010	펩트론	trend_gate
2026-05-13 15:53:58,837	DROP	336260	두산퓨얼셀	volume_drought_gate
2026-05-13 15:53:59,258	DROP	052690	한전기술	trend_gate
2026-05-13 15:53:59,660	DROP	001040	CJ	trend_gate
2026-05-13 15:54:00,095	DROP	004020	현대제철	volume_drought_gate
2026-05-13 15:54:00,545	DROP	039030	이오테크닉스	trend_gate
2026-05-13 15:54:00,935	DROP	128940	한미약품	trend_gate
2026-05-13 15:54:01,311	DROP	036570	NC	volume_drought_gate
2026-05-13 15:54:01,698	DROP	029780	삼성카드	trend_gate
2026-05-13 15:54:02,097	DROP	011790	SKC	volume_drought_gate
2026-05-13 15:54:02,466	DROP	271560	오리온	trend_gate
2026-05-13 15:54:02,873	DROP	088980	맥쿼리인프라	trend_gate
2026-05-13 15:54:03,278	DROP	138930	BNK금융지주	trend_gate
2026-05-13 15:54:03,643	DROP	108490	로보티즈	volume_drought_gate
2026-05-13 15:54:04,051	DROP	214370	케어젠	trend_gate
2026-05-13 15:54:04,471	DROP	095340	ISC	volume_drought_gate
2026-05-13 15:54:04,849	DROP	018880	한온시스템	volume_drought_gate
2026-05-13 15:54:05,216	DROP	022100	포스코DX	trend_gate
2026-05-13 15:54:05,584	DROP	002380	KCC	volume_drought_gate
2026-05-13 15:54:05,932	DROP	440110	파두	volume_drought_gate
2026-05-13 15:54:06,289	DROP	310210	보로노이	trend_gate
2026-05-13 15:54:06,656	DROP	319400	현대무벡스	volume_drought_gate
2026-05-13 15:54:07,021	DROP	450080	에코프로머티	trend_gate
2026-05-13 15:54:07,403	DROP	175330	JB금융지주	trend_gate
2026-05-13 15:54:07,779	DROP	023530	롯데쇼핑	volume_drought_gate
2026-05-13 15:54:08,145	DROP	004170	신세계	volume_drought_gate
2026-05-13 15:54:13,203	DROP	088350	한화생명	52w_ceiling_gate
2026-05-13 15:54:13,608	DROP	222800	심텍	volume_drought_gate
2026-05-13 15:54:13,984	DROP	004800	효성	volume_drought_gate
2026-05-13 15:54:14,327	DROP	489790	한화비전	trend_gate
2026-05-13 15:54:14,690	DROP	178320	서진시스템	volume_drought_gate
2026-05-13 15:54:15,068	DROP	051900	LG생활건강	trend_gate
2026-05-13 15:54:15,428	DROP	010170	대한광통신	volume_drought_gate
2026-05-13 15:54:15,793	DROP	014680	한솔케미칼	volume_drought_gate
2026-05-13 15:54:16,158	DROP	064760	티씨케이	volume_drought_gate
2026-05-13 15:54:16,548	DROP	011170	롯데케미칼	trend_gate
2026-05-13 15:54:16,930	DROP	357780	솔브레인	volume_drought_gate
2026-05-13 15:54:17,306	DROP	012510	더존비즈온	trend_gate
2026-05-13 15:54:17,678	DROP	017800	현대엘리베이터	trend_gate
2026-05-13 15:54:18,054	DROP	011780	금호석유화학	volume_drought_gate
2026-05-13 15:54:18,440	DROP	020150	롯데에너지머티리얼즈	volume_drought_gate
2026-05-13 15:54:18,810	DROP	131970	두산테스나	volume_drought_gate
2026-05-13 15:54:19,215	DROP	111770	영원무역	trend_gate
2026-05-13 15:54:19,621	DROP	036460	한국가스공사	trend_gate
2026-05-13 15:54:20,071	DROP	251270	넷마블	trend_gate
2026-05-13 15:54:20,436	DROP	145020	휴젤	trend_gate
2026-05-13 15:54:20,851	DROP	035250	강원랜드	trend_gate
2026-05-13 15:54:21,222	DROP	214150	클래시스	trend_gate
2026-05-13 15:54:21,588	DROP	263750	펄어비스	trend_gate
2026-05-13 15:54:21,959	DROP	028670	팬오션	volume_drought_gate
2026-05-13 15:54:22,332	DROP	214450	파마리서치	trend_gate
2026-05-13 15:54:22,695	DROP	319660	피에스케이	volume_drought_gate
2026-05-13 15:54:23,068	DROP	302440	SK바이오사이언스	trend_gate
2026-05-13 15:54:23,423	DROP	457190	이수스페셜티케미컬	trend_gate
2026-05-13 15:54:23,783	DROP	375500	DL이앤씨	trend_gate
2026-05-13 15:54:24,176	DROP	005850	에스엘	volume_drought_gate
2026-05-13 15:54:25,099	DROP	043260	성호전자	trend_gate
2026-05-13 15:54:25,710	DROP	226950	올릭스	trend_gate
2026-05-13 15:54:26,721	DROP	097950	CJ제일제당	trend_gate
2026-05-13 15:54:27,350	DROP	383220	F&F	trend_gate
2026-05-13 15:54:27,934	DROP	483650	달바글로벌	volume_drought_gate
2026-05-13 15:54:28,519	DROP	032820	우리기술	trend_gate
2026-05-13 15:54:28,955	DROP	031210	서울보증보험	trend_gate
2026-05-13 15:54:29,397	DROP	084370	유진테크	trend_gate
2026-05-13 15:54:30,418	DROP	001720	신영증권	trend_gate
2026-05-13 15:54:36,354	DROP	347850	디앤디파마텍	trend_gate
2026-05-13 15:54:36,852	DROP	237690	에스티팜	trend_gate
2026-05-13 15:54:37,273	DROP	204320	HL만도	volume_drought_gate
2026-05-13 15:54:37,638	DROP	005290	동진쎄미켐	trend_gate
2026-05-13 15:54:38,023	DROP	058610	에스피지	volume_drought_gate
2026-05-13 15:54:38,397	DROP	139130	iM금융지주	trend_gate
2026-05-13 15:54:38,771	DROP	071970	HD현대마린엔진	trend_gate
2026-05-13 15:54:39,172	DROP	139480	이마트	volume_drought_gate
2026-05-13 15:54:39,548	DROP	067310	하나마이크론	volume_drought_gate
2026-05-13 15:54:39,990	DROP	031980	피에스케이홀딩스	volume_drought_gate
2026-05-13 15:54:40,359	DROP	098460	고영	volume_drought_gate
2026-05-13 15:54:40,708	DROP	229640	LS에코에너지	volume_drought_gate
2026-05-13 15:54:41,043	DROP	439260	대한조선	insufficient_rows:189
2026-05-13 15:54:41,427	DROP	006360	GS건설	trend_gate
2026-05-13 15:54:41,897	DROP	218410	RFHIC	volume_drought_gate
2026-05-13 15:54:47,034	DROP	004990	롯데지주	trend_gate
2026-05-13 15:54:52,130	DROP	012750	에스원	trend_gate
2026-05-13 15:54:52,540	DROP	011210	현대위아	volume_drought_gate
2026-05-13 15:54:52,904	DROP	0009K0	에임드바이오	insufficient_rows:106
2026-05-13 15:54:53,299	DROP	009970	영원무역홀딩스	trend_gate
2026-05-13 15:54:53,691	DROP	001430	세아베스틸지주	volume_drought_gate
2026-05-13 15:54:54,090	DROP	083650	비에이치아이	trend_gate
2026-05-13 15:54:54,510	DROP	001450	현대해상	trend_gate
2026-05-13 15:54:54,901	DROP	120110	코오롱인더	trend_gate
2026-05-13 15:54:55,297	DROP	103140	풍산	trend_gate
2026-05-13 15:54:55,715	DROP	018670	SK가스	liquidity_gate:KOSPI
2026-05-13 15:54:56,099	DROP	051600	한전KPS	trend_gate
2026-05-13 15:54:56,495	DROP	257720	실리콘투	trend_gate
2026-05-13 15:54:56,881	DROP	007810	코리아써키트	volume_drought_gate
2026-05-13 15:54:57,266	DROP	069960	현대백화점	volume_drought_gate
2026-05-13 15:54:57,675	DROP	026960	동서	trend_gate
2026-05-13 15:54:58,104	DROP	030530	원익홀딩스	trend_gate
2026-05-13 15:54:58,499	DROP	008770	호텔신라	volume_drought_gate
2026-05-13 15:54:58,888	DROP	095610	테스	volume_drought_gate
2026-05-13 15:55:04,032	DROP	008930	한미사이언스	trend_gate
2026-05-13 15:55:04,459	DROP	140410	메지온	trend_gate
2026-05-13 15:55:04,972	DROP	282330	BGF리테일	liquidity_gate:KOSPI
2026-05-13 15:55:05,443	DROP	009420	한올바이오파마	trend_gate
2026-05-13 15:55:05,820	DROP	161890	한국콜마	volume_drought_gate
2026-05-13 15:55:06,195	DROP	005440	현대지에프홀딩스	liquidity_gate:KOSPI
2026-05-13 15:55:06,567	DROP	112610	씨에스윈드	trend_gate
2026-05-13 15:55:06,955	DROP	068760	셀트리온제약	trend_gate
2026-05-13 15:55:07,311	DROP	279570	케이뱅크	insufficient_rows:48
2026-05-13 15:55:07,706	DROP	017960	한국카본	trend_gate
2026-05-13 15:55:08,103	DROP	000240	한국앤컴퍼니	trend_gate
2026-05-13 15:55:08,473	DROP	097230	HJ중공업	trend_gate
2026-05-13 15:55:08,847	DROP	007070	GS리테일	liquidity_gate:KOSPI
2026-05-13 15:55:09,272	DROP	004370	농심	trend_gate
2026-05-13 15:55:09,661	DROP	078600	대주전자재료	trend_gate
2026-05-13 15:55:10,065	DROP	000120	CJ대한통운	trend_gate
2026-05-13 15:55:10,442	DROP	030000	제일기획	trend_gate
2026-05-13 15:55:10,840	DROP	323280	태성	trend_gate
2026-05-13 15:55:11,289	DROP	476830	알지노믹스	insufficient_rows:96
2026-05-13 15:55:11,704	DROP	089030	테크윙	trend_gate
2026-05-13 15:55:12,083	DROP	347700	스피어	trend_gate
2026-05-13 15:55:12,494	DROP	192820	코스맥스	trend_gate
2026-05-13 15:55:12,875	DROP	131290	티에스이	volume_drought_gate
2026-05-13 15:55:13,290	DROP	003690	코리안리	trend_gate
2026-05-13 15:55:13,678	DROP	060370	LS마린솔루션	volume_drought_gate
2026-05-13 15:55:14,071	DROP	080220	제주반도체	volume_drought_gate
2026-05-13 15:55:14,478	DROP	035900	JYP Ent.	trend_gate
2026-05-13 15:55:14,854	DROP	140860	파크시스템스	volume_drought_gate
2026-05-13 15:55:15,252	DROP	077970	STX엔진	trend_gate
2026-05-13 15:55:15,628	DROP	183300	코미코	volume_drought_gate
2026-05-13 15:55:16,011	DROP	041510	에스엠	trend_gate
2026-05-13 15:55:16,410	DROP	298020	효성티앤씨	trend_gate
2026-05-13 15:55:16,796	DROP	085620	미래에셋생명	trend_gate
2026-05-13 15:55:17,187	DROP	081660	미스토홀딩스	trend_gate
2026-05-13 15:55:17,622	DROP	002790	아모레퍼시픽홀딩스	trend_gate
2026-05-13 15:55:22,713	DROP	101490	에스앤에스텍	trend_gate
2026-05-13 15:55:23,099	DROP	023590	다우기술	trend_gate
2026-05-13 15:55:23,563	DROP	005070	코스모신소재	trend_gate
2026-05-13 15:55:23,973	DROP	189300	인텔리안테크	volume_drought_gate
2026-05-13 15:55:24,365	DROP	039200	오스코텍	trend_gate
2026-05-13 15:55:24,749	DROP	361610	SK아이이테크놀로지	trend_gate
2026-05-13 15:55:25,165	DROP	003540	대신증권	trend_gate
2026-05-13 15:55:25,567	DROP	462870	시프트업	trend_gate
2026-05-13 15:55:25,988	DROP	001120	LX인터내셔널	trend_gate
2026-05-13 15:55:26,402	DROP	099320	쎄트렉아이	trend_gate
2026-05-13 15:55:26,758	DROP	437730	삼현	volume_drought_gate
2026-05-13 15:55:27,132	DROP	003570	SNT다이내믹스	trend_gate
2026-05-13 15:55:27,474	DROP	491000	리브스메드	insufficient_rows:92
2026-05-13 15:55:27,855	DROP	038500	삼표시멘트	trend_gate
2026-05-13 15:55:28,197	DROP	475150	SK이터닉스	trend_gate
2026-05-13 15:55:28,540	DROP	475830	오름테라퓨틱	trend_gate
2026-05-13 15:55:28,942	DROP	006040	동원산업	trend_gate
2026-05-13 15:55:29,305	DROP	232140	와이씨	trend_gate
2026-05-13 15:55:29,694	DROP	006280	녹십자	trend_gate
2026-05-13 15:55:30,042	DROP	420770	기가비스	volume_drought_gate
2026-05-13 15:55:30,387	DROP	417200	LS머트리얼즈	trend_gate
2026-05-13 15:55:30,818	DROP	445680	큐리옥스바이오시스템즈	trend_gate
2026-05-13 15:55:31,198	DROP	069620	대웅제약	trend_gate
2026-05-13 15:55:31,601	DROP	166090	하나머티리얼즈	volume_drought_gate
2026-05-13 15:55:32,043	DROP	030610	교보증권	trend_gate
2026-05-13 15:55:32,418	DROP	003530	한화투자증권	trend_gate
2026-05-13 15:55:32,805	DROP	090710	휴림로봇	trend_gate
2026-05-13 15:55:33,157	DROP	397030	에이프릴바이오	volume_drought_gate
2026-05-13 15:55:33,548	DROP	290650	엘앤씨바이오	trend_gate
2026-05-13 15:55:33,887	DROP	458870	씨어스	trend_gate
2026-05-13 15:55:34,270	DROP	294870	IPARK현대산업개발	trend_gate
2026-05-13 15:55:34,655	DROP	004000	롯데정밀화학	trend_gate
2026-05-13 15:55:35,044	DROP	195870	해성디에스	volume_drought_gate
2026-05-13 15:55:35,423	DROP	032350	롯데관광개발	trend_gate
2026-05-13 15:55:35,803	DROP	281820	케이씨텍	volume_drought_gate
2026-05-13 15:55:36,212	DROP	096530	씨젠	trend_gate
2026-05-13 15:55:36,603	DROP	001800	오리온홀딩스	trend_gate
2026-05-13 15:55:37,002	DROP	012630	HDC	trend_gate
2026-05-13 15:55:37,394	DROP	089970	브이엠	volume_drought_gate
2026-05-13 15:55:37,790	DROP	195940	HK이노엔	trend_gate
2026-05-13 15:55:38,355	DROP	073240	금호타이어	trend_gate
2026-05-13 15:55:38,833	DROP	032500	케이엠더블유	volume_drought_gate
2026-05-13 15:55:39,294	DROP	020560	아시아나항공	trend_gate
2026-05-13 15:55:39,709	DROP	127120	제이에스링크	trend_gate
2026-05-13 15:55:40,124	DROP	034230	파라다이스	trend_gate
2026-05-13 15:55:40,542	DROP	065350	신성델타테크	trend_gate
2026-05-13 15:55:40,953	DROP	007310	오뚜기	trend_gate
2026-05-13 15:55:41,344	DROP	085660	차바이오텍	trend_gate
2026-05-13 15:55:41,777	DROP	003380	하림지주	trend_gate
2026-05-13 15:55:42,240	DROP	100090	SK오션플랜트	trend_gate
2026-05-13 15:55:42,650	DROP	281740	레이크머티리얼즈	trend_gate
2026-05-13 15:55:43,014	DROP	036540	SFA반도체	trend_gate
2026-05-13 15:55:43,410	DROP	000210	DL	trend_gate
2026-05-13 15:55:43,800	DROP	003470	유안타증권	volume_drought_gate
2026-05-13 15:55:44,137	DROP	439960	코스모로보틱스	insufficient_rows:3
2026-05-13 15:55:44,522	DROP	093370	후성	trend_gate
2026-05-13 15:55:44,877	DROP	490470	세미파이브	insufficient_rows:90
2026-05-13 15:55:45,265	DROP	033790	피노	volume_drought_gate
2026-05-13 15:55:45,618	DROP	160190	하이젠알앤엠	trend_gate
2026-05-13 15:55:46,019	DROP	124500	아이티센글로벌	trend_gate
2026-05-13 15:55:46,443	DROP	161580	필옵틱스	volume_drought_gate
2026-05-13 15:55:46,841	DROP	082640	동양생명	trend_gate
2026-05-13 15:55:47,259	DROP	036830	솔브레인홀딩스	trend_gate
2026-05-13 15:55:47,652	DROP	083450	GST	volume_drought_gate
2026-05-13 15:55:48,059	DROP	213420	덕산네오룩스	trend_gate
2026-05-13 15:55:53,137	DROP	001740	SK네트웍스	volume_drought_gate
2026-05-13 15:55:53,557	DROP	003090	대웅	trend_gate
2026-05-13 15:55:53,909	DROP	415640	KB발해인프라	liquidity_gate:KOSPI
2026-05-13 15:55:54,337	DROP	181710	NHN	trend_gate
2026-05-13 15:55:54,811	DROP	192080	더블유게임즈	trend_gate
2026-05-13 15:55:55,166	DROP	388210	씨엠티엑스	insufficient_rows:116
2026-05-13 15:55:55,548	DROP	126340	비나텍	volume_drought_gate
2026-05-13 15:55:55,907	DROP	204270	제이앤티씨	trend_gate
2026-05-13 15:55:56,296	DROP	052020	에스티큐브	trend_gate
2026-05-13 15:55:56,687	DROP	033100	제룡전기	volume_drought_gate
2026-05-13 15:55:57,062	DROP	048410	현대바이오	trend_gate
2026-05-13 15:55:57,471	DROP	003240	태광산업	trend_gate
2026-05-13 15:55:57,834	DROP	388720	유일로보틱스	52w_ceiling_gate
2026-05-13 15:55:58,200	DROP	466100	클로봇	trend_gate
2026-05-13 15:55:58,581	DROP	300720	한일시멘트	trend_gate
2026-05-13 15:55:58,959	DROP	007390	네이처셀	trend_gate
2026-05-13 15:55:59,343	DROP	199800	툴젠	volume_drought_gate
2026-05-13 15:55:59,728	DROP	137400	피엔티	trend_gate
2026-05-13 15:56:04,762	DROP	000670	영풍	trend_gate
2026-05-13 15:56:05,118	DROP	295310	에이치브이엠	volume_drought_gate
2026-05-13 15:56:10,192	DROP	000080	하이트진로	trend_gate
2026-05-13 15:56:10,555	DROP	089860	롯데렌탈	trend_gate
2026-05-13 15:56:10,892	DROP	456160	지투지바이오	insufficient_rows:180
2026-05-13 15:56:11,263	DROP	222080	씨아이에스	trend_gate
2026-05-13 15:56:11,634	DROP	115180	큐리언트	trend_gate
2026-05-13 15:56:12,001	DROP	185750	종근당	trend_gate
2026-05-13 15:56:12,338	DROP	376900	로킷헬스케어	trend_gate
2026-05-13 15:56:12,699	DROP	005690	파미셀	trend_gate
2026-05-13 15:56:13,062	DROP	280360	롯데웰푸드	trend_gate
2026-05-13 15:56:13,435	DROP	100840	SNT에너지	trend_gate
2026-05-13 15:56:13,816	DROP	056190	에스에프에이	trend_gate
2026-05-13 15:56:14,219	DROP	005300	롯데칠성	trend_gate
2026-05-13 15:56:19,227	DROP	496320	본시스템즈	insufficient_rows:164
2026-05-13 15:56:19,619	DROP	001510	SK증권	trend_gate
2026-05-13 15:56:20,017	DROP	046890	서울반도체	volume_drought_gate
2026-05-13 15:56:20,406	DROP	298050	HS효성첨단소재	trend_gate
2026-05-13 15:56:20,844	DROP	033240	자화전자	volume_drought_gate
2026-05-13 15:56:21,213	DROP	090460	비에이치	trend_gate
2026-05-13 15:56:21,603	DROP	248070	솔루엠	volume_drought_gate
2026-05-13 15:56:22,026	DROP	009450	경동나비엔	trend_gate
2026-05-13 15:56:22,432	DROP	108320	LX세미콘	trend_gate
2026-05-13 15:56:22,808	DROP	057050	현대홈쇼핑	liquidity_gate:KOSPI
2026-05-13 15:56:23,234	DROP	075580	세진중공업	trend_gate
2026-05-13 15:56:23,651	DROP	050890	쏠리드	trend_gate
2026-05-13 15:56:24,083	DROP	476060	온코닉테라퓨틱스	volume_drought_gate
2026-05-13 15:56:24,586	DROP	056080	유진로봇	trend_gate
2026-05-13 15:56:24,949	DROP	094170	동운아나텍	volume_drought_gate
2026-05-13 15:56:30,057	DROP	053610	프로텍	volume_drought_gate
2026-05-13 15:56:30,451	DROP	192400	쿠쿠홀딩스	trend_gate
2026-05-13 15:56:30,869	DROP	074600	원익QnC	volume_drought_gate
2026-05-13 15:56:31,249	DROP	086450	동국제약	trend_gate
2026-05-13 15:56:31,649	DROP	293490	카카오게임즈	trend_gate
2026-05-13 15:56:32,009	DROP	499790	GS피앤엘	trend_gate
2026-05-13 15:56:32,387	DROP	035760	CJ ENM	trend_gate
2026-05-13 15:56:32,780	DROP	023160	태광	trend_gate
2026-05-13 15:56:33,178	DROP	006120	SK디스커버리	trend_gate
2026-05-13 15:56:33,560	DROP	031330	에스에이엠티	volume_drought_gate
2026-05-13 15:56:33,919	DROP	137310	에스디바이오센서	trend_gate
2026-05-13 15:56:34,311	DROP	014620	성광벤드	trend_gate
2026-05-13 15:56:34,696	DROP	006650	대한유화	trend_gate
2026-05-13 15:56:35,047	DROP	348340	뉴로메카	52w_ceiling_gate
2026-05-13 15:56:35,434	DROP	122870	와이지엔터테인먼트	trend_gate
2026-05-13 15:56:35,804	DROP	241710	코스메카코리아	volume_drought_gate
2026-05-13 15:56:36,143	DROP	079900	전진건설로봇	trend_gate
2026-05-13 15:56:36,476	DROP	484870	엠앤씨솔루션	trend_gate
2026-05-13 15:56:36,852	DROP	002020	코오롱	liquidity_gate:KOSPI
2026-05-13 15:56:37,232	DROP	171090	선익시스템	trend_gate
2026-05-13 15:56:37,609	DROP	121600	나노신소재	trend_gate
2026-05-13 15:56:38,031	DROP	044490	태웅	trend_gate
2026-05-13 15:56:38,402	DROP	036530	SNT홀딩스	trend_gate
2026-05-13 15:56:38,823	DROP	253450	스튜디오드래곤	trend_gate
2026-05-13 15:56:39,195	DROP	064960	SNT모티브	trend_gate
2026-05-13 15:56:39,572	DROP	025540	한국단자	liquidity_gate:KOSPI
2026-05-13 15:56:39,952	DROP	003160	디아이	trend_gate
2026-05-13 15:56:40,330	DROP	052400	코나아이	trend_gate
2026-05-13 15:56:40,686	DROP	358570	지아이이노베이션	trend_gate
2026-05-13 15:56:41,082	DROP	078160	메디포스트	trend_gate
2026-05-13 15:56:41,462	DROP	082270	젬백스	trend_gate
2026-05-13 15:56:41,831	DROP	285130	SK케미칼	trend_gate
2026-05-13 15:56:42,197	DROP	071320	지역난방공사	trend_gate
2026-05-13 15:56:42,578	DROP	004490	세방전지	trend_gate
2026-05-13 15:56:42,931	DROP	178920	PI첨단소재	liquidity_gate:KOSPI
2026-05-13 15:56:43,306	DROP	059090	미코	volume_drought_gate
2026-05-13 15:56:43,663	DROP	348370	엔켐	trend_gate
2026-05-13 15:56:44,025	DROP	365340	성일하이텍	trend_gate
2026-05-13 15:56:44,414	DROP	036810	에프에스티	trend_gate
2026-05-13 15:56:49,528	DROP	006730	서부T&D	trend_gate
2026-05-13 15:56:49,902	DROP	010780	아이에스동서	trend_gate
2026-05-13 15:56:50,273	DROP	009240	한샘	trend_gate
2026-05-13 15:56:50,650	DROP	011930	신성이엔지	trend_gate
2026-05-13 15:56:51,004	DROP	399720	가온칩스	volume_drought_gate
2026-05-13 15:56:51,381	DROP	032190	다우데이타	trend_gate
2026-05-13 15:56:51,737	DROP	174900	앱클론	trend_gate
2026-05-13 15:56:52,114	DROP	003850	보령	trend_gate
2026-05-13 15:56:52,497	DROP	079160	CJ CGV	trend_gate
2026-05-13 15:56:52,875	DROP	009520	포스코엠텍	trend_gate
2026-05-13 15:56:53,248	DROP	030190	NICE평가정보	trend_gate
2026-05-13 15:56:53,618	DROP	336370	솔루스첨단소재	trend_gate
2026-05-13 15:56:53,993	DROP	214320	이노션	liquidity_gate:KOSPI
2026-05-13 15:56:54,376	DROP	003620	KG모빌리티	trend_gate
2026-05-13 15:56:54,712	DROP	0011T0	채비	insufficient_rows:9
2026-05-13 15:56:55,083	DROP	005880	대한해운	trend_gate
2026-05-13 15:56:55,455	DROP	102940	코오롱생명과학	liquidity_gate:KOSDAQ
2026-05-13 15:56:55,833	DROP	005250	녹십자홀딩스	trend_gate
2026-05-13 15:56:56,186	DROP	425420	티에프이	trend_gate
2026-05-13 15:56:56,577	DROP	003030	세아제강지주	trend_gate
2026-05-13 15:56:56,968	DROP	001270	부국증권	trend_gate
2026-05-13 15:56:57,332	DROP	102710	이엔에프테크놀로지	trend_gate
2026-05-13 15:56:57,706	DROP	060250	NHN KCP	trend_gate
2026-05-13 15:56:58,059	DROP	252990	샘씨엔에스	trend_gate
2026-05-13 15:56:58,439	DROP	005090	SGC에너지	trend_gate
2026-05-13 15:56:58,769	DROP	317450	명인제약	insufficient_rows:147
2026-05-13 15:56:59,114	DROP	368770	파이버프로	trend_gate
2026-05-13 15:56:59,486	DROP	086900	메디톡스	trend_gate
2026-05-13 15:56:59,865	DROP	00104K	CJ4우(전환)	trend_gate
2026-05-13 15:57:00,239	DROP	024850	HLB이노베이션	trend_gate
2026-05-13 15:57:00,620	DROP	033500	동성화인텍	trend_gate
2026-05-13 15:57:00,975	DROP	448900	한국피아이엠	trend_gate
2026-05-13 15:57:01,361	DROP	033640	네패스	volume_drought_gate
2026-05-13 15:57:01,730	DROP	000370	한화손해보험	trend_gate
2026-05-13 15:57:02,107	DROP	112040	위메이드	trend_gate
2026-05-13 15:57:02,485	DROP	090360	로보스타	52w_ceiling_gate
2026-05-13 15:57:02,934	DROP	007700	F&F홀딩스	trend_gate
2026-05-13 15:57:03,291	DROP	389470	인벤티지랩	trend_gate
2026-05-13 15:57:03,665	DROP	348210	넥스틴	trend_gate
2026-05-13 15:57:04,018	DROP	336570	원텍	trend_gate
2026-05-13 15:57:04,403	DROP	249420	일동제약	trend_gate
2026-05-13 15:57:04,794	DROP	015750	성우하이텍	trend_gate
2026-05-13 15:57:05,170	DROP	015860	일진홀딩스	liquidity_gate:KOSPI
2026-05-13 15:57:05,565	DROP	093050	LF	trend_gate
2026-05-13 15:57:05,963	DROP	389500	에스비비테크	volume_drought_gate
2026-05-13 15:57:06,357	DROP	225570	넥슨게임즈	trend_gate
2026-05-13 15:57:06,730	DROP	452260	한화갤러리아	volume_drought_gate
2026-05-13 15:57:07,105	DROP	114090	GKL	trend_gate
2026-05-13 15:57:07,490	DROP	014820	동원시스템즈	trend_gate
2026-05-13 15:57:07,847	DROP	092190	서울바이오시스	volume_drought_gate
2026-05-13 15:57:08,215	DROP	053800	안랩	trend_gate
2026-05-13 15:57:08,604	DROP	001680	대상	trend_gate
2026-05-13 15:57:09,013	DROP	069260	TKG휴켐스	trend_gate
2026-05-13 15:57:09,399	DROP	001500	현대차증권	trend_gate
2026-05-13 15:57:09,760	DROP	253590	네오셈	trend_gate
2026-05-13 15:57:10,103	DROP	475960	토모큐브	trend_gate
2026-05-13 15:57:10,471	DROP	001060	JW중외제약	trend_gate
2026-05-13 15:57:10,845	DROP	003280	흥아해운	trend_gate
2026-05-13 15:57:11,224	DROP	200710	에이디테크놀로지	trend_gate
2026-05-13 15:57:11,622	DROP	089890	코세스	volume_drought_gate
2026-05-13 15:57:11,995	DROP	089010	켐트로닉스	volume_drought_gate
2026-05-13 15:57:12,367	DROP	278280	천보	trend_gate
2026-05-13 15:57:12,750	DROP	272290	이녹스첨단소재	trend_gate
2026-05-13 15:57:13,132	DROP	017940	E1	trend_gate
2026-05-13 15:57:13,521	DROP	161000	애경케미칼	trend_gate
2026-05-13 15:57:13,856	DROP	217590	티엠씨	insufficient_rows:99
2026-05-13 15:57:14,227	DROP	001820	삼화콘덴서	trend_gate
2026-05-13 15:57:14,586	DROP	332570	PS일렉트로닉스	volume_drought_gate
2026-05-13 15:57:15,021	DROP	002350	넥센타이어	trend_gate
2026-05-13 15:57:15,515	DROP	016380	KG스틸	liquidity_gate:KOSPI
2026-05-13 15:57:15,882	DROP	058650	세아홀딩스	trend_gate
2026-05-13 15:57:16,256	DROP	005180	빙그레	trend_gate
2026-05-13 15:57:16,587	DROP	486990	노타	insufficient_rows:129
2026-05-13 15:57:16,966	DROP	214430	아이쓰리시스템	trend_gate
2026-05-13 15:57:17,356	DROP	017900	광전자	trend_gate
2026-05-13 15:57:17,717	DROP	460860	동국제강	volume_drought_gate
2026-05-13 15:57:18,096	DROP	002840	미원상사	trend_gate
2026-05-13 15:57:23,125	DROP	460930	현대힘스	trend_gate
2026-05-13 15:57:23,482	DROP	383800	LX홀딩스	trend_gate
2026-05-13 15:57:23,866	DROP	033160	엠케이전자	trend_gate
2026-05-13 15:57:24,222	DROP	376300	디어유	trend_gate
2026-05-13 15:57:24,611	DROP	041960	코미팜	trend_gate
2026-05-13 15:57:24,940	DROP	125490	한라캐스트	insufficient_rows:177
2026-05-13 15:57:25,308	DROP	000640	동아쏘시오홀딩스	trend_gate
2026-05-13 15:57:25,692	DROP	025980	아난티	trend_gate
2026-05-13 15:57:26,070	DROP	001570	금양	trend_gate
2026-05-13 15:57:26,429	DROP	009900	명신산업	trend_gate
2026-05-13 15:57:26,813	DROP	039130	하나투어	trend_gate
2026-05-13 15:57:27,210	DROP	104830	원익머트리얼즈	trend_gate
2026-05-13 15:57:27,618	DROP	008060	대덕	liquidity_gate:KOSPI
2026-05-13 15:57:27,996	DROP	372320	큐로셀	trend_gate
2026-05-13 15:57:28,386	DROP	006380	카프로	trend_gate
2026-05-13 15:57:28,773	DROP	330860	네패스아크	volume_drought_gate
2026-05-13 15:57:29,160	DROP	060280	큐렉소	trend_gate
2026-05-13 15:57:29,547	DROP	002960	한국쉘석유	trend_gate
2026-05-13 15:57:29,934	DROP	000400	롯데손해보험	trend_gate
2026-05-13 15:57:30,301	DROP	006910	보성파워텍	52w_ceiling_gate
2026-05-13 15:57:30,693	DROP	005810	풍산홀딩스	trend_gate
2026-05-13 15:57:31,067	DROP	041830	인바디	liquidity_gate:KOSDAQ
2026-05-13 15:57:31,449	DROP	138080	오이솔루션	volume_drought_gate
2026-05-13 15:57:31,821	DROP	010820	퍼스텍	trend_gate
2026-05-13 15:57:32,188	DROP	067160	SOOP	trend_gate
2026-05-13 15:57:32,567	DROP	101930	인화정공	liquidity_gate:KOSDAQ
2026-05-13 15:57:32,956	DROP	019170	신풍제약	trend_gate
2026-05-13 15:57:33,333	DROP	002240	고려제강	trend_gate
2026-05-13 15:57:33,706	DROP	001530	DI동일	trend_gate
2026-05-13 15:57:34,081	DROP	005420	코스모화학	trend_gate
2026-05-13 15:57:34,433	DROP	271940	일진하이솔루스	trend_gate
2026-05-13 15:57:39,460	DROP	093320	케이아이엔엑스	liquidity_gate:KOSDAQ
2026-05-13 15:57:44,487	DROP	453340	현대그린푸드	liquidity_gate:KOSPI
2026-05-13 15:57:44,851	DROP	016610	DB증권	trend_gate
2026-05-13 15:57:45,197	DROP	168360	펨트론	volume_drought_gate
2026-05-13 15:57:45,573	DROP	031430	신세계인터내셔날	liquidity_gate:KOSPI
2026-05-13 15:57:45,955	DROP	119850	지엔씨에너지	trend_gate
2026-05-13 15:57:51,032	DROP	383310	에코프로에이치엔	trend_gate
2026-05-13 15:57:51,499	DROP	003000	부광약품	trend_gate
2026-05-13 15:57:51,902	DROP	001200	유진투자증권	volume_drought_gate
2026-05-13 15:57:52,268	DROP	356680	엑스게이트	volume_drought_gate
2026-05-13 15:57:52,695	DROP	020000	한섬	liquidity_gate:KOSPI
2026-05-13 15:57:53,121	DROP	008730	율촌화학	trend_gate
2026-05-13 15:57:53,551	DROP	045100	한양이엔지	trend_gate
2026-05-13 15:57:53,947	DROP	403550	쏘카	liquidity_gate:KOSPI
2026-05-13 15:57:54,345	DROP	003300	한일홀딩스	liquidity_gate:KOSPI
2026-05-13 15:57:54,739	DROP	018290	브이티	trend_gate
2026-05-13 15:57:55,099	DROP	393890	더블유씨피	trend_gate
2026-05-13 15:57:55,474	DROP	268280	미원에스씨	trend_gate
2026-05-13 15:57:55,863	DROP	468530	프로티나	insufficient_rows:192
2026-05-13 15:57:56,232	DROP	010690	화신	volume_drought_gate
2026-05-13 15:57:56,615	DROP	493280	아이엠바이오로직스	insufficient_rows:37
2026-05-13 15:57:56,968	DROP	254490	미래반도체	volume_drought_gate
2026-05-13 15:57:57,344	DROP	130660	한전산업	trend_gate
2026-05-13 15:57:57,718	DROP	042000	카페24	trend_gate
2026-05-13 15:57:58,080	DROP	039440	에스티아이	trend_gate
2026-05-13 15:57:58,441	DROP	014830	유니드	trend_gate
2026-05-13 15:57:58,814	DROP	069540	빛과전자	trend_gate
2026-05-13 15:57:59,184	DROP	084110	휴온스글로벌	trend_gate
2026-05-13 15:57:59,559	DROP	009410	태영건설	trend_gate
2026-05-13 15:57:59,923	DROP	317330	덕산테코피아	volume_drought_gate
2026-05-13 15:58:00,295	DROP	035890	서희건설	trend_gate
2026-05-13 15:58:00,658	DROP	234340	헥토파이낸셜	volume_drought_gate
2026-05-13 15:58:01,010	DROP	354320	알멕	trend_gate
2026-05-13 15:58:01,364	DROP	080580	오킨스전자	volume_drought_gate
2026-05-13 15:58:01,829	DROP	064260	다날	trend_gate
2026-05-13 15:58:02,200	DROP	107640	한중엔시에스	trend_gate
2026-05-13 15:58:02,565	DROP	284740	쿠쿠홈시스	trend_gate
2026-05-13 15:58:02,933	DROP	099190	아이센스	trend_gate
2026-05-13 15:58:03,278	DROP	328130	루닛	trend_gate
2026-05-13 15:58:03,633	DROP	047920	HLB제약	trend_gate
2026-05-13 15:58:04,001	DROP	041190	우리기술투자	trend_gate
2026-05-13 15:58:04,351	DROP	377740	바이오노트	trend_gate
2026-05-13 15:58:04,715	DROP	025900	동화기업	trend_gate
2026-05-13 15:58:05,093	DROP	101160	월덱스	trend_gate
2026-05-13 15:58:05,465	DROP	036620	감성코퍼레이션	trend_gate
2026-05-13 15:58:05,794	DROP	488900	비츠로넥스텍	insufficient_rows:115
2026-05-13 15:58:06,125	DROP	0120G0	삼양바이오팜	insufficient_rows:114
2026-05-13 15:58:06,508	DROP	094800	맵스리얼티	trend_gate
2026-05-13 15:58:11,552	DROP	211050	인카금융서비스	trend_gate
2026-05-13 15:58:11,940	DROP	394280	오픈엣지테크놀로지	trend_gate
2026-05-13 15:58:12,328	DROP	230360	에코마케팅	liquidity_gate:KOSDAQ
2026-05-13 15:58:12,712	DROP	004690	삼천리	trend_gate
2026-05-13 15:58:13,078	DROP	078130	국일제지	trend_gate
2026-05-13 15:58:13,469	DROP	036170	에이치엠넥스	volume_drought_gate
2026-05-13 15:58:13,824	DROP	092790	넥스틸	volume_drought_gate
2026-05-13 15:58:14,192	DROP	381970	케이카	trend_gate
2026-05-13 15:58:14,546	DROP	287840	인투셀	trend_gate
2026-05-13 15:58:14,925	DROP	144960	뉴파워프라즈마	volume_drought_gate
2026-05-13 15:58:15,279	DROP	376270	HEM파마	trend_gate
2026-05-13 15:58:15,677	DROP	034310	NICE	trend_gate
2026-05-13 15:58:16,033	DROP	187660	페니트리움바이오	trend_gate
2026-05-13 15:58:16,432	DROP	030520	한글과컴퓨터	trend_gate
2026-05-13 15:58:16,799	DROP	034950	한국기업평가	trend_gate
2026-05-13 15:58:17,185	DROP	025320	시노펙스	trend_gate
2026-05-13 15:58:17,563	DROP	110990	디아이티	volume_drought_gate
2026-05-13 15:58:17,938	DROP	251970	펌텍코리아	trend_gate
2026-05-13 15:58:18,333	DROP	000070	삼양홀딩스	trend_gate
2026-05-13 15:58:18,725	DROP	105840	우진	trend_gate
2026-05-13 15:58:19,097	DROP	079370	제우스	trend_gate
2026-05-13 15:58:19,478	DROP	002710	TCC스틸	trend_gate
2026-05-13 15:58:19,867	DROP	114810	한솔아이원스	trend_gate
2026-05-13 15:58:20,231	DROP	950210	프레스티지바이오파마	trend_gate
2026-05-13 15:58:20,634	DROP	013030	하이록코리아	trend_gate
2026-05-13 15:58:21,019	DROP	016590	신대양제지	trend_gate
2026-05-13 15:58:26,146	DROP	012030	DB	liquidity_gate:KOSPI
2026-05-13 15:58:26,520	DROP	004710	한솔테크닉스	volume_drought_gate
2026-05-13 15:58:26,917	DROP	215200	메가스터디교육	trend_gate
2026-05-13 15:58:27,283	DROP	145720	덴티움	trend_gate
2026-05-13 15:58:27,730	DROP	067630	HLB생명과학	trend_gate
2026-05-13 15:58:28,169	DROP	025860	남해화학	trend_gate
2026-05-13 15:58:28,566	DROP	145990	삼양사	trend_gate
2026-05-13 15:58:28,950	DROP	117730	티로보틱스	trend_gate
2026-05-13 15:58:29,330	DROP	015360	INVENI	liquidity_gate:KOSPI
2026-05-13 15:58:29,711	DROP	306200	세아제강	trend_gate
2026-05-13 15:58:30,096	DROP	079940	가비아	liquidity_gate:KOSDAQ
2026-05-13 15:58:30,481	DROP	230240	에치에프알	volume_drought_gate
2026-05-13 15:58:30,868	DROP	484590	삼양컴텍	insufficient_rows:179
2026-05-13 15:58:31,323	DROP	215600	신라젠	trend_gate
2026-05-13 15:58:31,738	DROP	027410	BGF	trend_gate
2026-05-13 15:58:32,077	DROP	482630	삼양엔씨켐	volume_drought_gate
2026-05-13 15:58:32,489	DROP	452280	한선엔지니어링	volume_drought_gate
2026-05-13 15:58:32,880	DROP	389650	넥스트바이오메디컬	trend_gate
2026-05-13 15:58:33,312	DROP	002030	아세아	trend_gate
2026-05-13 15:58:33,700	DROP	029530	신도리코	trend_gate
2026-05-13 15:58:34,147	DROP	441270	파인엠텍	trend_gate
2026-05-13 15:58:34,580	DROP	006220	제주은행	trend_gate
2026-05-13 15:58:34,959	DROP	095660	네오위즈	trend_gate
2026-05-13 15:58:35,347	DROP	424870	이뮨온시아	trend_gate
2026-05-13 15:58:35,743	DROP	092870	엑시콘	trend_gate
2026-05-13 15:58:36,212	DROP	003720	삼영	volume_drought_gate
2026-05-13 15:58:36,604	DROP	455900	엔젤로보틱스	trend_gate
2026-05-13 15:58:37,015	DROP	058430	포스코스틸리온	52w_ceiling_gate
2026-05-13 15:58:37,394	DROP	192650	드림텍	trend_gate
2026-05-13 15:58:42,498	DROP	085910	네오티스	volume_drought_gate
2026-05-13 15:58:42,884	DROP	206650	유바이오로직스	trend_gate
2026-05-13 15:58:43,260	DROP	243070	휴온스	trend_gate
2026-05-13 15:58:43,659	DROP	078350	한양디지텍	trend_gate
2026-05-13 15:58:44,034	DROP	265520	AP시스템	volume_drought_gate
2026-05-13 15:58:44,399	DROP	126720	수산인더스트리	trend_gate
2026-05-13 15:58:44,772	DROP	072710	농심홀딩스	trend_gate
2026-05-13 15:58:45,124	DROP	298830	슈어소프트테크	volume_drought_gate
2026-05-13 15:58:45,530	DROP	340570	티앤엘	trend_gate
2026-05-13 15:58:45,909	DROP	097520	엠씨넥스	trend_gate
2026-05-13 15:58:46,302	DROP	009160	SIMPAC	liquidity_gate:KOSPI
2026-05-13 15:58:46,659	DROP	0001A0	덕양에너젠	insufficient_rows:68
2026-05-13 15:58:47,077	DROP	064820	케이프	trend_gate
2026-05-13 15:58:47,462	DROP	241770	메카로	liquidity_gate:KOSDAQ
2026-05-13 15:58:47,821	DROP	098070	한텍	trend_gate
2026-05-13 15:58:48,227	DROP	029460	케이씨	liquidity_gate:KOSPI
2026-05-13 15:58:48,660	DROP	065680	우주일렉트로	trend_gate
2026-05-13 15:58:49,021	DROP	344820	KCC글라스	trend_gate
2026-05-13 15:58:49,436	DROP	012860	모베이스전자	volume_drought_gate
2026-05-13 15:58:49,821	DROP	060980	HL홀딩스	trend_gate
2026-05-13 15:58:50,209	DROP	017810	풀무원	trend_gate
2026-05-13 15:58:50,677	DROP	042370	비츠로테크	trend_gate
2026-05-13 15:58:51,032	DROP	0008Z0	에스엔시스	insufficient_rows:178
2026-05-13 15:58:51,438	DROP	105630	한세실업	trend_gate
2026-05-13 15:58:51,867	DROP	078020	LS증권	trend_gate
2026-05-13 15:58:52,246	DROP	004700	조광피혁	trend_gate
2026-05-13 15:58:52,649	DROP	101730	위메이드맥스	trend_gate
2026-05-13 15:58:53,041	DROP	170900	동아에스티	trend_gate
2026-05-13 15:58:53,419	DROP	204620	글로벌텍스프리	trend_gate
2026-05-13 15:58:53,756	DROP	494120	큐리오시스	insufficient_rows:121
2026-05-13 15:58:54,145	DROP	089590	제주항공	trend_gate
2026-05-13 15:58:54,545	DROP	002810	삼영무역	liquidity_gate:KOSPI
2026-05-13 15:58:54,944	DROP	078150	HB테크놀러지	volume_drought_gate
2026-05-13 15:59:00,118	DROP	179900	유티아이	trend_gate
2026-05-13 15:59:00,512	DROP	183190	아세아시멘트	trend_gate
2026-05-13 15:59:00,879	DROP	241520	DSC인베스트먼트	trend_gate
2026-05-13 15:59:01,287	DROP	005610	삼립	trend_gate
2026-05-13 15:59:01,676	DROP	084010	대한제강	trend_gate
2026-05-13 15:59:02,048	DROP	450950	아스테라시스	trend_gate
2026-05-13 15:59:02,439	DROP	073490	LIG아큐버	trend_gate
2026-05-13 15:59:02,808	DROP	304360	에스바이오메딕스	trend_gate
2026-05-13 15:59:03,188	DROP	194370	제이에스코퍼레이션	trend_gate
2026-05-13 15:59:03,603	DROP	220100	퓨쳐켐	trend_gate
2026-05-13 15:59:03,980	DROP	417840	저스템	volume_drought_gate
2026-05-13 15:59:04,403	DROP	036890	진성티이씨	trend_gate
2026-05-13 15:59:04,803	DROP	086390	유니테스트	trend_gate
2026-05-13 15:59:05,299	DROP	046970	우리로	trend_gate
2026-05-13 15:59:05,751	DROP	025770	한국정보통신	trend_gate
2026-05-13 15:59:06,137	DROP	094360	칩스앤미디어	trend_gate
2026-05-13 15:59:06,555	DROP	419530	SAMG엔터	trend_gate
2026-05-13 15:59:06,927	DROP	064290	인텍플러스	volume_drought_gate
2026-05-13 15:59:07,305	DROP	378340	필에너지	trend_gate
2026-05-13 15:59:07,681	DROP	475400	씨메스로보틱스	trend_gate
2026-05-13 15:59:08,125	DROP	200880	서연이화	trend_gate
2026-05-13 15:59:08,533	DROP	009290	광동제약	trend_gate
2026-05-13 15:59:08,938	DROP	084850	아이티엠반도체	trend_gate
2026-05-13 15:59:09,367	DROP	089980	상아프론테크	trend_gate
2026-05-13 15:59:09,755	DROP	003800	에이스침대	trend_gate
2026-05-13 15:59:10,144	DROP	078520	에이블씨엔씨	liquidity_gate:KOSPI
2026-05-13 15:59:10,538	DROP	200670	휴메딕스	trend_gate
2026-05-13 15:59:10,921	DROP	069080	웹젠	trend_gate
2026-05-13 15:59:11,303	DROP	036200	유니셈	volume_drought_gate
2026-05-13 15:59:11,693	DROP	219130	타이거일렉	liquidity_gate:KOSDAQ
2026-05-13 15:59:16,745	DROP	0082N0	카나프테라퓨틱스	insufficient_rows:41
2026-05-13 15:59:17,123	DROP	180400	DXVX	trend_gate
2026-05-13 15:59:17,638	DROP	011760	현대코퍼레이션	trend_gate
2026-05-13 15:59:18,056	DROP	199820	제일일렉트릭	volume_drought_gate
2026-05-13 15:59:18,506	DROP	091810	트리니티항공	trend_gate
2026-05-13 15:59:18,915	DROP	092460	한라IMS	liquidity_gate:KOSDAQ
2026-05-13 15:59:19,376	DROP	034830	한국토지신탁	trend_gate
2026-05-13 15:59:19,766	DROP	228760	지노믹트리	trend_gate
2026-05-13 15:59:20,167	DROP	001390	KG케미칼	trend_gate
2026-05-13 15:59:20,555	DROP	092230	KPX홀딩스	trend_gate
2026-05-13 15:59:20,974	DROP	144510	지씨셀	trend_gate
2026-05-13 15:59:21,367	DROP	005720	넥센	trend_gate
2026-05-13 15:59:21,765	DROP	001230	동국홀딩스	liquidity_gate:KOSPI
2026-05-13 15:59:22,144	DROP	200470	에이팩트	volume_drought_gate
2026-05-13 15:59:22,519	DROP	389260	대명에너지	trend_gate
2026-05-13 15:59:22,912	DROP	084990	헬릭스미스	trend_gate
2026-05-13 15:59:23,314	DROP	092200	디아이씨	trend_gate
2026-05-13 15:59:23,684	DROP	459510	나우로보틱스	volume_drought_gate
2026-05-13 15:59:24,033	DROP	017860	DS단석	trend_gate
2026-05-13 15:59:24,450	DROP	203650	드림시큐리티	volume_drought_gate
2026-05-13 15:59:24,819	DROP	418550	제이오	trend_gate
2026-05-13 15:59:25,225	DROP	093520	매커스	trend_gate
2026-05-13 15:59:25,616	DROP	091700	파트론	trend_gate
2026-05-13 15:59:25,978	DROP	452430	사피엔반도체	volume_drought_gate
2026-05-13 15:59:26,386	DROP	078340	컴투스	trend_gate
2026-05-13 15:59:26,772	DROP	114190	강원에너지	trend_gate
2026-05-13 15:59:27,162	DROP	104700	한국철강	trend_gate
2026-05-13 15:59:27,563	DROP	016800	퍼시스	trend_gate
2026-05-13 15:59:27,909	DROP	308430	셀비온	trend_gate
2026-05-13 15:59:28,285	DROP	002900	TYM	liquidity_gate:KOSPI
2026-05-13 15:59:28,690	DROP	026890	스틱인베스트먼트	trend_gate
2026-05-13 15:59:29,104	DROP	007690	국도화학	trend_gate
2026-05-13 15:59:29,546	DROP	126560	현대퓨처넷	trend_gate
2026-05-13 15:59:30,006	DROP	018250	애경산업	trend_gate
2026-05-13 15:59:30,384	DROP	389020	자람테크놀로지	trend_gate
2026-05-13 15:59:30,788	DROP	394800	쓰리빌리언	trend_gate
2026-05-13 15:59:31,134	DROP	099430	바이오플러스	trend_gate
2026-05-13 15:59:31,521	DROP	001940	KISCO홀딩스	trend_gate
2026-05-13 15:59:31,891	DROP	108670	LX하우시스	liquidity_gate:KOSPI
2026-05-13 15:59:32,301	DROP	041920	메디아나	trend_gate
2026-05-13 15:59:32,685	DROP	243840	신흥에스이씨	trend_gate
2026-05-13 15:59:33,024	DROP	478340	나라스페이스테크놀로지	insufficient_rows:97
2026-05-13 15:59:33,408	DROP	024720	콜마홀딩스	trend_gate
2026-05-13 15:59:33,799	DROP	200130	콜마비앤에이치	trend_gate
2026-05-13 15:59:34,149	DROP	0015G0	그린광학	insufficient_rows:119
2026-05-13 15:59:34,536	DROP	128820	대성산업	trend_gate
2026-05-13 15:59:34,922	DROP	046120	오르비텍	trend_gate
2026-05-13 15:59:35,321	DROP	001750	한양증권	trend_gate
2026-05-13 15:59:35,691	DROP	365270	큐라클	trend_gate
2026-05-13 15:59:36,072	DROP	049070	인탑스	liquidity_gate:KOSDAQ
2026-05-13 15:59:36,451	DROP	451760	컨텍	trend_gate
2026-05-13 15:59:36,836	DROP	084690	대상홀딩스	trend_gate
2026-05-13 15:59:37,253	DROP	012200	계양전기	volume_drought_gate
2026-05-13 15:59:37,684	DROP	232530	이엠티	trend_gate
2026-05-13 15:59:38,104	DROP	064850	에프앤가이드	volume_drought_gate
2026-05-13 15:59:38,516	DROP	900140	엘브이엠씨홀딩스	trend_gate
2026-05-13 15:59:38,928	DROP	058970	엠로	trend_gate
2026-05-13 15:59:39,322	DROP	236200	슈프리마	trend_gate
2026-05-13 15:59:39,684	DROP	462350	이노스페이스	trend_gate
2026-05-13 15:59:40,182	DROP	001250	GS글로벌	trend_gate
2026-05-13 15:59:40,587	DROP	011500	한농화성	trend_gate
2026-05-13 15:59:41,003	DROP	014940	오리엔탈정공	trend_gate
2026-05-13 15:59:41,404	DROP	445090	에이직랜드	trend_gate
2026-05-13 15:59:41,812	DROP	352480	씨앤씨인터내셔널	trend_gate
2026-05-13 15:59:42,350	DROP	043150	바텍	trend_gate
2026-05-13 15:59:42,848	DROP	217730	강스템바이오텍	trend_gate
2026-05-13 15:59:43,195	DROP	474650	링크솔루션	trend_gate
2026-05-13 15:59:48,270	DROP	448280	에코아이	trend_gate
2026-05-13 15:59:48,648	DROP	402490	그린리소스	trend_gate
2026-05-13 15:59:49,006	DROP	314930	바이오다인	trend_gate
2026-05-13 15:59:49,405	DROP	098120	마이크로컨텍솔	volume_drought_gate
2026-05-13 15:59:49,778	DROP	035810	이지홀딩스	trend_gate
2026-05-13 15:59:50,204	DROP	000650	천일고속	trend_gate
2026-05-13 15:59:50,630	DROP	338840	와이바이오로직스	trend_gate
2026-05-13 15:59:51,027	DROP	053030	바이넥스	trend_gate
2026-05-13 15:59:51,522	DROP	091580	상신이디피	trend_gate
2026-05-13 15:59:51,955	DROP	042520	한스바이오메드	trend_gate
2026-05-13 15:59:52,372	DROP	136480	하림	trend_gate
2026-05-13 15:59:52,750	DROP	272450	진에어	trend_gate
2026-05-13 15:59:53,161	DROP	088800	에이스테크	trend_gate
2026-05-13 15:59:53,613	DROP	002310	아세아제지	trend_gate
2026-05-13 15:59:53,941	DROP	488280	에스투더블유	insufficient_rows:155
2026-05-13 15:59:54,380	DROP	060720	KH바텍	trend_gate
2026-05-13 15:59:54,771	DROP	432720	퀄리타스반도체	52w_ceiling_gate
2026-05-13 15:59:55,149	DROP	108860	셀바스AI	trend_gate
2026-05-13 15:59:55,529	DROP	065660	안트로젠	trend_gate
2026-05-13 15:59:55,885	DROP	394420	리센스메디컬	insufficient_rows:30
2026-05-13 15:59:56,478	DROP	061970	LB세미콘	trend_gate
2026-05-13 15:59:56,866	DROP	286940	롯데이노베이트	trend_gate
2026-05-13 15:59:57,292	DROP	033270	유나이티드제약	trend_gate
2026-05-13 15:59:57,714	DROP	092730	네오팜	trend_gate
2026-05-13 15:59:58,065	DROP	318060	그래피	insufficient_rows:174
2026-05-13 15:59:58,475	DROP	052710	아모텍	trend_gate
2026-05-13 15:59:58,852	DROP	051500	CJ프레시웨이	trend_gate
2026-05-13 15:59:59,274	DROP	003920	남양유업	trend_gate
2026-05-13 15:59:59,683	DROP	321550	티움바이오	trend_gate
2026-05-13 16:00:00,068	DROP	017390	서울가스	trend_gate
2026-05-13 16:00:00,462	DROP	095500	미래나노텍	trend_gate
2026-05-13 16:00:00,894	DROP	215000	골프존	trend_gate
2026-05-13 16:00:01,236	DROP	464080	에스오에스랩	52w_ceiling_gate
2026-05-13 16:00:01,616	DROP	251370	와이엠티	trend_gate
2026-05-13 16:00:01,965	DROP	416180	신성에스티	trend_gate
2026-05-13 16:00:02,314	DROP	112290	와이씨켐	volume_drought_gate
2026-05-13 16:00:02,726	DROP	357550	석경에이티	trend_gate
2026-05-13 16:00:03,224	DROP	100120	뷰웍스	liquidity_gate:KOSDAQ
2026-05-13 16:00:03,678	DROP	151860	KG에코솔루션	trend_gate
2026-05-13 16:00:04,084	DROP	000490	대동	liquidity_gate:KOSPI
2026-05-13 16:00:04,486	DROP	272110	케이엔제이	trend_gate
2026-05-13 16:00:04,857	DROP	456010	아이씨티케이	trend_gate
2026-05-13 16:00:05,299	DROP	049630	재영솔루텍	trend_gate
2026-05-13 16:00:05,686	DROP	012210	삼미금속	trend_gate
2026-05-13 16:00:06,058	DROP	307180	아이엘	volume_drought_gate
2026-05-13 16:00:06,448	DROP	004430	송원산업	volume_drought_gate
2026-05-13 16:00:06,825	DROP	274090	켄코아에어로스페이스	trend_gate
2026-05-13 16:00:07,232	DROP	011690	와이투솔루션	volume_drought_gate
2026-05-13 16:00:07,598	DROP	472850	폰드그룹	exception:TypeError
2026-05-13 16:00:07,964	DROP	439090	마녀공장	trend_gate
2026-05-13 16:00:08,371	DROP	096760	JW홀딩스	trend_gate
2026-05-13 16:00:08,781	DROP	000680	LS네트웍스	trend_gate
2026-05-13 16:00:09,187	DROP	123890	한국자산신탁	trend_gate
2026-05-13 16:00:09,562	DROP	054210	이랜텍	trend_gate
2026-05-13 16:00:09,913	DROP	0088M0	메쥬	insufficient_rows:33
2026-05-13 16:00:10,279	DROP	094480	갤럭시아머니트리	trend_gate
2026-05-13 16:00:10,675	DROP	115450	HLB테라퓨틱스	trend_gate
2026-05-13 16:00:11,115	DROP	001460	BYC	trend_gate
2026-05-13 16:00:11,492	DROP	019010	베뉴지	liquidity_gate:KOSDAQ
2026-05-13 16:00:11,859	DROP	054950	제이브이엠	trend_gate
2026-05-13 16:00:12,289	DROP	101360	에코앤드림	trend_gate
2026-05-13 16:00:12,648	DROP	382800	지앤비에스 에코	volume_drought_gate
2026-05-13 16:00:12,987	DROP	475560	더본코리아	trend_gate
2026-05-13 16:00:13,431	DROP	045390	대아티아이	trend_gate
2026-05-13 16:00:13,878	DROP	005680	삼영전자	trend_gate
2026-05-13 16:00:14,256	DROP	035600	KG이니시스	trend_gate
2026-05-13 16:00:14,662	DROP	037270	YG PLUS	trend_gate
2026-05-13 16:00:15,049	DROP	023410	유진기업	trend_gate
2026-05-13 16:00:15,491	DROP	004360	세방	trend_gate
2026-05-13 16:00:15,870	DROP	023760	한국캐피탈	trend_gate
2026-05-13 16:00:16,242	DROP	051370	인터플렉스	trend_gate
2026-05-13 16:00:16,605	DROP	037710	광주신세계	trend_gate
2026-05-13 16:00:17,017	DROP	094820	일진파워	trend_gate
2026-05-13 16:00:17,380	DROP	003520	영진약품	trend_gate
2026-05-13 16:00:17,785	DROP	134380	미원화학	trend_gate
2026-05-13 16:00:18,159	DROP	322310	오로스테크놀로지	trend_gate
2026-05-13 16:00:18,541	DROP	002320	한진	trend_gate
2026-05-13 16:00:18,909	DROP	092070	디엔에프	liquidity_gate:KOSDAQ
2026-05-13 16:00:19,284	DROP	067390	아스트	trend_gate
2026-05-13 16:00:19,624	DROP	382900	범한퓨얼셀	trend_gate
2026-05-13 16:00:20,011	DROP	034120	SBS	trend_gate
2026-05-13 16:00:20,371	DROP	036800	나이스정보통신	trend_gate
2026-05-13 16:00:20,784	DROP	036710	심텍홀딩스	liquidity_gate:KOSDAQ
2026-05-13 16:00:21,168	DROP	061090	세나테크놀로지	insufficient_rows:120
2026-05-13 16:00:26,273	DROP	067080	대화제약	trend_gate
2026-05-13 16:00:26,646	DROP	051360	토비스	liquidity_gate:KOSDAQ
2026-05-13 16:00:27,047	DROP	083310	엘오티베큠	trend_gate
2026-05-13 16:00:27,420	DROP	294570	쿠콘	trend_gate
2026-05-13 16:00:27,805	DROP	099440	스맥	trend_gate
2026-05-13 16:00:28,211	DROP	001340	PKC	trend_gate
2026-05-13 16:00:28,589	DROP	900290	GRT	trend_gate
2026-05-13 16:00:28,918	DROP	484810	티엑스알로보틱스	trend_gate
2026-05-13 16:00:29,446	DROP	003200	일신방직	trend_gate
2026-05-13 16:00:29,811	DROP	003120	일성아이에스	trend_gate
2026-05-13 16:00:30,201	DROP	043370	피에이치에이	trend_gate
2026-05-13 16:00:30,578	DROP	017890	한국알콜	trend_gate
2026-05-13 16:00:30,995	DROP	024840	KBI메탈	52w_ceiling_gate
2026-05-13 16:00:31,352	DROP	418420	라온텍	volume_drought_gate
2026-05-13 16:00:31,787	DROP	053690	한미글로벌	trend_gate
2026-05-13 16:00:32,186	DROP	000320	노루홀딩스	trend_gate
2026-05-13 16:00:32,611	DROP	221800	지구홀딩스	trend_gate
2026-05-13 16:00:33,009	DROP	003960	사조대림	trend_gate
2026-05-13 16:00:33,359	DROP	0007C0	아크릴	insufficient_rows:98
2026-05-13 16:00:33,720	DROP	309710	아이티켐	insufficient_rows:185
2026-05-13 16:00:34,236	DROP	018000	유니슨	trend_gate
2026-05-13 16:00:34,824	DROP	054450	텔레칩스	trend_gate
2026-05-13 16:00:35,225	DROP	005710	대원산업	liquidity_gate:KOSDAQ
2026-05-13 16:00:35,601	DROP	194700	노바렉스	trend_gate
2026-05-13 16:00:35,994	DROP	199430	케이엔알시스템	trend_gate
2026-05-13 16:00:36,377	DROP	182400	엔케이젠바이오텍코리아	trend_gate
2026-05-13 16:00:36,739	DROP	267980	매일유업	trend_gate
2026-05-13 16:00:37,113	DROP	001780	알루코	trend_gate
2026-05-13 16:00:37,483	DROP	001130	대한제분	liquidity_gate:KOSPI
2026-05-13 16:00:37,892	DROP	108380	대양전기공업	trend_gate
2026-05-13 16:00:38,273	DROP	226320	잇츠한불	trend_gate
2026-05-13 16:00:38,656	DROP	079960	동양이엔피	liquidity_gate:KOSDAQ
2026-05-13 16:00:39,064	DROP	078070	유비쿼스홀딩스	trend_gate
2026-05-13 16:00:39,520	DROP	035510	신세계 I&C	trend_gate
2026-05-13 16:00:39,907	DROP	044450	KSS해운	trend_gate
2026-05-13 16:00:40,268	DROP	241590	화승엔터프라이즈	trend_gate
2026-05-13 16:00:40,664	DROP	018310	삼목에스폼	trend_gate
2026-05-13 16:00:41,059	DROP	361390	제노코	trend_gate
2026-05-13 16:00:41,441	DROP	005950	이수화학	volume_drought_gate
2026-05-13 16:00:41,832	DROP	000430	대원강업	trend_gate
2026-05-13 16:00:42,225	DROP	190510	나무가	trend_gate
2026-05-13 16:00:42,599	DROP	004560	현대비앤지스틸	52w_ceiling_gate
2026-05-13 16:00:42,960	DROP	255220	SG	trend_gate
2026-05-13 16:00:43,324	DROP	405100	큐알티	trend_gate
2026-05-13 16:00:43,736	DROP	009470	삼화전기	trend_gate
2026-05-13 16:00:44,142	DROP	000050	경방	trend_gate
2026-05-13 16:00:44,525	DROP	304100	솔트룩스	trend_gate
2026-05-13 16:00:44,937	DROP	121800	비덴트	trend_gate
2026-05-13 16:00:45,270	DROP	226590	엠디바이스	trend_gate
2026-05-13 16:00:45,643	DROP	030210	다올투자증권	trend_gate
2026-05-13 16:00:46,009	DROP	211270	AP위성	trend_gate
2026-05-13 16:00:46,367	DROP	013890	지누스	trend_gate
2026-05-13 16:00:46,724	DROP	377460	큐에이드	trend_gate
2026-05-13 16:00:47,136	DROP	000540	흥국화재	trend_gate
2026-05-13 16:00:47,511	DROP	003070	코오롱글로벌	trend_gate
2026-05-13 16:00:47,973	DROP	176750	듀켐바이오	trend_gate
2026-05-13 16:00:48,431	DROP	138610	나이벡	trend_gate
2026-05-13 16:00:48,852	DROP	126700	하이비젼시스템	trend_gate
2026-05-13 16:00:49,236	DROP	084680	이월드	trend_gate
2026-05-13 16:00:49,610	DROP	388050	지투파워	trend_gate
2026-05-13 16:00:49,993	DROP	314130	지놈앤컴퍼니	trend_gate
2026-05-13 16:00:50,416	DROP	007160	사조산업	trend_gate
2026-05-13 16:00:50,805	DROP	008350	남선알미늄	trend_gate
2026-05-13 16:00:51,243	DROP	004980	성신양회	trend_gate
2026-05-13 16:00:51,598	DROP	474170	루미르	trend_gate
2026-05-13 16:00:51,978	DROP	053300	한국정보인증	trend_gate
2026-05-13 16:00:52,386	DROP	950170	JTC	trend_gate
2026-05-13 16:00:52,944	DROP	086820	바이오솔루션	trend_gate
2026-05-13 16:00:53,345	DROP	214180	헥토이노베이션	trend_gate
2026-05-13 16:00:53,831	DROP	036030	케이티알파	trend_gate
2026-05-13 16:00:54,221	DROP	001080	만호제강	liquidity_gate:KOSPI
2026-05-13 16:00:59,322	DROP	206640	바디텍메드	trend_gate
2026-05-13 16:00:59,763	DROP	001790	대한제당	trend_gate
2026-05-13 16:01:00,190	DROP	122900	아이마켓코리아	trend_gate
2026-05-13 16:01:00,631	DROP	004380	삼익THK	trend_gate
2026-05-13 16:01:01,013	DROP	308080	바이젠셀	52w_ceiling_gate
2026-05-13 16:01:01,380	DROP	007610	선도전기	volume_drought_gate
2026-05-13 16:01:01,718	DROP	481070	에이유브랜즈	trend_gate
2026-05-13 16:01:02,117	DROP	004310	현대약품	trend_gate
2026-05-13 16:01:02,537	DROP	033920	무학	trend_gate
2026-05-13 16:01:03,020	DROP	484120	도우인시스	insufficient_rows:196
2026-05-13 16:01:03,418	DROP	264850	이랜시스	volume_drought_gate
2026-05-13 16:01:03,853	DROP	034810	해성산업	trend_gate
2026-05-13 16:01:04,255	DROP	064550	바이오니아	trend_gate
2026-05-13 16:01:04,652	DROP	457550	우진엔텍	trend_gate
2026-05-13 16:01:05,039	DROP	256840	한국비엔씨	trend_gate
2026-05-13 16:01:05,445	DROP	136490	선진	trend_gate
2026-05-13 16:01:05,868	DROP	005500	삼진제약	trend_gate
2026-05-13 16:01:06,311	DROP	042600	새로닉스	trend_gate
2026-05-13 16:01:06,757	DROP	101170	우림피티에스	volume_drought_gate
2026-05-13 16:01:07,124	DROP	372170	윤성에프앤씨	trend_gate
2026-05-13 16:01:07,510	DROP	353810	이지바이오	trend_gate
2026-05-13 16:01:07,879	DROP	125020	티씨머티리얼즈	trend_gate
2026-05-13 16:01:08,263	DROP	013120	동원개발	trend_gate
2026-05-13 16:01:08,626	DROP	126600	BGF에코머티리얼즈	trend_gate
2026-05-13 16:01:08,978	DROP	402030	코난테크놀로지	trend_gate
2026-05-13 16:01:09,324	DROP	244920	에이플러스에셋	trend_gate
2026-05-13 16:01:09,720	DROP	210980	SK디앤디	trend_gate
2026-05-13 16:01:10,085	DROP	010580	에스엠벡셀	trend_gate
2026-05-13 16:01:10,449	DROP	013580	계룡건설	trend_gate
2026-05-13 16:01:10,855	DROP	001630	종근당홀딩스	trend_gate
2026-05-13 16:01:11,193	DROP	452450	피아이이	trend_gate
2026-05-13 16:01:11,681	DROP	068930	디지털대성	trend_gate
2026-05-13 16:01:12,046	DROP	037030	파워넷	volume_drought_gate
2026-05-13 16:01:12,407	DROP	147830	제룡산업	volume_drought_gate
2026-05-13 16:01:12,780	DROP	095700	제넥신	trend_gate
2026-05-13 16:01:13,363	DROP	009680	모토닉	trend_gate
2026-05-13 16:01:13,809	DROP	462860	더즌	trend_gate
2026-05-13 16:01:14,412	DROP	146320	비씨엔씨	liquidity_gate:KOSDAQ
2026-05-13 16:01:14,869	DROP	102120	어보브반도체	trend_gate
2026-05-13 16:01:15,280	DROP	461300	아이스크림미디어	trend_gate
2026-05-13 16:01:15,698	DROP	950140	잉글우드랩	trend_gate
2026-05-13 16:01:16,097	DROP	115500	케이씨에스	52w_ceiling_gate
2026-05-13 16:01:16,525	DROP	232680	라온로보틱스	volume_drought_gate
2026-05-13 16:01:16,919	DROP	194480	데브시스터즈	trend_gate
2026-05-13 16:01:17,377	DROP	117580	대성에너지	trend_gate
2026-05-13 16:01:17,816	DROP	025820	이구산업	volume_drought_gate
2026-05-13 16:01:18,224	DROP	371950	풍원정밀	trend_gate
2026-05-13 16:01:18,681	DROP	025000	KPX케미칼	trend_gate
2026-05-13 16:01:19,192	DROP	293580	나우IB	trend_gate
2026-05-13 16:01:24,301	DROP	065710	서호전기	trend_gate
2026-05-13 16:01:25,020	DROP	125210	아모그린텍	volume_drought_gate
2026-05-13 16:01:25,393	DROP	000480	CR홀딩스	trend_gate
2026-05-13 16:01:25,746	DROP	487570	HS효성	trend_gate
2026-05-13 16:01:26,114	DROP	237880	클리오	trend_gate
2026-05-13 16:01:26,463	DROP	264660	씨앤지하이테크	volume_drought_gate
2026-05-13 16:01:26,828	DROP	270660	에브리봇	trend_gate
2026-05-13 16:01:27,191	DROP	289930	웨이비스	trend_gate
2026-05-13 16:01:27,580	DROP	024060	흥구석유	trend_gate
2026-05-13 16:01:27,952	DROP	396270	넥스트칩	volume_drought_gate
2026-05-13 16:01:28,320	DROP	118990	모트렉스	trend_gate
2026-05-13 16:01:28,718	DROP	035150	백산	trend_gate
2026-05-13 16:01:29,097	DROP	166480	코아스템켐온	liquidity_gate:KOSDAQ
2026-05-13 16:01:29,480	DROP	216080	제테마	trend_gate
2026-05-13 16:01:29,842	DROP	003220	대원제약	trend_gate
2026-05-13 16:01:30,247	DROP	058820	CMG제약	trend_gate
2026-05-13 16:01:30,611	DROP	264450	유비쿼스	trend_gate
2026-05-13 16:01:31,042	DROP	039840	디오	trend_gate
2026-05-13 16:01:31,444	DROP	000390	SP삼화	trend_gate
2026-05-13 16:01:31,846	DROP	011560	세보엠이씨	trend_gate
2026-05-13 16:01:32,225	DROP	033530	SJG세종	trend_gate
2026-05-13 16:01:32,597	DROP	298690	에어부산	trend_gate
2026-05-13 16:01:32,987	DROP	052330	코텍	liquidity_gate:KOSDAQ
2026-05-13 16:01:33,364	DROP	012610	경인양행	liquidity_gate:KOSPI
2026-05-13 16:01:33,790	DROP	008490	서흥	trend_gate
2026-05-13 16:01:34,216	DROP	417010	나노팀	trend_gate
2026-05-13 16:01:34,616	DROP	073010	케이에스피	trend_gate
2026-05-13 16:01:35,014	DROP	285490	노바텍	trend_gate
2026-05-13 16:01:35,411	DROP	028100	동아지질	trend_gate
2026-05-13 16:01:35,747	DROP	403850	더핑크퐁컴퍼니	insufficient_rows:118
2026-05-13 16:01:36,143	DROP	119610	인터로조	trend_gate
2026-05-13 16:01:36,539	DROP	053210	스카이라이프	trend_gate
2026-05-13 16:01:36,931	DROP	039860	나노엔텍	trend_gate
2026-05-13 16:01:37,320	DROP	036560	KZ정밀	trend_gate
2026-05-13 16:01:37,696	DROP	007860	서연	trend_gate
2026-05-13 16:01:38,084	DROP	036190	금화피에스시	trend_gate
2026-05-13 16:01:38,476	DROP	002150	도화엔지니어링	trend_gate
2026-05-13 16:01:38,929	DROP	140670	알에스오토메이션	trend_gate
2026-05-13 16:01:39,313	DROP	003350	한국화장품제조	trend_gate
2026-05-13 16:01:39,692	DROP	102260	동성케미컬	trend_gate
2026-05-13 16:01:40,018	DROP	0011A0	액스비스	insufficient_rows:46
2026-05-13 16:01:40,387	DROP	260870	SK시그넷	trend_gate
2026-05-13 16:01:40,746	DROP	380550	뉴로핏	insufficient_rows:194
2026-05-13 16:01:41,145	DROP	017510	세명전기	volume_drought_gate
2026-05-13 16:01:41,526	DROP	041020	폴라리스오피스	trend_gate
2026-05-13 16:01:41,935	DROP	102460	이연제약	trend_gate
2026-05-13 16:01:42,285	DROP	489500	엘케이켐	trend_gate
2026-05-13 16:01:42,784	DROP	123860	아나패스	trend_gate
2026-05-13 16:01:43,185	DROP	083930	아바코	trend_gate
2026-05-13 16:01:43,560	DROP	003650	미창석유	trend_gate
2026-05-13 16:01:43,948	DROP	380540	옵티코어	trend_gate
2026-05-13 16:01:44,375	DROP	016580	환인제약	trend_gate
2026-05-13 16:01:44,761	DROP	039560	다산네트웍스	trend_gate
2026-05-13 16:01:45,146	DROP	095570	AJ네트웍스	trend_gate
2026-05-13 16:01:45,659	DROP	039570	HDC랩스	trend_gate
2026-05-13 16:01:46,009	DROP	293780	압타바이오	trend_gate
2026-05-13 16:01:46,382	DROP	104480	티케이케미칼	trend_gate
2026-05-13 16:01:46,769	DROP	040160	누리플렉스	liquidity_gate:KOSDAQ
2026-05-13 16:01:47,140	DROP	059120	아진엑스텍	volume_drought_gate
2026-05-13 16:01:47,498	DROP	289080	SV인베스트먼트	trend_gate
2026-05-13 16:01:47,948	DROP	357580	아모센스	trend_gate
2026-05-13 16:01:48,316	DROP	121440	골프존홀딩스	trend_gate
2026-05-13 16:01:48,723	DROP	000140	하이트진로홀딩스	trend_gate
2026-05-13 16:01:49,060	DROP	0004V0	엔비알모션	insufficient_rows:80
2026-05-13 16:01:49,417	DROP	357880	SKAI	trend_gate
2026-05-13 16:01:49,791	DROP	339770	교촌에프앤비	trend_gate
2026-05-13 16:01:50,164	DROP	271980	제일약품	trend_gate
2026-05-13 16:01:50,576	DROP	031440	신세계푸드	trend_gate
2026-05-13 16:01:50,966	DROP	299030	하나기술	trend_gate
2026-05-13 16:01:51,409	DROP	122990	와이솔	trend_gate
2026-05-13 16:01:51,767	DROP	159010	아스플로	volume_drought_gate
2026-05-13 16:01:52,126	DROP	179290	엠아이텍	trend_gate
2026-05-13 16:01:52,491	DROP	187870	디바이스	volume_drought_gate
2026-05-13 16:01:52,820	DROP	475230	엔알비	insufficient_rows:193
2026-05-13 16:01:53,141	DROP	950250	테라뷰	insufficient_rows:103
2026-05-13 16:01:53,564	DROP	051980	중앙첨단소재	trend_gate
2026-05-13 16:01:53,914	DROP	101970	우양에이치씨	trend_gate
2026-05-13 16:01:54,319	DROP	032620	GC메디아이	trend_gate
2026-05-13 16:01:54,699	DROP	000860	강남제비스코	trend_gate
2026-05-13 16:01:55,068	DROP	018470	조일알미늄	trend_gate
2026-05-13 16:02:00,178	DROP	203400	에이비온	trend_gate
2026-05-13 16:02:00,592	DROP	005430	한국공항	trend_gate
2026-05-13 16:02:00,999	DROP	234690	녹십자웰빙	trend_gate
2026-05-13 16:02:01,390	DROP	003610	방림	trend_gate
2026-05-13 16:02:01,776	DROP	234080	JW생명과학	trend_gate
2026-05-13 16:02:02,159	DROP	003460	유화증권	trend_gate
2026-05-13 16:02:02,562	DROP	016880	웅진	trend_gate
2026-05-13 16:02:02,942	DROP	445180	퓨릿	trend_gate
2026-05-13 16:02:03,343	DROP	115310	인포바인	trend_gate
2026-05-13 16:02:03,743	DROP	002100	경농	trend_gate
2026-05-13 16:02:04,129	DROP	060150	인선이엔티	trend_gate
2026-05-13 16:02:04,473	DROP	100250	진양홀딩스	trend_gate
2026-05-13 16:02:04,903	DROP	054920	한컴위드	trend_gate
2026-05-13 16:02:05,264	DROP	080160	모두투어	trend_gate
2026-05-13 16:02:05,669	DROP	123410	코리아에프티	trend_gate
2026-05-13 16:02:06,058	DROP	267320	나인테크	trend_gate
2026-05-13 16:02:06,485	DROP	187790	나노	volume_drought_gate
2026-05-13 16:02:06,891	DROP	007570	일양약품	trend_gate
2026-05-13 16:02:07,300	DROP	377450	리파인	trend_gate
2026-05-13 16:02:07,687	DROP	081000	일진다이아	trend_gate
2026-05-13 16:02:08,054	DROP	017550	수산세보틱스	trend_gate
2026-05-13 16:02:08,452	DROP	016790	현대사료	trend_gate
2026-05-13 16:02:08,832	DROP	101530	해태제과식품	trend_gate
2026-05-13 16:02:09,246	DROP	000520	삼일제약	trend_gate
2026-05-13 16:02:09,820	DROP	008830	대동기어	volume_drought_gate
2026-05-13 16:02:10,232	DROP	044820	코스맥스비티아이	liquidity_gate:KOSPI
2026-05-13 16:02:10,597	DROP	469610	이노테크	insufficient_rows:125
2026-05-13 16:02:10,979	DROP	149950	아바텍	liquidity_gate:KOSDAQ
2026-05-13 16:02:11,390	DROP	005960	동부건설	trend_gate
2026-05-13 16:02:11,802	DROP	123330	제닉	trend_gate
2026-05-13 16:02:12,167	DROP	223250	드림씨아이에스	volume_drought_gate
2026-05-13 16:02:12,557	DROP	323350	다원넥스뷰	volume_drought_gate
2026-05-13 16:02:12,964	DROP	297090	씨에스베어링	trend_gate
2026-05-13 16:02:13,484	DROP	053080	케이엔솔	trend_gate
2026-05-13 16:02:13,996	DROP	039830	오로라	trend_gate
2026-05-13 16:02:14,389	DROP	004090	한국석유	trend_gate
2026-05-13 16:02:14,775	DROP	322180	LS티라유텍	trend_gate
2026-05-13 16:02:15,217	DROP	086980	쇼박스	trend_gate
2026-05-13 16:02:15,583	DROP	307750	국전	trend_gate
2026-05-13 16:02:15,953	DROP	388790	라이콤	trend_gate
2026-05-13 16:02:16,312	DROP	297890	HB솔루션	trend_gate
2026-05-13 16:02:16,688	DROP	143160	아이디스	trend_gate
2026-05-13 16:02:17,110	DROP	037070	파세코	trend_gate
2026-05-13 16:02:17,480	DROP	015230	대창단조	trend_gate
2026-05-13 16:02:17,881	DROP	024800	유성티엔에스	liquidity_gate:KOSDAQ
2026-05-13 16:02:18,266	DROP	066620	국보디자인	liquidity_gate:KOSDAQ
2026-05-13 16:02:18,615	DROP	460850	동국씨엠	trend_gate
2026-05-13 16:02:18,984	DROP	300080	플리토	trend_gate
2026-05-13 16:02:19,348	DROP	282880	코윈테크	trend_gate
2026-05-13 16:02:19,706	DROP	259630	엠플러스	trend_gate
2026-05-13 16:02:20,070	DROP	158430	아톤	trend_gate
2026-05-13 16:02:20,457	DROP	473980	노머스	trend_gate
2026-05-13 16:02:20,855	DROP	119830	아이텍	trend_gate
2026-05-13 16:02:21,246	DROP	047310	파워로직스	trend_gate
2026-05-13 16:02:21,641	DROP	006060	화승인더	trend_gate
2026-05-13 16:02:22,027	DROP	172670	에이엘티	volume_drought_gate
2026-05-13 16:02:22,419	DROP	140610	엔솔바이오사이언스	trend_gate
2026-05-13 16:02:22,820	DROP	002170	SYTS	trend_gate
2026-05-13 16:02:23,231	DROP	002780	진흥기업	trend_gate
2026-05-13 16:02:23,646	DROP	086890	이수앱지스	trend_gate
2026-05-13 16:02:24,047	DROP	192440	슈피겐코리아	liquidity_gate:KOSDAQ
2026-05-13 16:02:24,433	DROP	007330	푸른저축은행	liquidity_gate:KOSDAQ
2026-05-13 16:02:24,822	DROP	115440	우리넷	volume_drought_gate
2026-05-13 16:02:25,179	DROP	129920	대성하이텍	trend_gate
2026-05-13 16:02:25,607	DROP	092130	이크레더블	trend_gate
2026-05-13 16:02:26,002	DROP	038390	레드캡투어	trend_gate
2026-05-13 16:02:26,430	DROP	000300	DH오토넥스	trend_gate
2026-05-13 16:02:26,847	DROP	046440	KG파이낸셜	trend_gate
2026-05-13 16:02:27,382	DROP	068790	DMS	trend_gate
2026-05-13 16:02:32,511	DROP	032940	원익	trend_gate
2026-05-13 16:02:32,951	DROP	003100	선광	liquidity_gate:KOSDAQ
2026-05-13 16:02:33,306	DROP	453450	그리드위즈	trend_gate
2026-05-13 16:02:33,703	DROP	088130	동아엘텍	trend_gate
2026-05-13 16:02:34,108	DROP	016450	한세예스24홀딩스	trend_gate
2026-05-13 16:02:34,512	DROP	213500	한솔제지	trend_gate
2026-05-13 16:02:34,946	DROP	078890	가온그룹	volume_drought_gate
2026-05-13 16:02:35,349	DROP	143240	사람인	trend_gate
2026-05-13 16:02:35,778	DROP	049430	코메론	trend_gate
2026-05-13 16:02:36,168	DROP	262260	에이프로	liquidity_gate:KOSDAQ
2026-05-13 16:02:36,556	DROP	204610	티쓰리	trend_gate
2026-05-13 16:02:36,916	DROP	462520	조선내화	trend_gate
2026-05-13 16:02:37,292	DROP	049080	기가레인	trend_gate
2026-05-13 16:02:37,686	DROP	048870	시너지이노베이션	trend_gate
2026-05-13 16:02:38,052	DROP	001520	동양	trend_gate
2026-05-13 16:02:38,418	DROP	106190	하이텍팜	trend_gate
2026-05-13 16:02:38,778	DROP	192410	오늘이엔엠	liquidity_gate:KOSDAQ
2026-05-13 16:02:39,224	DROP	005160	동국산업	trend_gate
2026-05-13 16:02:39,612	DROP	037350	성도이엔지	trend_gate
2026-05-13 16:02:39,977	DROP	056090	시지메드텍	trend_gate
2026-05-13 16:02:40,349	DROP	214420	토니모리	trend_gate
2026-05-13 16:02:40,727	DROP	321370	센서뷰	trend_gate
2026-05-13 16:02:41,095	DROP	071200	인피니트헬스케어	trend_gate
2026-05-13 16:02:41,499	DROP	008970	KBI동양철관	trend_gate
2026-05-13 16:02:41,845	DROP	340450	지씨지놈	trend_gate
2026-05-13 16:02:42,221	DROP	082800	비보존 제약	trend_gate
2026-05-13 16:02:42,636	DROP	004960	한신공영	trend_gate
2026-05-13 16:02:43,015	DROP	220260	켐트로스	trend_gate
2026-05-13 16:02:43,385	DROP	290740	액트로	trend_gate
2026-05-13 16:02:43,764	DROP	417500	제이아이테크	trend_gate
2026-05-13 16:02:44,145	DROP	365330	에스와이스틸텍	trend_gate
2026-05-13 16:02:44,529	DROP	013990	아가방컴퍼니	trend_gate
2026-05-13 16:02:44,909	DROP	012800	대창	liquidity_gate:KOSPI
2026-05-13 16:02:45,318	DROP	023910	대한약품	trend_gate
2026-05-13 16:02:45,810	DROP	011040	경동제약	trend_gate
2026-05-13 16:02:46,252	DROP	001360	삼성제약	trend_gate
2026-05-13 16:02:46,605	DROP	002990	금호건설	trend_gate
2026-05-13 16:02:47,041	DROP	013520	화승코퍼레이션	liquidity_gate:KOSPI
2026-05-13 16:02:47,456	DROP	142210	유니트론텍	trend_gate
2026-05-13 16:02:47,865	DROP	093640	케이알엠	trend_gate
2026-05-13 16:02:48,230	DROP	317400	자이에스앤디	trend_gate
2026-05-13 16:02:48,595	DROP	333430	일승	trend_gate
2026-05-13 16:02:49,014	DROP	062970	한국첨단소재	trend_gate
2026-05-13 16:02:49,400	DROP	083500	에프엔에스테크	trend_gate
2026-05-13 16:02:49,756	DROP	381620	제닉스로보틱스	trend_gate
2026-05-13 16:02:50,135	DROP	293480	하나제약	trend_gate
2026-05-13 16:02:50,525	DROP	071840	롯데하이마트	trend_gate
2026-05-13 16:02:50,910	DROP	077500	유니퀘스트	liquidity_gate:KOSPI
2026-05-13 16:02:51,333	DROP	003480	한진중공업홀딩스	trend_gate
2026-05-13 16:02:51,748	DROP	042420	네오위즈홀딩스	trend_gate
2026-05-13 16:02:52,117	DROP	114840	아이패밀리에스씨	trend_gate
2026-05-13 16:02:52,486	DROP	338220	뷰노	trend_gate
2026-05-13 16:02:52,865	DROP	037560	LG헬로비전	trend_gate
2026-05-13 16:02:53,291	DROP	054800	아이디스홀딩스	trend_gate
2026-05-13 16:02:53,772	DROP	041440	현대에버다임	trend_gate
2026-05-13 16:02:54,151	DROP	000020	동화약품	trend_gate
2026-05-13 16:02:54,511	DROP	290690	소룩스	trend_gate
2026-05-13 16:02:54,885	DROP	038290	마크로젠	trend_gate
2026-05-13 16:02:55,226	DROP	474610	RF시스템즈	trend_gate
2026-05-13 16:02:55,597	DROP	002230	피에스텍	trend_gate
2026-05-13 16:02:55,983	DROP	090350	노루페인트	trend_gate
2026-05-13 16:02:56,405	DROP	093190	빅솔론	liquidity_gate:KOSDAQ
2026-05-13 16:02:56,802	DROP	049960	쎌바이오텍	liquidity_gate:KOSDAQ
2026-05-13 16:02:57,194	DROP	010100	한국무브넥스	52w_ceiling_gate
2026-05-13 16:02:57,570	DROP	100590	머큐리	volume_drought_gate
2026-05-13 16:02:57,951	DROP	069510	에스텍	trend_gate
2026-05-13 16:02:58,348	DROP	105330	케이엔더블유	liquidity_gate:KOSDAQ
2026-05-13 16:02:58,723	DROP	066410	버킷스튜디오	trend_gate
2026-05-13 16:02:59,068	DROP	240550	동방메디컬	trend_gate
2026-05-13 16:02:59,458	DROP	046070	코다코	trend_gate
2026-05-13 16:02:59,852	DROP	334970	프레스티지바이오로직스	trend_gate
2026-05-13 16:03:00,298	DROP	126730	코칩	trend_gate
2026-05-13 16:03:00,760	DROP	003830	대한화섬	trend_gate
2026-05-13 16:03:01,163	DROP	217820	원익피앤이	trend_gate
2026-05-13 16:03:01,586	DROP	089470	HDC현대EP	trend_gate
2026-05-13 16:03:01,959	DROP	013310	아진산업	volume_drought_gate
2026-05-13 16:03:02,339	DROP	021080	에이티넘인베스트	trend_gate
2026-05-13 16:03:02,715	DROP	217270	넵튠	trend_gate
2026-05-13 16:03:03,121	DROP	235980	메드팩토	trend_gate
2026-05-13 16:03:03,540	DROP	004150	한솔홀딩스	liquidity_gate:KOSPI
2026-05-13 16:03:03,991	DROP	009580	무림P&P	trend_gate
2026-05-13 16:03:04,404	DROP	009070	KCTC	trend_gate
2026-05-13 16:03:04,795	DROP	272550	삼양패키징	trend_gate
2026-05-13 16:03:05,295	DROP	000970	한국주철관	trend_gate
2026-05-13 16:03:05,654	DROP	282720	금양그린파워	trend_gate
2026-05-13 16:03:06,033	DROP	067280	멀티캠퍼스	trend_gate
2026-05-13 16:03:06,435	DROP	210540	디와이파워	trend_gate
2026-05-13 16:03:06,900	DROP	323990	박셀바이오	trend_gate
2026-05-13 16:03:07,292	DROP	086670	비엠티	trend_gate
2026-05-13 16:03:07,677	DROP	148150	세경하이테크	trend_gate
2026-05-13 16:03:08,035	DROP	396300	세아메카닉스	volume_drought_gate
2026-05-13 16:03:08,437	DROP	000700	유수홀딩스	trend_gate
2026-05-13 16:03:08,835	DROP	108230	톱텍	trend_gate
2026-05-13 16:03:09,221	DROP	072870	메가스터디	trend_gate
2026-05-13 16:03:09,604	DROP	027710	팜스토리	trend_gate
2026-05-13 16:03:09,942	DROP	234030	싸이닉솔루션	trend_gate
2026-05-13 16:03:10,353	DROP	023600	삼보판지	trend_gate
2026-05-13 16:03:10,726	DROP	095190	신화프리텍	trend_gate
2026-05-13 16:03:11,164	DROP	014280	금강공업	trend_gate
2026-05-13 16:03:11,538	DROP	242040	나무기술	trend_gate
2026-05-13 16:03:11,918	DROP	214390	경보제약	trend_gate
2026-05-13 16:03:12,329	DROP	136540	윈스테크넷	trend_gate
2026-05-13 16:03:12,714	DROP	408920	메쎄이상	trend_gate
2026-05-13 16:03:13,097	DROP	054540	삼영엠텍	trend_gate
2026-05-13 16:03:13,452	DROP	322510	제이엘케이	trend_gate
2026-05-13 16:03:13,850	DROP	217950	파마리서치바이오	liquidity_gate:KOSDAQ
2026-05-13 16:03:14,244	DROP	260970	에스앤디	trend_gate
2026-05-13 16:03:14,610	DROP	222040	코스맥스엔비티	liquidity_gate:KOSDAQ
2026-05-13 16:03:14,983	DROP	212560	네오오토	liquidity_gate:KOSDAQ
2026-05-13 16:03:15,360	DROP	085670	뉴프렉스	trend_gate
2026-05-13 16:03:15,733	DROP	047560	이스트소프트	trend_gate
2026-05-13 16:03:16,144	DROP	007460	에이프로젠	liquidity_gate:KOSPI
2026-05-13 16:03:16,496	DROP	412350	레이저쎌	volume_drought_gate
2026-05-13 16:03:16,889	DROP	004970	신라교역	trend_gate
2026-05-13 16:03:17,281	DROP	067990	도이치모터스	liquidity_gate:KOSDAQ
2026-05-13 16:03:17,656	DROP	008040	사조동아원	trend_gate
2026-05-13 16:03:18,029	DROP	298000	효성화학	trend_gate
2026-05-13 16:03:18,406	DROP	040300	YTN	trend_gate
2026-05-13 16:03:18,763	DROP	053700	삼보모터스	trend_gate
2026-05-13 16:03:19,311	DROP	047770	코데즈컴바인	trend_gate
2026-05-13 16:03:19,752	DROP	107600	새빗켐	trend_gate
2026-05-13 16:03:20,170	DROP	306620	지아이에스	trend_gate
2026-05-13 16:03:20,654	DROP	071280	로체시스템즈	trend_gate
2026-05-13 16:03:21,115	DROP	021820	세원정공	trend_gate
2026-05-13 16:03:21,499	DROP	033340	좋은사람들	trend_gate
2026-05-13 16:03:21,890	DROP	094280	효성ITX	trend_gate
2026-05-13 16:03:22,287	DROP	123040	엠에스오토텍	trend_gate
2026-05-13 16:03:22,681	DROP	019180	티에이치엔	trend_gate
2026-05-13 16:03:23,070	DROP	079430	현대리바트	trend_gate
2026-05-13 16:03:23,460	DROP	250060	모비스	trend_gate
2026-05-13 16:03:23,868	DROP	141000	비아트론	liquidity_gate:KOSDAQ
2026-05-13 16:03:24,262	DROP	009270	신원	trend_gate
2026-05-13 16:03:24,644	DROP	005990	매일홀딩스	trend_gate
2026-05-13 16:03:25,052	DROP	012320	경동인베스트	trend_gate
2026-05-13 16:03:25,421	DROP	0007J0	인벤테라	insufficient_rows:28
2026-05-13 16:03:25,763	DROP	336680	탑런토탈솔루션	trend_gate
2026-05-13 16:03:26,148	DROP	045970	코아시아	trend_gate
2026-05-13 16:03:26,529	DROP	131030	옵투스제약	trend_gate
2026-05-13 16:03:26,863	DROP	456070	이엔셀	trend_gate
2026-05-13 16:03:27,281	DROP	021320	KCC건설	trend_gate
2026-05-13 16:03:27,739	DROP	042510	라온시큐어	trend_gate
2026-05-13 16:03:28,078	DROP	475580	에이럭스	trend_gate
2026-05-13 16:03:28,427	DROP	396470	워트	trend_gate
2026-05-13 16:03:28,827	DROP	041520	이엘씨	liquidity_gate:KOSDAQ
2026-05-13 16:03:29,190	DROP	052420	오성첨단소재	trend_gate
2026-05-13 16:03:29,582	DROP	015890	태경산업	trend_gate
2026-05-13 16:03:29,959	DROP	049720	고려신용정보	trend_gate
2026-05-13 16:03:30,402	DROP	005860	한일사료	trend_gate
2026-05-13 16:03:30,916	DROP	215100	로보로보	trend_gate
2026-05-13 16:03:31,309	DROP	070960	모나용평	trend_gate
2026-05-13 16:03:31,677	DROP	214680	디알텍	trend_gate
2026-05-13 16:03:32,049	DROP	080420	모다이노칩	trend_gate
2026-05-13 16:03:32,459	DROP	104460	디와이피엔에프	trend_gate
2026-05-13 16:03:32,876	DROP	024090	디씨엠	trend_gate
2026-05-13 16:03:33,282	DROP	065450	빅텍	trend_gate
2026-05-13 16:03:33,658	DROP	078000	텔코웨어	trend_gate
2026-05-13 16:03:34,049	DROP	020120	키다리스튜디오	trend_gate
2026-05-13 16:03:34,427	DROP	263720	디앤씨미디어	trend_gate
2026-05-13 16:03:34,797	DROP	950130	엑세스바이오	trend_gate
2026-05-13 16:03:35,228	DROP	007540	샘표	trend_gate
2026-05-13 16:03:35,596	DROP	063570	NICE인프라	trend_gate
2026-05-13 16:03:35,968	DROP	263860	지니언스	trend_gate
2026-05-13 16:03:36,325	DROP	417970	모델솔루션	52w_ceiling_gate
2026-05-13 16:03:36,694	DROP	0015S0	페스카로	insufficient_rows:102
2026-05-13 16:03:37,064	DROP	493330	지에프아이	insufficient_rows:80
2026-05-13 16:03:37,469	DROP	035000	HS애드	trend_gate
2026-05-13 16:03:37,950	DROP	225190	LK삼양	trend_gate
2026-05-13 16:03:38,346	DROP	156100	엘앤케이바이오	trend_gate
2026-05-13 16:03:38,730	DROP	016740	두올	trend_gate
2026-05-13 16:03:39,104	DROP	366030	공구우먼	trend_gate
2026-05-13 16:03:39,496	DROP	002460	HS화성	liquidity_gate:KOSPI
2026-05-13 16:03:39,876	DROP	307930	컴퍼니케이	trend_gate
2026-05-13 16:03:40,311	DROP	006620	동구바이오제약	trend_gate
2026-05-13 16:03:40,705	DROP	122450	KX	trend_gate
2026-05-13 16:03:41,078	DROP	107590	미원홀딩스	trend_gate
2026-05-13 16:03:41,474	DROP	310200	애니플러스	trend_gate
2026-05-13 16:03:41,874	DROP	047820	초록뱀미디어	trend_gate
2026-05-13 16:03:42,269	DROP	025620	차AI헬스케어	trend_gate
2026-05-13 16:03:42,647	DROP	413630	씨피시스템	trend_gate
2026-05-13 16:03:43,079	DROP	027970	한국제지	trend_gate
2026-05-13 16:03:43,453	DROP	002620	제일파마홀딩스	trend_gate
2026-05-13 16:03:43,837	DROP	123690	한국화장품	trend_gate
2026-05-13 16:03:44,362	DROP	389030	지니너스	trend_gate
2026-05-13 16:03:44,733	DROP	090470	제이스로보틱스	trend_gate
2026-05-13 16:03:45,163	DROP	049950	미래컴퍼니	trend_gate
2026-05-13 16:03:45,573	DROP	090850	현대이지웰	trend_gate
2026-05-13 16:03:45,972	DROP	255440	야스	trend_gate
2026-05-13 16:03:46,353	DROP	083420	그린케미칼	trend_gate
2026-05-13 16:03:46,766	DROP	363280	티와이홀딩스	trend_gate
2026-05-13 16:03:47,126	DROP	460940	피앤에스로보틱스	trend_gate
2026-05-13 16:03:47,502	DROP	011700	한신기계	trend_gate
2026-05-13 16:03:47,896	DROP	091120	이엠텍	trend_gate
2026-05-13 16:03:48,310	DROP	089600	KT나스미디어	trend_gate
2026-05-13 16:03:48,668	DROP	408470	한패스	insufficient_rows:34
2026-05-13 16:03:49,048	DROP	382840	원준	trend_gate
2026-05-13 16:03:49,421	DROP	269620	시스웍	trend_gate
2026-05-13 16:03:49,824	DROP	182360	큐브엔터	trend_gate
2026-05-13 16:03:50,203	DROP	139990	아주스틸	trend_gate
2026-05-13 16:03:50,641	DROP	149980	하이로닉	trend_gate
2026-05-13 16:03:50,994	DROP	136150	원일티엔아이	trend_gate
2026-05-13 16:03:51,381	DROP	086960	MDS테크	trend_gate
2026-05-13 16:03:51,740	DROP	464490	쿼드메디슨	insufficient_rows:100
2026-05-13 16:03:52,138	DROP	311320	지오엘리먼트	liquidity_gate:KOSDAQ
2026-05-13 16:03:52,563	DROP	256940	킵스파마	trend_gate
2026-05-13 16:03:52,920	DROP	360070	탑머티리얼	trend_gate
2026-05-13 16:03:53,311	DROP	011280	태림포장	trend_gate
2026-05-13 16:03:53,726	DROP	095720	웅진씽크빅	trend_gate
2026-05-13 16:03:54,151	DROP	089230	THE E&M	trend_gate
2026-05-13 16:03:54,557	DROP	317770	엑스페릭스	trend_gate
2026-05-13 16:03:54,979	DROP	066310	큐에스아이	trend_gate
2026-05-13 16:03:55,378	DROP	002390	한독	trend_gate
2026-05-13 16:03:55,793	DROP	067900	와이엔텍	trend_gate
2026-05-13 16:03:56,171	DROP	205100	엑셈	trend_gate
2026-05-13 16:03:56,516	DROP	443670	에스피소프트	trend_gate
2026-05-13 16:03:56,901	DROP	109610	에스와이	trend_gate
2026-05-13 16:03:57,272	DROP	109740	디에스케이	trend_gate
2026-05-13 16:03:57,653	DROP	014710	사조씨푸드	trend_gate
2026-05-13 16:03:58,066	DROP	004080	신흥	trend_gate
2026-05-13 16:03:58,515	DROP	036010	아비코전자	trend_gate
2026-05-13 16:03:58,904	DROP	016710	대성홀딩스	trend_gate
2026-05-13 16:03:59,259	DROP	267290	경동도시가스	trend_gate
2026-05-13 16:03:59,620	DROP	036220	오상헬스케어	trend_gate
2026-05-13 16:04:00,011	DROP	001290	상상인증권	trend_gate
2026-05-13 16:04:00,395	DROP	038110	에코플라스틱	trend_gate
2026-05-13 16:04:00,785	DROP	004250	NPC	trend_gate
2026-05-13 16:04:01,186	DROP	331740	아우토크립트	trend_gate
2026-05-13 16:04:01,582	DROP	052260	현대바이오랜드	trend_gate
2026-05-13 16:04:01,966	DROP	044990	에이치엔에스하이텍	trend_gate
2026-05-13 16:04:02,330	DROP	076610	해성옵틱스	volume_drought_gate
2026-05-13 16:04:02,676	DROP	309960	LB인베스트먼트	trend_gate
2026-05-13 16:04:03,160	DROP	052860	아이앤씨	liquidity_gate:KOSDAQ
2026-05-13 16:04:03,557	DROP	005800	신영와코루	trend_gate
2026-05-13 16:04:03,938	DROP	025950	동신건설	trend_gate
2026-05-13 16:04:04,324	DROP	014580	태경비케이	trend_gate
2026-05-13 16:04:04,697	DROP	067000	조이시티	trend_gate
2026-05-13 16:04:05,069	DROP	036690	코맥스	trend_gate
2026-05-13 16:04:05,487	DROP	002220	한일철강	trend_gate
2026-05-13 16:04:05,922	DROP	014530	극동유화	trend_gate
2026-05-13 16:04:06,299	DROP	084670	동양고속	trend_gate
2026-05-13 16:04:06,671	DROP	273640	와이엠텍	trend_gate
2026-05-13 16:04:07,082	DROP	101330	모베이스	52w_ceiling_gate
2026-05-13 16:04:07,459	DROP	370090	퓨런티어	trend_gate
2026-05-13 16:04:07,856	DROP	023800	인지컨트롤스	trend_gate
2026-05-13 16:04:08,253	DROP	013570	디와이	trend_gate
2026-05-13 16:04:08,652	DROP	321260	프로이천	volume_drought_gate
2026-05-13 16:04:09,037	DROP	086710	선진뷰티사이언스	trend_gate
2026-05-13 16:04:09,417	DROP	029480	광무	trend_gate
2026-05-13 16:04:09,764	DROP	096250	와이즈넛	trend_gate
2026-05-13 16:04:10,153	DROP	072950	빛샘전자	52w_ceiling_gate
2026-05-13 16:04:10,541	DROP	065440	이루온	volume_drought_gate
2026-05-13 16:04:10,888	DROP	476040	오가노이드사이언스	trend_gate
2026-05-13 16:04:11,265	DROP	246710	티앤알바이오팹	trend_gate
2026-05-13 16:04:11,655	DROP	226400	오스테오닉	trend_gate
2026-05-13 16:04:12,067	DROP	015590	DKME	trend_gate
2026-05-13 16:04:12,453	DROP	054050	NH농우바이오	trend_gate
2026-05-13 16:04:12,822	DROP	004140	동방	trend_gate
2026-05-13 16:04:13,217	DROP	451220	아이엠티	volume_drought_gate
2026-05-13 16:04:13,614	DROP	007210	벽산	trend_gate
2026-05-13 16:04:14,009	DROP	049520	유아이엘	trend_gate
2026-05-13 16:04:14,459	DROP	009780	엠에스씨	trend_gate
2026-05-13 16:04:14,843	DROP	035080	그래디언트	trend_gate
2026-05-13 16:04:15,219	DROP	000440	중앙에너비스	trend_gate
2026-05-13 16:04:15,606	DROP	120030	조선선재	trend_gate
2026-05-13 16:04:16,009	DROP	023900	풍국주정	trend_gate
2026-05-13 16:04:16,406	DROP	001020	페이퍼코리아	trend_gate
2026-05-13 16:04:16,786	DROP	079810	APS이노베이션	trend_gate
2026-05-13 16:04:17,181	DROP	253840	수젠텍	trend_gate
2026-05-13 16:04:17,598	DROP	131370	알서포트	trend_gate
2026-05-13 16:04:18,013	DROP	117670	알파칩스	trend_gate
2026-05-13 16:04:18,417	DROP	317830	에스피시스템스	trend_gate
2026-05-13 16:04:18,841	DROP	424960	스마트레이더시스템	trend_gate
2026-05-13 16:04:19,268	DROP	432470	케이엔에스	trend_gate
2026-05-13 16:04:19,647	DROP	217330	싸이토젠	trend_gate
2026-05-13 16:04:20,055	DROP	339950	아이비김영	trend_gate
2026-05-13 16:04:20,444	DROP	330730	스톤브릿지벤처스	liquidity_gate:KOSDAQ
2026-05-13 16:04:20,829	DROP	092040	아미코젠	trend_gate
2026-05-13 16:04:21,225	DROP	059270	해성에어로보틱스	trend_gate
2026-05-13 16:04:21,644	DROP	006140	피제이전자	52w_ceiling_gate
2026-05-13 16:04:22,040	DROP	100130	동국S&C	trend_gate
2026-05-13 16:04:22,412	DROP	052900	KX하이텍	volume_drought_gate
2026-05-13 16:04:22,799	DROP	073560	우리손에프앤지	trend_gate
2026-05-13 16:04:23,169	DROP	067830	세이브존I&C	trend_gate
2026-05-13 16:04:23,599	DROP	039980	폴라리스AI	trend_gate
2026-05-13 16:04:23,982	DROP	227840	현대코퍼레이션홀딩스	trend_gate
2026-05-13 16:04:24,385	DROP	024880	케이피에프	trend_gate
2026-05-13 16:04:24,776	DROP	042500	링네트	trend_gate
2026-05-13 16:04:25,163	DROP	014160	대영포장	trend_gate
2026-05-13 16:04:25,551	DROP	088390	이녹스	trend_gate
2026-05-13 16:04:25,956	DROP	041590	플래스크	trend_gate
2026-05-13 16:04:26,329	DROP	032300	한국파마	trend_gate
2026-05-13 16:04:26,688	DROP	228670	레이	trend_gate
2026-05-13 16:04:27,081	DROP	034590	인천도시가스	trend_gate
2026-05-13 16:04:27,451	DROP	248170	샘표식품	trend_gate
2026-05-13 16:04:27,951	DROP	018120	진로발효	trend_gate
2026-05-13 16:04:28,345	DROP	007110	일신석재	trend_gate
2026-05-13 16:04:28,767	DROP	056360	코위버	volume_drought_gate
2026-05-13 16:04:29,133	DROP	357230	에이치피오	trend_gate
2026-05-13 16:04:29,571	DROP	265740	엔에프씨	trend_gate
2026-05-13 16:04:29,934	DROP	290720	푸드나무	trend_gate
2026-05-13 16:04:30,338	DROP	007820	엠엑스로보틱스	liquidity_gate:KOSDAQ
2026-05-13 16:04:30,745	DROP	094840	슈프리마에이치큐	liquidity_gate:KOSDAQ
2026-05-13 16:04:31,143	DROP	002450	삼익악기	trend_gate
2026-05-13 16:04:31,510	DROP	337930	젝시믹스	trend_gate
2026-05-13 16:04:31,912	DROP	005870	휴니드	trend_gate
2026-05-13 16:04:32,296	DROP	267850	아시아나IDT	trend_gate
2026-05-13 16:04:32,679	DROP	251120	바이오에프디엔씨	trend_gate
2026-05-13 16:04:33,065	DROP	014790	HL D&I	trend_gate
2026-05-13 16:04:33,447	DROP	251630	브이원텍	trend_gate
2026-05-13 16:04:33,823	DROP	048770	TPC로보틱스	volume_drought_gate
2026-05-13 16:04:34,211	DROP	036580	팜스코	trend_gate
2026-05-13 16:04:34,554	DROP	411080	샌즈랩	trend_gate
2026-05-13 16:04:34,936	DROP	038540	상상인	trend_gate
2026-05-13 16:04:35,319	DROP	078140	대봉엘에스	trend_gate
2026-05-13 16:04:35,708	DROP	051160	지어소프트	trend_gate
2026-05-13 16:04:36,098	DROP	377480	마음AI	trend_gate
2026-05-13 16:04:36,512	DROP	025560	미래산업	liquidity_gate:KOSPI
2026-05-13 16:04:36,907	DROP	063170	서울옥션	trend_gate
2026-05-13 16:04:37,299	DROP	278650	HLB바이오스텝	trend_gate
2026-05-13 16:04:37,673	DROP	100700	세운메디칼	trend_gate
2026-05-13 16:04:38,051	DROP	054620	APS	trend_gate
2026-05-13 16:04:38,414	DROP	331920	셀레믹스	trend_gate
2026-05-13 16:04:38,794	DROP	074430	아미노로직스	trend_gate
2026-05-13 16:04:39,180	DROP	019680	대교	trend_gate
2026-05-13 16:04:39,586	DROP	011810	STX	trend_gate
2026-05-13 16:04:39,984	DROP	066700	테라젠이텍스	trend_gate
2026-05-13 16:04:40,350	DROP	088280	쏘닉스	trend_gate
2026-05-13 16:04:40,729	DROP	059210	메타바이오메드	trend_gate
2026-05-13 16:04:41,120	DROP	389140	포바이포	trend_gate
2026-05-13 16:04:41,515	DROP	228850	레이언스	liquidity_gate:KOSDAQ
2026-05-13 16:04:41,891	DROP	003310	대주산업	trend_gate
2026-05-13 16:04:42,264	DROP	277880	티에스아이	trend_gate
2026-05-13 16:04:42,629	DROP	225530	HC보광산업	trend_gate
2026-05-13 16:04:42,999	DROP	058850	KTcs	trend_gate
2026-05-13 16:04:43,377	DROP	101670	하이드로리튬	trend_gate
2026-05-13 16:04:43,740	DROP	099750	이지케어텍	trend_gate
2026-05-13 16:04:44,139	DROP	294630	서남	trend_gate
2026-05-13 16:04:44,498	DROP	348350	위드텍	trend_gate
2026-05-13 16:04:45,020	DROP	463020	뉴엔AI	trend_gate
2026-05-13 16:04:45,812	DROP	298540	더네이쳐홀딩스	trend_gate
2026-05-13 16:04:46,441	DROP	033290	로젠	trend_gate
2026-05-13 16:04:47,244	DROP	205470	휴마시스	trend_gate
2026-05-13 16:04:47,855	DROP	096240	크레버스	trend_gate
2026-05-13 16:04:48,302	DROP	006660	삼성공조	trend_gate
2026-05-13 16:04:48,910	DROP	142280	녹십자엠에스	trend_gate
2026-05-13 16:04:49,732	DROP	032580	피델릭스	liquidity_gate:KOSDAQ
2026-05-13 16:04:50,550	DROP	023450	동남합성	trend_gate
2026-05-13 16:04:51,377	DROP	010660	화천기계	trend_gate
2026-05-13 16:04:52,175	DROP	094940	푸른기술	liquidity_gate:KOSDAQ
2026-05-13 16:04:52,768	DROP	063080	컴투스홀딩스	trend_gate
2026-05-13 16:04:53,206	DROP	330350	위더스제약	trend_gate
2026-05-13 16:04:53,972	DROP	017370	우신시스템	trend_gate
2026-05-13 16:04:54,593	DROP	008700	아남전자	trend_gate
2026-05-13 16:04:54,959	DROP	264900	크라운제과	trend_gate
2026-05-13 16:04:55,338	DROP	053260	금강철강	trend_gate
2026-05-13 16:04:55,802	DROP	095270	웨이브일렉트로	trend_gate
2026-05-13 16:04:56,154	DROP	37550L	DL이앤씨2우(전환)	trend_gate
2026-05-13 16:04:56,530	DROP	452200	민테크	trend_gate
2026-05-13 16:04:56,913	DROP	053580	웹케시	trend_gate
2026-05-13 16:04:57,271	DROP	0015N0	아로마티카	insufficient_rows:111
2026-05-13 16:04:57,669	DROP	008260	NI스틸	trend_gate
2026-05-13 16:04:58,055	DROP	040910	아이씨디	trend_gate
2026-05-13 16:04:58,422	DROP	081150	티플랙스	volume_drought_gate
2026-05-13 16:04:58,840	DROP	004590	한국가구	liquidity_gate:KOSDAQ
2026-05-13 16:04:59,224	DROP	019550	SBI인베스트먼트	trend_gate
2026-05-13 16:04:59,623	DROP	489460	바이오비쥬	trend_gate
2026-05-13 16:05:00,023	DROP	084650	랩지노믹스	trend_gate
2026-05-13 16:05:00,439	DROP	067170	오텍	volume_drought_gate
2026-05-13 16:05:00,982	DROP	005740	크라운해태홀딩스	trend_gate
2026-05-13 16:05:01,387	DROP	229500	노브메타파마	trend_gate
2026-05-13 16:05:01,794	DROP	352090	스톰테크	trend_gate
2026-05-13 16:05:02,208	DROP	039340	한국경제TV	trend_gate
2026-05-13 16:05:02,646	DROP	001540	안국약품	trend_gate
2026-05-13 16:05:03,063	DROP	205500	넥써쓰	trend_gate
2026-05-13 16:05:03,470	DROP	064800	포니링크	trend_gate
2026-05-13 16:05:03,864	DROP	063160	종근당바이오	trend_gate
2026-05-13 16:05:04,252	DROP	009300	삼아제약	trend_gate
2026-05-13 16:05:04,675	DROP	002200	한국수출포장	trend_gate
2026-05-13 16:05:05,099	DROP	006840	AK홀딩스	trend_gate
2026-05-13 16:05:05,509	DROP	036420	콘텐트리중앙	trend_gate
2026-05-13 16:05:05,921	DROP	217190	제너셈	liquidity_gate:KOSDAQ
2026-05-13 16:05:06,324	DROP	382480	지아이텍	trend_gate
2026-05-13 16:05:06,757	DROP	036630	세종텔레콤	trend_gate
2026-05-13 16:05:07,115	DROP	212710	아이에스티이	trend_gate
2026-05-13 16:05:07,506	DROP	026150	특수건설	trend_gate
2026-05-13 16:05:07,890	DROP	238090	앤디포스	trend_gate
2026-05-13 16:05:08,240	DROP	448710	코츠테크놀로지	trend_gate
2026-05-13 16:05:08,688	DROP	024740	한일단조	trend_gate
2026-05-13 16:05:09,112	DROP	419050	삼기에너지솔루션즈	trend_gate
2026-05-13 16:05:09,521	DROP	265560	영화테크	trend_gate
2026-05-13 16:05:09,889	DROP	011370	서한	trend_gate
2026-05-13 16:05:10,267	DROP	119650	KC코트렐	trend_gate
2026-05-13 16:05:10,683	DROP	048530	인트론바이오	trend_gate
2026-05-13 16:05:11,120	DROP	079980	휴비스	trend_gate
2026-05-13 16:05:11,490	DROP	208370	셀바스헬스케어	trend_gate
2026-05-13 16:05:11,848	DROP	030960	양지사	trend_gate
2026-05-13 16:05:12,241	DROP	003580	HLB글로벌	trend_gate
2026-05-13 16:05:12,577	DROP	303810	동국생명과학	trend_gate
2026-05-13 16:05:12,952	DROP	035610	솔본	trend_gate
2026-05-13 16:05:13,318	DROP	081180	쎄크	trend_gate
2026-05-13 16:05:13,665	DROP	463480	모티브링크	trend_gate
2026-05-13 16:05:14,020	DROP	362320	청담글로벌	trend_gate
2026-05-13 16:05:14,390	DROP	000230	일동홀딩스	trend_gate
2026-05-13 16:05:14,764	DROP	091440	한울소재과학	trend_gate
2026-05-13 16:05:15,142	DROP	002700	신일전자	trend_gate
2026-05-13 16:05:15,515	DROP	246720	아스타	trend_gate
2026-05-13 16:05:15,859	DROP	418470	KT밀리의서재	trend_gate
2026-05-13 16:05:16,238	DROP	011000	진원생명과학	trend_gate
2026-05-13 16:05:16,611	DROP	032560	황금에스티	trend_gate
2026-05-13 16:05:17,000	DROP	041930	SY동아	trend_gate
2026-05-13 16:05:17,345	DROP	439580	블루엠텍	trend_gate
2026-05-13 16:05:17,714	DROP	299660	셀리드	trend_gate
2026-05-13 16:05:18,143	DROP	066430	아이로보틱스	trend_gate
2026-05-13 16:05:18,556	DROP	014970	삼륭물산	trend_gate
2026-05-13 16:05:18,966	DROP	058860	KTis	trend_gate
2026-05-13 16:05:19,410	DROP	031820	아이티센씨티에스	liquidity_gate:KOSPI
2026-05-13 16:05:19,783	DROP	201490	미투온	trend_gate
2026-05-13 16:05:20,117	DROP	475430	키스트론	trend_gate
2026-05-13 16:05:20,507	DROP	048550	SM C&C	trend_gate
2026-05-13 16:05:20,887	DROP	066790	씨씨에스	trend_gate
2026-05-13 16:05:21,307	DROP	950190	고스트스튜디오	trend_gate
2026-05-13 16:05:21,670	DROP	413390	엠오티	trend_gate
2026-05-13 16:05:22,040	DROP	263600	덕우전자	trend_gate
2026-05-13 16:05:22,421	DROP	025550	한국선재	trend_gate
2026-05-13 16:05:22,812	DROP	004100	태양금속	trend_gate
2026-05-13 16:05:23,195	DROP	043610	KT지니뮤직	trend_gate
2026-05-13 16:05:23,581	DROP	105740	디케이락	trend_gate
2026-05-13 16:05:23,967	DROP	068240	다원시스	trend_gate
2026-05-13 16:05:24,348	DROP	170030	현대공업	trend_gate
2026-05-13 16:05:24,724	DROP	217500	러셀	52w_ceiling_gate
2026-05-13 16:05:25,106	DROP	067290	JW신약	trend_gate
2026-05-13 16:05:25,475	DROP	041910	폴라리스AI파마	volume_drought_gate
2026-05-13 16:05:25,842	DROP	066590	스모트로닉	trend_gate
2026-05-13 16:05:26,239	DROP	060310	3S	trend_gate
2026-05-13 16:05:26,624	DROP	163560	동일고무벨트	trend_gate
2026-05-13 16:05:26,985	DROP	320000	한울반도체	trend_gate
2026-05-13 16:05:27,368	DROP	082850	우리바이오	trend_gate
2026-05-13 16:05:27,779	DROP	004840	DRB동일	trend_gate
2026-05-13 16:05:28,149	DROP	950220	네오이뮨텍	trend_gate
2026-05-13 16:05:28,504	DROP	347890	엠엑스온	trend_gate
2026-05-13 16:05:28,859	DROP	065530	와이어블	trend_gate
2026-05-13 16:05:29,237	DROP	109070	주성코퍼레이션	trend_gate
2026-05-13 16:05:29,607	DROP	388870	파로스아이바이오	trend_gate
2026-05-13 16:05:29,985	DROP	046940	우원개발	trend_gate
2026-05-13 16:05:30,360	DROP	096350	대창솔루션	trend_gate
2026-05-13 16:05:30,737	DROP	131400	이브이첨단소재	trend_gate
2026-05-13 16:05:31,080	DROP	391710	코닉오토메이션	trend_gate
2026-05-13 16:05:31,490	DROP	007980	TP	trend_gate
2026-05-13 16:05:31,905	DROP	019540	일지테크	trend_gate
2026-05-13 16:05:32,323	DROP	002210	동성제약	trend_gate
2026-05-13 16:05:32,720	DROP	120240	대정화금	trend_gate
2026-05-13 16:05:33,091	DROP	173130	오파스넷	trend_gate
2026-05-13 16:05:33,485	DROP	093920	서원인텍	trend_gate
2026-05-13 16:05:33,856	DROP	302430	이노메트리	trend_gate
2026-05-13 16:05:34,236	DROP	014440	영보화학	trend_gate
2026-05-13 16:05:34,656	DROP	006890	태경케미컬	trend_gate
2026-05-13 16:05:35,080	DROP	072020	중앙백신	trend_gate
2026-05-13 16:05:35,468	DROP	060590	씨티씨바이오	trend_gate
2026-05-13 16:05:35,855	DROP	140070	서플러스글로벌	trend_gate
2026-05-13 16:05:36,216	DROP	191420	테고사이언스	trend_gate
2026-05-13 16:05:36,589	DROP	023000	삼원강재	trend_gate
2026-05-13 16:05:36,975	DROP	058400	KNN	trend_gate
2026-05-13 16:05:37,342	DROP	234300	에스트래픽	trend_gate
2026-05-13 16:05:37,729	DROP	137950	제이씨케미칼	trend_gate
2026-05-13 16:05:38,093	DROP	299170	더블유에스아이	trend_gate
2026-05-13 16:05:38,498	DROP	058630	엠게임	trend_gate
2026-05-13 16:05:38,872	DROP	241690	유니테크노	trend_gate
2026-05-13 16:05:39,274	DROP	071670	에이테크솔루션	52w_ceiling_gate
2026-05-13 16:05:39,676	DROP	067370	선바이오	liquidity_gate:KOSDAQ
2026-05-13 16:05:40,080	DROP	004650	창해에탄올	trend_gate
2026-05-13 16:05:40,443	DROP	040420	정상제이엘에스	trend_gate
2026-05-13 16:05:40,819	DROP	054670	대한뉴팜	trend_gate
2026-05-13 16:05:41,204	DROP	104040	디에스엠	trend_gate
2026-05-13 16:05:41,559	DROP	315640	딥노이드	trend_gate
2026-05-13 16:05:41,990	DROP	038460	바이오스마트	trend_gate
2026-05-13 16:05:42,381	DROP	347860	알체라	trend_gate
2026-05-13 16:05:42,755	DROP	083790	CG인바이츠	trend_gate
2026-05-13 16:05:43,110	DROP	145170	노브랜드	trend_gate
2026-05-13 16:05:43,509	DROP	002720	국제약품	trend_gate
2026-05-13 16:05:43,901	DROP	348150	고바이오랩	trend_gate
2026-05-13 16:05:44,282	DROP	004890	동일산업	trend_gate
2026-05-13 16:05:44,698	DROP	010960	삼호개발	trend_gate
2026-05-13 16:05:45,099	DROP	013360	일성건설	trend_gate
2026-05-13 16:05:45,492	DROP	020710	시공테크	trend_gate
2026-05-13 16:05:45,879	DROP	019990	에너토크	trend_gate
2026-05-13 16:05:46,244	DROP	124560	태웅로직스	trend_gate
2026-05-13 16:05:46,631	DROP	011150	CJ씨푸드	trend_gate
2026-05-13 16:05:47,008	DROP	012700	리드코프	trend_gate
2026-05-13 16:05:47,379	DROP	175140	휴먼테크놀로지	trend_gate
2026-05-13 16:05:47,769	DROP	033230	인성정보	trend_gate
2026-05-13 16:05:48,134	DROP	203690	아크솔루션스	trend_gate
2026-05-13 16:05:48,509	DROP	039610	화성밸브	trend_gate
2026-05-13 16:05:48,909	DROP	054040	한국컴퓨터	trend_gate
2026-05-13 16:05:49,263	DROP	459100	위츠	trend_gate
2026-05-13 16:05:49,627	DROP	305090	마이크로디지탈	trend_gate
2026-05-13 16:05:50,004	DROP	084730	팅크웨어	trend_gate
2026-05-13 16:05:50,378	DROP	311690	CJ 바이오사이언스	trend_gate
2026-05-13 16:05:50,755	DROP	038680	에스넷	trend_gate
2026-05-13 16:05:51,137	DROP	055490	테이팩스	trend_gate
2026-05-13 16:05:51,503	DROP	110790	크리스에프앤씨	trend_gate
2026-05-13 16:05:51,903	DROP	049480	오픈베이스	trend_gate
2026-05-13 16:05:52,337	DROP	009180	한솔로지스틱스	trend_gate
2026-05-13 16:05:52,732	DROP	044340	위닉스	trend_gate
2026-05-13 16:05:53,112	DROP	000180	성창기업지주	trend_gate
2026-05-13 16:05:53,497	DROP	061040	알에프텍	trend_gate
2026-05-13 16:05:53,902	DROP	123010	알엔티엑스	volume_drought_gate
2026-05-13 16:05:54,276	DROP	039010	현대에이치티	trend_gate
2026-05-13 16:05:54,643	DROP	232830	아이티센피엔에스	liquidity_gate:KOSDAQ
2026-05-13 16:05:55,039	DROP	011320	유니크	trend_gate
2026-05-13 16:05:55,425	DROP	024830	세원물산	trend_gate
2026-05-13 16:05:55,755	DROP	382150	온코크로스	trend_gate
2026-05-13 16:05:56,134	DROP	048910	대원미디어	trend_gate
2026-05-13 16:05:56,521	DROP	002600	조흥	trend_gate
2026-05-13 16:05:56,868	DROP	461030	아이엠비디엑스	trend_gate
2026-05-13 16:05:57,238	DROP	347000	센코	trend_gate
2026-05-13 16:05:57,603	DROP	227950	엔투텍	trend_gate
2026-05-13 16:05:57,982	DROP	085310	엔케이	trend_gate
2026-05-13 16:05:58,323	DROP	478560	블랙야크아이앤씨	trend_gate
2026-05-13 16:05:58,743	DROP	001260	남광토건	trend_gate
2026-05-13 16:05:59,114	DROP	241790	티이엠씨씨엔에스	liquidity_gate:KOSDAQ
2026-05-13 16:05:59,490	DROP	189330	씨이랩	volume_drought_gate
2026-05-13 16:05:59,860	DROP	215790	이노인스트루먼트	trend_gate
2026-05-13 16:06:00,236	DROP	048430	유라테크	trend_gate
2026-05-13 16:06:00,607	DROP	453860	에이에스텍	trend_gate
2026-05-13 16:06:00,984	DROP	302550	리메드	trend_gate
2026-05-13 16:06:01,356	DROP	171120	라이온켐텍	trend_gate
2026-05-13 16:06:01,732	DROP	067570	엔브이에이치코리아	trend_gate
2026-05-13 16:06:02,130	DROP	134580	탑코미디어	trend_gate
2026-05-13 16:06:02,572	DROP	004720	팜젠사이언스	trend_gate
2026-05-13 16:06:02,949	DROP	192250	케이사인	trend_gate
2026-05-13 16:06:03,341	DROP	017650	대림제지	liquidity_gate:KOSDAQ
2026-05-13 16:06:03,719	DROP	155650	와이엠씨	liquidity_gate:KOSDAQ
2026-05-13 16:06:04,088	DROP	037440	희림	trend_gate
2026-05-13 16:06:04,461	DROP	005750	대림바스	trend_gate
2026-05-13 16:06:04,835	DROP	004440	삼일씨엔에스	trend_gate
2026-05-13 16:06:05,205	DROP	013870	지엠비코리아	trend_gate
2026-05-13 16:06:05,582	DROP	000590	CS홀딩스	trend_gate
2026-05-13 16:06:05,955	DROP	046210	HLB파나진	trend_gate
2026-05-13 16:06:06,316	DROP	018500	동원금속	liquidity_gate:KOSPI
2026-05-13 16:06:06,691	DROP	065510	휴비츠	trend_gate
2026-05-13 16:06:07,082	DROP	036090	위지트	trend_gate
2026-05-13 16:06:07,459	DROP	049180	셀루메드	trend_gate
2026-05-13 16:06:07,860	DROP	033320	제이씨현시스템	trend_gate
2026-05-13 16:06:08,236	DROP	183490	엔지켐생명과학	trend_gate
2026-05-13 16:06:08,645	DROP	010280	아이티센엔텍	liquidity_gate:KOSDAQ
2026-05-13 16:06:09,023	DROP	036640	HRS	trend_gate
2026-05-13 16:06:09,383	DROP	109080	옵티시스	trend_gate
2026-05-13 16:06:09,786	DROP	047400	유니온머티리얼	liquidity_gate:KOSPI
2026-05-13 16:06:10,210	DROP	126880	제이엔케이글로벌	trend_gate
2026-05-13 16:06:10,568	DROP	003010	혜인	trend_gate
2026-05-13 16:06:10,959	DROP	007590	동방아그로	trend_gate
2026-05-13 16:06:11,288	DROP	451250	삐아	trend_gate
2026-05-13 16:06:11,674	DROP	001560	제일연마	trend_gate
2026-05-13 16:06:12,074	DROP	002800	신신제약	trend_gate
2026-05-13 16:06:12,427	DROP	215360	우리산업	trend_gate
2026-05-13 16:06:12,829	DROP	128660	피제이메탈	trend_gate
2026-05-13 16:06:13,203	DROP	222110	팬젠	trend_gate
2026-05-13 16:06:13,568	DROP	175250	아이큐어	trend_gate
2026-05-13 16:06:13,949	DROP	100220	비상교육	trend_gate
2026-05-13 16:06:14,322	DROP	130580	나이스디앤비	trend_gate
2026-05-13 16:06:14,710	DROP	071090	하이스틸	trend_gate
2026-05-13 16:06:15,074	DROP	263800	데이타솔루션	trend_gate
2026-05-13 16:06:15,443	DROP	214330	금호에이치티	trend_gate
2026-05-13 16:06:15,833	DROP	037760	쎄니트	liquidity_gate:KOSDAQ
2026-05-13 16:06:16,201	DROP	216050	인크로스	trend_gate
2026-05-13 16:06:16,532	DROP	412540	제일엠앤에스	trend_gate
2026-05-13 16:06:16,885	DROP	480370	씨케이솔루션	trend_gate
2026-05-13 16:06:17,223	DROP	348080	큐라티스	trend_gate
2026-05-13 16:06:17,573	DROP	290660	다이나믹솔루션	trend_gate
2026-05-13 16:06:17,942	DROP	900250	크리스탈신소재	trend_gate
2026-05-13 16:06:18,291	DROP	111380	동인기연	trend_gate
2026-05-13 16:06:18,674	DROP	187420	HLB제넥스	trend_gate
2026-05-13 16:06:19,050	DROP	208140	정다운	trend_gate
2026-05-13 16:06:19,418	DROP	214270	FSN	trend_gate
2026-05-13 16:06:19,793	DROP	023810	인팩	trend_gate
2026-05-13 16:06:20,193	DROP	032850	비트컴퓨터	trend_gate
2026-05-13 16:06:20,561	DROP	290670	대보마그네틱	trend_gate
2026-05-13 16:06:20,933	DROP	001470	삼부토건	trend_gate
2026-05-13 16:06:21,303	DROP	222160	NPX	trend_gate
2026-05-13 16:06:21,672	DROP	012690	모나리자	trend_gate
2026-05-13 16:06:22,070	DROP	066980	한성크린텍	trend_gate
2026-05-13 16:06:22,466	DROP	049470	비트플래닛	trend_gate
2026-05-13 16:06:22,862	DROP	053280	예스24	trend_gate
2026-05-13 16:06:23,306	DROP	111710	남화산업	trend_gate
2026-05-13 16:06:23,666	DROP	424980	마이크로투나노	trend_gate
2026-05-13 16:06:24,017	DROP	333620	엔시스	trend_gate
2026-05-13 16:06:24,348	DROP	452400	이닉스	trend_gate
2026-05-13 16:06:24,717	DROP	004060	SG세계물산	trend_gate
2026-05-13 16:06:25,093	DROP	189860	서전기전	volume_drought_gate
2026-05-13 16:06:25,480	DROP	053450	세코닉스	trend_gate
2026-05-13 16:06:25,859	DROP	021050	서원	liquidity_gate:KOSPI
2026-05-13 16:06:26,194	DROP	014950	삼익제약	insufficient_rows:134
2026-05-13 16:06:26,559	DROP	016250	SGC E&C	trend_gate
2026-05-13 16:06:26,927	DROP	204840	지엘팜텍	trend_gate
2026-05-13 16:06:27,277	DROP	417790	트루엔	trend_gate
2026-05-13 16:06:27,637	DROP	291650	압타머사이언스	trend_gate
2026-05-13 16:06:28,009	DROP	068290	삼성출판사	trend_gate
2026-05-13 16:06:28,388	DROP	027830	대성창투	trend_gate
2026-05-13 16:06:28,765	DROP	408900	스튜디오미르	trend_gate
2026-05-13 16:06:29,151	DROP	006090	사조오양	trend_gate
2026-05-13 16:06:29,549	DROP	009200	무림페이퍼	trend_gate
2026-05-13 16:06:29,922	DROP	000850	화천기공	trend_gate
2026-05-13 16:06:30,294	DROP	092300	현우산업	liquidity_gate:KOSDAQ
2026-05-13 16:06:30,668	DROP	014470	부방	trend_gate
2026-05-13 16:06:31,049	DROP	033130	디지틀조선	trend_gate
2026-05-13 16:06:31,406	DROP	340360	다보링크	trend_gate
2026-05-13 16:06:31,740	DROP	479960	위너스일렉	trend_gate
2026-05-13 16:06:32,112	DROP	214260	라파스	trend_gate
2026-05-13 16:06:32,493	DROP	147760	피엠티	liquidity_gate:KOSDAQ
2026-05-13 16:06:32,833	DROP	443250	레뷰코퍼레이션	trend_gate
2026-05-13 16:06:33,185	DROP	102370	케이옥션	trend_gate
2026-05-13 16:06:33,631	DROP	123420	위메이드플레이	trend_gate
2026-05-13 16:06:34,023	DROP	045660	에이텍	trend_gate
2026-05-13 16:06:34,399	DROP	006880	신송홀딩스	trend_gate
2026-05-13 16:06:34,773	DROP	261780	차백신연구소	trend_gate
2026-05-13 16:06:35,184	DROP	007280	한국특강	trend_gate
2026-05-13 16:06:35,589	DROP	099410	동방선기	liquidity_gate:KOSDAQ
2026-05-13 16:06:35,961	DROP	016090	대현	trend_gate
2026-05-13 16:06:36,350	DROP	099220	SDN	trend_gate
2026-05-13 16:06:36,684	DROP	163280	에어레인	trend_gate
2026-05-13 16:06:37,072	DROP	080010	이상네트웍스	liquidity_gate:KOSDAQ
2026-05-13 16:06:37,554	DROP	032540	TJ미디어	trend_gate
2026-05-13 16:06:38,040	DROP	095910	에스에너지	trend_gate
2026-05-13 16:06:38,444	DROP	060560	HC홈센타	trend_gate
2026-05-13 16:06:38,818	DROP	307870	비투엔	trend_gate
2026-05-13 16:06:39,180	DROP	207760	미스터블루	trend_gate
2026-05-13 16:06:39,528	DROP	127980	화인써키트	trend_gate
2026-05-13 16:06:39,903	DROP	234100	폴라리스세원	trend_gate
2026-05-13 16:06:40,274	DROP	017480	삼현철강	trend_gate
2026-05-13 16:06:40,663	DROP	168330	내츄럴엔도텍	trend_gate
2026-05-13 16:06:41,054	DROP	009770	삼정펄프	trend_gate
2026-05-13 16:06:41,430	DROP	040610	SG&G	liquidity_gate:KOSDAQ
2026-05-13 16:06:41,803	DROP	104620	노랑풍선	trend_gate
2026-05-13 16:06:42,158	DROP	378800	샤페론	trend_gate
2026-05-13 16:06:42,534	DROP	087260	모바일어플라이언스	liquidity_gate:KOSDAQ
2026-05-13 16:06:42,918	DROP	010040	한국내화	trend_gate
2026-05-13 16:06:43,302	DROP	013700	까뮤이앤씨	trend_gate
2026-05-13 16:06:43,698	DROP	153710	옵티팜	trend_gate
2026-05-13 16:06:44,101	DROP	089850	유비벨록스	trend_gate
2026-05-13 16:06:44,480	DROP	027050	코리아나	trend_gate
2026-05-13 16:06:44,881	DROP	069730	DSR제강	trend_gate
2026-05-13 16:06:45,237	DROP	317690	퀀타매트릭스	trend_gate
2026-05-13 16:06:45,621	DROP	041460	한국전자인증	trend_gate
2026-05-13 16:06:45,996	DROP	900260	로스웰	trend_gate
2026-05-13 16:06:46,362	DROP	159580	제로투세븐	trend_gate
2026-05-13 16:06:46,722	DROP	180060	탑선	trend_gate
2026-05-13 16:06:47,131	DROP	072470	우리산업홀딩스	trend_gate
2026-05-13 16:06:47,522	DROP	114450	그린생명과학	trend_gate
2026-05-13 16:06:47,909	DROP	288620	에스프리즘	trend_gate
2026-05-13 16:06:48,314	DROP	043710	코스리거글로벌	trend_gate
2026-05-13 16:06:48,672	DROP	352910	오비고	liquidity_gate:KOSDAQ
2026-05-13 16:06:49,024	DROP	373200	엑스플러스	trend_gate
2026-05-13 16:06:49,380	DROP	246690	TS인베스트먼트	trend_gate
2026-05-13 16:06:49,744	DROP	014910	성문전자	liquidity_gate:KOSPI
2026-05-13 16:06:50,098	DROP	318160	셀바이오휴먼텍	trend_gate
2026-05-13 16:06:50,470	DROP	234920	자이글	trend_gate
2026-05-13 16:06:50,856	DROP	064240	홈캐스트	trend_gate
2026-05-13 16:06:51,229	DROP	222420	쎄노텍	trend_gate
2026-05-13 16:06:51,601	DROP	122310	제노레이	trend_gate
2026-05-13 16:06:51,992	DROP	001620	케이비아이동국실업	trend_gate
2026-05-13 16:06:52,356	DROP	250030	진코스텍	liquidity_gate:KOSDAQ
2026-05-13 16:06:52,710	DROP	036000	예림당	trend_gate
2026-05-13 16:06:53,073	DROP	229000	젠큐릭스	trend_gate
2026-05-13 16:06:53,425	DROP	378850	화승알앤에이	trend_gate
2026-05-13 16:06:53,803	DROP	042110	에스씨디	trend_gate
2026-05-13 16:06:54,234	DROP	040350	크레오에스지	trend_gate
2026-05-13 16:06:54,618	DROP	003780	진양산업	trend_gate
2026-05-13 16:06:54,994	DROP	184230	SGA솔루션즈	trend_gate
2026-05-13 16:06:55,332	DROP	435570	에르코스	trend_gate
2026-05-13 16:06:55,713	DROP	024910	경창산업	trend_gate
2026-05-13 16:06:56,047	DROP	360350	코셈	trend_gate
2026-05-13 16:06:56,395	DROP	136410	아셈스	trend_gate
2026-05-13 16:06:56,766	DROP	094850	참좋은여행	trend_gate
2026-05-13 16:06:57,249	DROP	012790	신일제약	trend_gate
2026-05-13 16:06:57,617	DROP	446840	지슨	trend_gate
2026-05-13 16:06:57,995	DROP	061250	화일약품	trend_gate
2026-05-13 16:06:58,378	DROP	101140	인바이오젠	trend_gate
2026-05-13 16:06:58,749	DROP	006980	우성	trend_gate
2026-05-13 16:06:59,115	DROP	011390	부산산업	trend_gate
2026-05-13 16:06:59,470	DROP	296160	프로젠	trend_gate
2026-05-13 16:06:59,819	DROP	457370	한켐	trend_gate
2026-05-13 16:07:00,178	DROP	162300	신스틸	trend_gate
2026-05-13 16:07:00,627	DROP	039240	경남스틸	trend_gate
2026-05-13 16:07:01,043	DROP	043650	국순당	trend_gate
2026-05-13 16:07:01,447	DROP	039420	케이엘넷	trend_gate
2026-05-13 16:07:01,782	DROP	261520	이지스	insufficient_rows:101
2026-05-13 16:07:02,167	DROP	001550	조비	trend_gate
2026-05-13 16:07:02,525	DROP	317850	대모	trend_gate
2026-05-13 16:07:02,914	DROP	004540	깨끗한나라	trend_gate
2026-05-13 16:07:03,282	DROP	060570	드림어스컴퍼니	trend_gate
2026-05-13 16:07:03,667	DROP	053050	지에스이	trend_gate
2026-05-13 16:07:04,052	DROP	024900	디와이덕양	trend_gate
2026-05-13 16:07:04,478	DROP	073640	테라사이언스	trend_gate
2026-05-13 16:07:04,845	DROP	347740	피엔케이피부임상연구센타	trend_gate
2026-05-13 16:07:05,188	DROP	177900	쓰리에이로직스	trend_gate
2026-05-13 16:07:05,579	DROP	111110	호전실업	trend_gate
2026-05-13 16:07:05,955	DROP	033170	시그네틱스	trend_gate
2026-05-13 16:07:06,307	DROP	199550	레이저옵텍	trend_gate
2026-05-13 16:07:06,711	DROP	332370	아이디피	trend_gate
2026-05-13 16:07:07,083	DROP	384470	코어라인소프트	trend_gate
2026-05-13 16:07:07,456	DROP	054930	유신	trend_gate
2026-05-13 16:07:07,813	DROP	000910	유니온	trend_gate
2026-05-13 16:07:08,190	DROP	038060	루멘스	52w_ceiling_gate
2026-05-13 16:07:08,584	DROP	067920	이글루	trend_gate
2026-05-13 16:07:08,933	DROP	294140	레몬	trend_gate
2026-05-13 16:07:09,284	DROP	456570	아이엠지티	trend_gate
2026-05-13 16:07:09,683	DROP	049550	잉크테크	trend_gate
2026-05-13 16:07:10,078	DROP	129260	인터지스	trend_gate
2026-05-13 16:07:10,526	DROP	109860	동일금속	trend_gate
2026-05-13 16:07:10,903	DROP	256630	포인트엔지니어링	trend_gate
2026-05-13 16:07:11,231	DROP	0013V0	삼진식품	insufficient_rows:94
2026-05-13 16:07:11,609	DROP	010470	오리콤	trend_gate
2026-05-13 16:07:11,988	DROP	000220	유유제약	trend_gate
2026-05-13 16:07:12,411	DROP	036120	서울평가정보	trend_gate
2026-05-13 16:07:12,749	DROP	458350	에스팀	insufficient_rows:47
2026-05-13 16:07:13,129	DROP	351330	이삭엔지니어링	trend_gate
2026-05-13 16:07:13,554	DROP	039020	이건홀딩스	trend_gate
2026-05-13 16:07:13,928	DROP	004830	덕성	trend_gate
2026-05-13 16:07:14,310	DROP	170790	파이오링크	trend_gate
2026-05-13 16:07:14,676	DROP	092780	DYP	52w_ceiling_gate
2026-05-13 16:07:15,081	DROP	444530	심플랫폼	trend_gate
2026-05-13 16:07:15,462	DROP	094970	제이엠티	liquidity_gate:KOSDAQ
2026-05-13 16:07:15,840	DROP	072990	에이치시티	trend_gate
2026-05-13 16:07:16,222	DROP	155660	DSR	trend_gate
2026-05-13 16:07:16,597	DROP	036670	삼양케이씨아이	trend_gate
2026-05-13 16:07:16,971	DROP	089790	제이티	liquidity_gate:KOSDAQ
2026-05-13 16:07:17,346	DROP	005670	푸드웰	trend_gate
2026-05-13 16:07:17,726	DROP	198080	캐프	liquidity_gate:KOSDAQ
2026-05-13 16:07:18,092	DROP	260930	씨티케이	trend_gate
2026-05-13 16:07:18,432	DROP	460870	에스엠씨지	trend_gate
2026-05-13 16:07:18,821	DROP	100030	인지소프트	trend_gate
2026-05-13 16:07:19,197	DROP	104540	코렌텍	trend_gate
2026-05-13 16:07:19,577	DROP	058730	다스코	trend_gate
2026-05-13 16:07:19,977	DROP	010240	흥국	trend_gate
2026-05-13 16:07:20,349	DROP	143540	영우디에스피	liquidity_gate:KOSDAQ
2026-05-13 16:07:20,722	DROP	097800	윈팩	trend_gate
2026-05-13 16:07:21,131	DROP	007370	진양제약	trend_gate
2026-05-13 16:07:21,517	DROP	033310	엠투엔	trend_gate
2026-05-13 16:07:21,912	DROP	003060	에이프로젠바이오로직스	trend_gate
2026-05-13 16:07:22,263	DROP	950200	소마젠	trend_gate
2026-05-13 16:07:22,660	DROP	372910	한컴라이프케어	trend_gate
2026-05-13 16:07:23,044	DROP	037230	한국팩키지	trend_gate
2026-05-13 16:07:23,413	DROP	226330	신테카바이오	trend_gate
2026-05-13 16:07:23,803	DROP	065500	오리엔트정공	trend_gate
2026-05-13 16:07:24,197	DROP	092440	기신정기	trend_gate
2026-05-13 16:07:24,561	DROP	317530	에피소드컴퍼니	trend_gate
2026-05-13 16:07:24,953	DROP	185490	아이진	trend_gate
2026-05-13 16:07:25,343	DROP	052220	iMBC	trend_gate
2026-05-13 16:07:25,749	DROP	042940	상지건설	trend_gate
2026-05-13 16:07:26,201	DROP	037330	인지디스플레	trend_gate
2026-05-13 16:07:26,584	DROP	002140	고려산업	trend_gate
2026-05-13 16:07:26,956	DROP	196300	HLB펩	trend_gate
2026-05-13 16:07:27,353	DROP	053270	구영테크	trend_gate
2026-05-13 16:07:27,756	DROP	331380	포커스에이아이	trend_gate
2026-05-13 16:07:28,139	DROP	137080	나래나노텍	trend_gate
2026-05-13 16:07:28,616	DROP	263690	디알젬	trend_gate
2026-05-13 16:07:29,041	DROP	072130	유엔젤	trend_gate
2026-05-13 16:07:29,462	DROP	053350	이니텍	trend_gate
2026-05-13 16:07:29,857	DROP	219550	디와이디	trend_gate
2026-05-13 16:07:30,225	DROP	001840	이화공영	trend_gate
2026-05-13 16:07:30,606	DROP	198440	강동씨앤엘	trend_gate
2026-05-13 16:07:30,986	DROP	004410	서울식품	trend_gate
2026-05-13 16:07:31,388	DROP	015710	코콤	trend_gate
2026-05-13 16:07:31,760	DROP	246960	SCL사이언스	trend_gate
2026-05-13 16:07:32,172	DROP	068330	일신바이오	trend_gate
2026-05-13 16:07:32,552	DROP	004780	대륙제관	trend_gate
2026-05-13 16:07:32,932	DROP	088910	동우팜투테이블	trend_gate
2026-05-13 16:07:33,279	DROP	393210	토마토시스템	trend_gate
2026-05-13 16:07:33,641	DROP	299900	위지윅스튜디오	trend_gate
2026-05-13 16:07:34,014	DROP	002760	보락	trend_gate
2026-05-13 16:07:34,396	DROP	261200	덴티스	trend_gate
2026-05-13 16:07:34,769	DROP	008370	원풍	trend_gate
2026-05-13 16:07:35,146	DROP	004770	써니전자	trend_gate
2026-05-13 16:07:35,539	DROP	460470	아이빔테크놀로지	liquidity_gate:KOSDAQ
2026-05-13 16:07:35,904	DROP	317870	엔바이오니아	trend_gate
2026-05-13 16:07:36,271	DROP	238120	얼라인드	trend_gate
2026-05-13 16:07:36,643	DROP	053620	태양	trend_gate
2026-05-13 16:07:36,990	DROP	373160	데이원컴퍼니	trend_gate
2026-05-13 16:07:37,377	DROP	006490	인스코비	trend_gate
2026-05-13 16:07:37,758	DROP	066670	디티씨	trend_gate
2026-05-13 16:07:38,121	DROP	050960	수산아이앤티	trend_gate
2026-05-13 16:07:38,532	DROP	009190	대양금속	trend_gate
2026-05-13 16:07:38,933	DROP	150900	파수AI	trend_gate
2026-05-13 16:07:39,354	DROP	054300	팬스타엔터프라이즈	trend_gate
2026-05-13 16:07:39,741	DROP	126640	화신정공	liquidity_gate:KOSDAQ
2026-05-13 16:07:40,097	DROP	429270	시지트로닉스	volume_drought_gate
2026-05-13 16:07:40,492	DROP	173940	에프엔씨엔터	trend_gate
2026-05-13 16:07:40,862	DROP	273060	와이즈버즈	liquidity_gate:KOSDAQ
2026-05-13 16:07:41,239	DROP	082210	옵트론텍	trend_gate
2026-05-13 16:07:41,638	DROP	303360	프로티아	trend_gate
2026-05-13 16:07:41,989	DROP	376930	노을	trend_gate
2026-05-13 16:07:42,381	DROP	010770	평화홀딩스	trend_gate
2026-05-13 16:07:42,781	DROP	063440	SM Life Design	trend_gate
2026-05-13 16:07:43,153	DROP	223310	사토시홀딩스	trend_gate
2026-05-13 16:07:43,536	DROP	045340	토탈소프트	trend_gate
2026-05-13 16:07:43,918	DROP	024950	삼천리자전거	trend_gate
2026-05-13 16:07:44,309	DROP	189980	흥국에프엔비	trend_gate
2026-05-13 16:07:44,695	DROP	153460	네이블	trend_gate
2026-05-13 16:07:45,036	DROP	465480	인스피언	trend_gate
2026-05-13 16:07:45,407	DROP	072770	멤레이비티	trend_gate
2026-05-13 16:07:45,827	DROP	004450	삼화왕관	trend_gate
2026-05-13 16:07:46,178	DROP	321820	아티스트컴퍼니	trend_gate
2026-05-13 16:07:46,560	DROP	123700	SJM	trend_gate
2026-05-13 16:07:46,950	DROP	038010	제일테크노스	trend_gate
2026-05-13 16:07:47,323	DROP	065170	비엘팜텍	trend_gate
2026-05-13 16:07:47,694	DROP	000890	보해양조	trend_gate
2026-05-13 16:07:48,061	DROP	219420	링크제니시스	trend_gate
2026-05-13 16:07:48,438	DROP	099520	DGI	trend_gate
2026-05-13 16:07:48,818	DROP	215090	솔디펜스	trend_gate
2026-05-13 16:07:49,170	DROP	218150	미래생명자원	trend_gate
2026-05-13 16:07:49,525	DROP	105550	엣지파운드리	trend_gate
2026-05-13 16:07:49,899	DROP	053980	오상자이엘	trend_gate
2026-05-13 16:07:50,264	DROP	002630	오리엔트바이오	trend_gate
2026-05-13 16:07:50,659	DROP	033560	블루콤	trend_gate
2026-05-13 16:07:51,042	DROP	245620	EDGC	trend_gate
2026-05-13 16:07:51,465	DROP	037950	엘컴텍	trend_gate
2026-05-13 16:07:51,853	DROP	289220	자이언트스텝	trend_gate
2026-05-13 16:07:52,208	DROP	419080	엔젯	trend_gate
2026-05-13 16:07:52,554	DROP	0010F0	보원케미칼	insufficient_rows:27
2026-05-13 16:07:52,907	DROP	440290	HB인베스트먼트	trend_gate
2026-05-13 16:07:53,233	DROP	459550	알트	insufficient_rows:119
2026-05-13 16:07:53,604	DROP	041650	상신브레이크	trend_gate
2026-05-13 16:07:53,968	DROP	004920	씨아이테크	trend_gate
2026-05-13 16:07:54,303	DROP	413640	비아이매트릭스	trend_gate
2026-05-13 16:07:54,686	DROP	090410	덕신이피씨	trend_gate
2026-05-13 16:07:55,067	DROP	017180	명문제약	trend_gate
2026-05-13 16:07:55,443	DROP	038070	서린바이오	trend_gate
2026-05-13 16:07:55,834	DROP	043910	자연과환경	trend_gate
2026-05-13 16:07:56,263	DROP	033830	티비씨	trend_gate
2026-05-13 16:07:56,649	DROP	050110	캠시스	trend_gate
2026-05-13 16:07:57,015	DROP	007680	대원	trend_gate
2026-05-13 16:07:57,405	DROP	014190	원익큐브	trend_gate
2026-05-13 16:07:57,798	DROP	052790	액토즈소프트	trend_gate
2026-05-13 16:07:58,187	DROP	075180	새론오토모티브	trend_gate
2026-05-13 16:07:58,553	DROP	035460	기산텔레콤	trend_gate
2026-05-13 16:07:58,906	DROP	407400	꿈비	trend_gate
2026-05-13 16:07:59,251	DROP	340930	유일에너테크	trend_gate
2026-05-13 16:07:59,595	DROP	450330	하스	trend_gate
2026-05-13 16:07:59,961	DROP	070300	엑스큐어	trend_gate
2026-05-13 16:08:00,309	DROP	419120	산돌	trend_gate
2026-05-13 16:08:00,715	DROP	023350	한국종합기술	trend_gate
2026-05-13 16:08:01,088	DROP	009320	아진전자부품	liquidity_gate:KOSPI
2026-05-13 16:08:01,470	DROP	277070	린드먼아시아	trend_gate
2026-05-13 16:08:01,844	DROP	025530	SJM홀딩스	trend_gate
2026-05-13 16:08:02,212	DROP	239890	피엔에이치테크	trend_gate
2026-05-13 16:08:02,550	DROP	471820	셀로맥스사이언스	trend_gate
2026-05-13 16:08:02,942	DROP	089150	케이씨티	trend_gate
2026-05-13 16:08:03,312	DROP	217480	에스디생명공학	trend_gate
2026-05-13 16:08:03,681	DROP	406820	뷰티스킨	trend_gate
2026-05-13 16:08:04,057	DROP	0010V0	제이피아이헬스케어	insufficient_rows:176
2026-05-13 16:08:04,442	DROP	127710	아시아경제	trend_gate
2026-05-13 16:08:04,783	DROP	466410	사이냅소프트	trend_gate
2026-05-13 16:08:05,129	DROP	452300	캡스톤파트너스	trend_gate
2026-05-13 16:08:05,514	DROP	171010	램테크놀러지	trend_gate
2026-05-13 16:08:05,875	DROP	361570	알비더블유	trend_gate
2026-05-13 16:08:06,239	DROP	309930	조이웍스앤코	trend_gate
2026-05-13 16:08:06,626	DROP	237820	플레이디	trend_gate
2026-05-13 16:08:07,011	DROP	006370	대구백화점	trend_gate
2026-05-13 16:08:07,398	DROP	100660	서암기계공업	trend_gate
2026-05-13 16:08:07,773	DROP	206560	덱스터	trend_gate
2026-05-13 16:08:08,169	DROP	090080	평화산업	trend_gate
2026-05-13 16:08:08,551	DROP	189690	포시에스	trend_gate
2026-05-13 16:08:08,949	DROP	093240	형지엘리트	trend_gate
2026-05-13 16:08:09,330	DROP	096630	에스코넥	trend_gate
2026-05-13 16:08:09,694	DROP	179530	애드바이오텍	trend_gate
2026-05-13 16:08:10,034	DROP	105760	포스뱅크	trend_gate
2026-05-13 16:08:10,419	DROP	104200	NHN벅스	trend_gate
2026-05-13 16:08:10,807	DROP	002410	범양건영	trend_gate
2026-05-13 16:08:11,169	DROP	066360	체리부로	trend_gate
2026-05-13 16:08:11,535	DROP	190650	코리아에셋투자증권	trend_gate
2026-05-13 16:08:11,896	DROP	365590	하이딥	trend_gate
2026-05-13 16:08:12,245	DROP	452160	제이엔비	trend_gate
2026-05-13 16:08:12,634	DROP	122690	서진오토모티브	trend_gate
2026-05-13 16:08:13,019	DROP	057540	옴니시스템	trend_gate
2026-05-13 16:08:13,396	DROP	078590	휴림에이텍	trend_gate
2026-05-13 16:08:13,756	DROP	364950	에이아이코리아	trend_gate
2026-05-13 16:08:14,143	DROP	004910	조광페인트	trend_gate
2026-05-13 16:08:14,539	DROP	016600	큐캐피탈	trend_gate
2026-05-13 16:08:14,949	DROP	043340	에쎈테크	52w_ceiling_gate
2026-05-13 16:08:15,342	DROP	027740	마니커	trend_gate
2026-05-13 16:08:15,737	DROP	122350	삼기	trend_gate
2026-05-13 16:08:16,122	DROP	073110	엘엠에스	trend_gate
2026-05-13 16:08:16,560	DROP	066130	하츠	trend_gate
2026-05-13 16:08:16,988	DROP	051390	YW	liquidity_gate:KOSDAQ
2026-05-13 16:08:17,393	DROP	097870	효성오앤비	trend_gate
2026-05-13 16:08:17,755	DROP	297570	알로이스	trend_gate
2026-05-13 16:08:18,131	DROP	056700	신화인터텍	trend_gate
2026-05-13 16:08:18,520	DROP	012280	영화금속	trend_gate
2026-05-13 16:08:18,885	DROP	031310	아이즈비전	trend_gate
2026-05-13 16:08:19,272	DROP	011330	유니켐	trend_gate
2026-05-13 16:08:19,658	DROP	196450	코아시아씨엠	trend_gate
2026-05-13 16:08:20,002	DROP	464500	아이언디바이스	trend_gate
2026-05-13 16:08:20,369	DROP	096610	알에프세미	trend_gate
2026-05-13 16:08:20,729	DROP	311390	네오크레마	trend_gate
2026-05-13 16:08:21,108	DROP	263020	디케이앤디	liquidity_gate:KOSDAQ
2026-05-13 16:08:21,480	DROP	286750	나노실리칸첨단소재	trend_gate
2026-05-13 16:08:21,879	DROP	119500	포메탈	52w_ceiling_gate
2026-05-13 16:08:22,242	DROP	260660	알리코제약	trend_gate
2026-05-13 16:08:22,618	DROP	053160	프리엠스	trend_gate
2026-05-13 16:08:22,987	DROP	001210	금호전기	trend_gate
2026-05-13 16:08:23,329	DROP	432430	와이랩	trend_gate
2026-05-13 16:08:23,756	DROP	049800	우진플라임	trend_gate
2026-05-13 16:08:24,127	DROP	020760	일진디스플	trend_gate
2026-05-13 16:08:24,486	DROP	434480	모니터랩	trend_gate
2026-05-13 16:08:24,837	DROP	314140	알피바이오	trend_gate
2026-05-13 16:08:25,222	DROP	065130	탑엔지니어링	trend_gate
2026-05-13 16:08:25,603	DROP	133820	화인베스틸	trend_gate
2026-05-13 16:08:25,979	DROP	106240	파인테크닉스	trend_gate
2026-05-13 16:08:26,355	DROP	008420	문배철강	trend_gate
2026-05-13 16:08:26,764	DROP	221840	하이즈항공	trend_gate
2026-05-13 16:08:27,148	DROP	393970	대진첨단소재	trend_gate
2026-05-13 16:08:27,516	DROP	290520	신도기연	liquidity_gate:KOSDAQ
2026-05-13 16:08:27,899	DROP	051490	나라엠앤디	trend_gate
2026-05-13 16:08:28,245	DROP	352700	씨앤투스	trend_gate
2026-05-13 16:08:28,603	DROP	307280	원바이오젠	trend_gate
2026-05-13 16:08:28,998	DROP	069410	엔텔스	trend_gate
2026-05-13 16:08:29,377	DROP	254120	자비스	trend_gate
2026-05-13 16:08:29,761	DROP	000950	전방	trend_gate
2026-05-13 16:08:30,132	DROP	033540	파라텍	trend_gate
2026-05-13 16:08:30,506	DROP	215380	우정바이오	trend_gate
2026-05-13 16:08:30,890	DROP	014990	인디에프	trend_gate
2026-05-13 16:08:31,270	DROP	430690	한싹	trend_gate
2026-05-13 16:08:31,650	DROP	007530	와이엠	trend_gate
2026-05-13 16:08:32,000	DROP	355390	크라우드웍스	trend_gate
2026-05-13 16:08:32,362	DROP	060850	영림원소프트랩	trend_gate
2026-05-13 16:08:32,736	DROP	073570	리튬포어스	trend_gate
2026-05-13 16:08:33,140	DROP	052460	아이크래프트	trend_gate
2026-05-13 16:08:33,500	DROP	128540	에코캡	trend_gate
2026-05-13 16:08:33,881	DROP	340440	세림B&G	trend_gate
2026-05-13 16:08:34,270	DROP	026940	부국철강	trend_gate
2026-05-13 16:08:34,639	DROP	086040	바이오톡스텍	trend_gate
2026-05-13 16:08:35,023	DROP	007120	미래아이앤지	trend_gate
2026-05-13 16:08:35,423	DROP	053950	경남제약	trend_gate
2026-05-13 16:08:35,783	DROP	103840	우양	trend_gate
2026-05-13 16:08:36,151	DROP	003080	SB성보	trend_gate
2026-05-13 16:08:36,527	DROP	257990	나우코스	trend_gate
2026-05-13 16:08:36,878	DROP	088340	유라클	trend_gate
2026-05-13 16:08:37,252	DROP	263810	상신전자	trend_gate
2026-05-13 16:08:37,648	DROP	476080	M83	trend_gate
2026-05-13 16:08:38,010	DROP	064480	브리지텍	trend_gate
2026-05-13 16:08:38,358	DROP	469750	아이비젼웍스	trend_gate
2026-05-13 16:08:38,734	DROP	044960	이글벳	trend_gate
2026-05-13 16:08:39,119	DROP	186230	그린플러스	trend_gate
2026-05-13 16:08:39,497	DROP	082660	코스나인	trend_gate
2026-05-13 16:08:39,836	DROP	403490	우듬지팜	trend_gate
2026-05-13 16:08:40,225	DROP	376290	씨유테크	trend_gate
2026-05-13 16:08:40,601	DROP	011420	갤럭시아에스엠	trend_gate
2026-05-13 16:08:40,956	DROP	418250	시큐레터	trend_gate
2026-05-13 16:08:41,384	DROP	079000	와토스코리아	trend_gate
2026-05-13 16:08:41,824	DROP	219750	한국비티비	trend_gate
2026-05-13 16:08:42,239	DROP	290090	트윔	trend_gate
2026-05-13 16:08:42,628	DROP	087600	픽셀플러스	trend_gate
2026-05-13 16:08:42,989	DROP	332290	누보	trend_gate
2026-05-13 16:08:43,374	DROP	002290	삼일기업공사	trend_gate
2026-05-13 16:08:43,749	DROP	250000	보라티알	trend_gate
2026-05-13 16:08:44,127	DROP	300120	라온피플	trend_gate
2026-05-13 16:08:44,531	DROP	002920	유성기업	trend_gate
2026-05-13 16:08:44,917	DROP	025880	케이씨피드	trend_gate
2026-05-13 16:08:45,301	DROP	023440	제이스코홀딩스	trend_gate
2026-05-13 16:08:45,660	DROP	306040	에스제이그룹	trend_gate
2026-05-13 16:08:46,028	DROP	420570	제이투케이바이오	trend_gate
2026-05-13 16:08:46,427	DROP	012160	영흥	trend_gate
2026-05-13 16:08:46,786	DROP	263770	유에스티	trend_gate
2026-05-13 16:08:47,165	DROP	009140	경인전자	liquidity_gate:KOSPI
2026-05-13 16:08:47,537	DROP	069460	대호에이엘	trend_gate
2026-05-13 16:08:47,924	DROP	363260	모비데이즈	trend_gate
2026-05-13 16:08:48,309	DROP	080520	오디텍	trend_gate
2026-05-13 16:08:48,705	DROP	065650	하이퍼코퍼레이션	trend_gate
2026-05-13 16:08:49,062	DROP	446440	에피바이오텍	liquidity_gate:KOSDAQ
2026-05-13 16:08:49,421	DROP	026040	제이에스티나	trend_gate
2026-05-13 16:08:49,886	DROP	023960	에쓰씨엔지니어링	trend_gate
2026-05-13 16:08:50,286	DROP	046310	백금T&A	trend_gate
2026-05-13 16:08:50,682	DROP	011300	우성머티리얼스	trend_gate
2026-05-13 16:08:51,058	DROP	129890	앱코	trend_gate
2026-05-13 16:08:51,408	DROP	199480	뱅크웨어글로벌	trend_gate
2026-05-13 16:08:51,783	DROP	091590	남화토건	trend_gate
2026-05-13 16:08:52,143	DROP	388610	지에프씨생명과학	trend_gate
2026-05-13 16:08:52,507	DROP	044480	빌리언스	trend_gate
2026-05-13 16:08:52,909	DROP	006920	모헨즈	trend_gate
2026-05-13 16:08:53,274	DROP	220180	핸디소프트	trend_gate
2026-05-13 16:08:53,660	DROP	032790	엠젠솔루션	trend_gate
2026-05-13 16:08:54,051	DROP	066910	손오공	trend_gate
2026-05-13 16:08:54,558	DROP	101240	씨큐브	trend_gate
2026-05-13 16:08:54,925	DROP	351320	넥사다이내믹스	trend_gate
2026-05-13 16:08:55,310	DROP	083550	케이엠	trend_gate
2026-05-13 16:08:55,707	DROP	019770	서연탑메탈	trend_gate
2026-05-13 16:08:56,095	DROP	080530	코디	trend_gate
2026-05-13 16:08:56,490	DROP	005030	부산주공	trend_gate
2026-05-13 16:08:56,870	DROP	140520	대창스틸	trend_gate
2026-05-13 16:08:57,231	DROP	204020	그리티	trend_gate
2026-05-13 16:08:57,611	DROP	131760	파인텍	trend_gate
2026-05-13 16:08:58,008	DROP	258610	케일럼	trend_gate
2026-05-13 16:08:58,412	DROP	074610	이엔플러스	trend_gate
2026-05-13 16:08:58,825	DROP	160550	NEW	trend_gate
2026-05-13 16:08:59,244	DROP	050860	아세아텍	trend_gate
2026-05-13 16:08:59,619	DROP	263700	케어랩스	trend_gate
2026-05-13 16:08:59,972	DROP	464280	티디에스팜	trend_gate
2026-05-13 16:09:00,362	DROP	178780	일월지엠엘	trend_gate
2026-05-13 16:09:00,780	DROP	081580	성우전자	trend_gate
2026-05-13 16:09:01,156	DROP	008870	금비	trend_gate
2026-05-13 16:09:01,513	DROP	376180	피코그램	trend_gate
2026-05-13 16:09:01,890	DROP	288330	파라택시스코리아	trend_gate
2026-05-13 16:09:02,241	DROP	450520	인스웨이브	trend_gate
2026-05-13 16:09:02,632	DROP	011230	삼화전자	trend_gate
2026-05-13 16:09:02,998	DROP	336060	웨이버스	trend_gate
2026-05-13 16:09:03,352	DROP	351870	차이커뮤니케이션	trend_gate
2026-05-13 16:09:03,743	DROP	073540	에프알텍	trend_gate
2026-05-13 16:09:04,077	DROP	475460	미트박스	trend_gate
2026-05-13 16:09:04,442	DROP	256150	한독크린텍	trend_gate
2026-05-13 16:09:04,820	DROP	200580	메디쎄이	trend_gate
2026-05-13 16:09:05,207	DROP	032960	동일기연	trend_gate
2026-05-13 16:09:05,575	DROP	200780	비씨월드제약	trend_gate
2026-05-13 16:09:05,937	DROP	335810	프리시젼바이오	trend_gate
2026-05-13 16:09:06,284	DROP	308170	씨티알모빌리티	trend_gate
2026-05-13 16:09:06,683	DROP	024120	KB오토시스	trend_gate
2026-05-13 16:09:07,160	DROP	037370	EG	trend_gate
2026-05-13 16:09:07,577	DROP	049830	승일	trend_gate
2026-05-13 16:09:07,948	DROP	123570	이엠넷	trend_gate
2026-05-13 16:09:08,357	DROP	290120	DH오토리드	trend_gate
2026-05-13 16:09:08,731	DROP	058110	멕아이씨에스	trend_gate
2026-05-13 16:09:09,103	DROP	013000	세우글로벌	liquidity_gate:KOSPI
2026-05-13 16:09:09,468	DROP	258790	소프트캠프	trend_gate
2026-05-13 16:09:09,863	DROP	153490	우리이앤엘하루틴	trend_gate
2026-05-13 16:09:10,231	DROP	020180	대신정보통신	trend_gate
2026-05-13 16:09:10,589	DROP	046390	삼화네트웍스	trend_gate
2026-05-13 16:09:10,938	DROP	271830	팸텍	trend_gate
2026-05-13 16:09:11,285	DROP	239610	에이치엘사이언스	trend_gate
2026-05-13 16:09:11,687	DROP	052600	한네트	trend_gate
2026-05-13 16:09:12,044	DROP	363250	진시스템	trend_gate
2026-05-13 16:09:12,414	DROP	224110	에이텍모빌리티	trend_gate
2026-05-13 16:09:12,784	DROP	002880	디와이에이	trend_gate
2026-05-13 16:09:13,211	DROP	203450	유니온바이오메트릭스	trend_gate
2026-05-13 16:09:13,602	DROP	032860	더라미	trend_gate
2026-05-13 16:09:13,968	DROP	241840	에이스토리	trend_gate
2026-05-13 16:09:14,346	DROP	000760	이화산업	trend_gate
2026-05-13 16:09:14,739	DROP	148250	알엔투테크놀로지	trend_gate
2026-05-13 16:09:15,148	DROP	022220	티케이지애강	trend_gate
2026-05-13 16:09:15,530	DROP	014570	고려제약	trend_gate
2026-05-13 16:09:15,921	DROP	054780	키이스트	trend_gate
2026-05-13 16:09:16,348	DROP	057030	YBM넷	trend_gate
2026-05-13 16:09:16,712	DROP	288980	모아데이타	trend_gate
2026-05-13 16:09:17,076	DROP	356890	싸이버원	trend_gate
2026-05-13 16:09:17,443	DROP	066900	디에이피	trend_gate
2026-05-13 16:09:17,905	DROP	084870	TBH글로벌	trend_gate
2026-05-13 16:09:18,259	DROP	347770	핌스	trend_gate
2026-05-13 16:09:18,749	DROP	075970	동국알앤에스	trend_gate
2026-05-13 16:09:19,177	DROP	019490	엑시큐어하이트론	trend_gate
2026-05-13 16:09:19,590	DROP	195500	마니커에프앤지	trend_gate
2026-05-13 16:09:20,052	DROP	025440	DH오토웨어	trend_gate
2026-05-13 16:09:20,419	DROP	221980	케이디켐	trend_gate
2026-05-13 16:09:20,767	DROP	440320	오픈놀	trend_gate
2026-05-13 16:09:21,146	DROP	373170	엠아이큐브솔루션	trend_gate
2026-05-13 16:09:21,534	DROP	109820	진매트릭스	trend_gate
2026-05-13 16:09:21,914	DROP	200350	아티스트스튜디오	trend_gate
2026-05-13 16:09:22,286	DROP	298060	풍전약품	trend_gate
2026-05-13 16:09:22,657	DROP	277410	인산가	trend_gate
2026-05-13 16:09:22,997	DROP	340810	시선AI	trend_gate
2026-05-13 16:09:23,372	DROP	417860	오브젠	trend_gate
2026-05-13 16:09:23,738	DROP	195990	에이비프로바이오	trend_gate
2026-05-13 16:09:24,129	DROP	318410	비비씨	trend_gate
2026-05-13 16:09:24,483	DROP	462510	라메디텍	trend_gate
2026-05-13 16:09:24,909	DROP	051630	진양화학	trend_gate
2026-05-13 16:09:25,301	DROP	017040	광명전기	trend_gate
2026-05-13 16:09:25,670	DROP	122830	원포유	trend_gate
2026-05-13 16:09:26,062	DROP	064520	테크엘	trend_gate
2026-05-13 16:09:26,454	DROP	005320	온타이드	52w_ceiling_gate
2026-05-13 16:09:26,786	DROP	140430	카티스	trend_gate
2026-05-13 16:09:27,142	DROP	133750	메가엠디	trend_gate
2026-05-13 16:09:27,505	DROP	318020	포인트모바일	trend_gate
2026-05-13 16:09:27,913	DROP	045060	오공	trend_gate
2026-05-13 16:09:28,274	DROP	200230	텔콘RF제약	trend_gate
2026-05-13 16:09:28,673	DROP	025750	한솔홈데코	trend_gate
2026-05-13 16:09:29,132	DROP	002360	SH에너지화학	trend_gate
2026-05-13 16:09:29,535	DROP	064090	인크레더블버즈	trend_gate
2026-05-13 16:09:29,924	DROP	359090	씨엔알리서치	trend_gate
2026-05-13 16:09:30,315	DROP	114630	폴라리스우노	trend_gate
2026-05-13 16:09:30,728	DROP	007720	소노스퀘어	trend_gate
2026-05-13 16:09:31,119	DROP	206400	베노티앤알	trend_gate
2026-05-13 16:09:31,508	DROP	131100	티엔엔터테인먼트	trend_gate
2026-05-13 16:09:31,855	DROP	398120	에스지헬스케어	trend_gate
2026-05-13 16:09:32,234	DROP	006050	국영지앤엠	trend_gate
2026-05-13 16:09:32,643	DROP	008250	이건산업	trend_gate
2026-05-13 16:09:33,010	DROP	016670	디모아	trend_gate
2026-05-13 16:09:33,370	DROP	068050	팬엔터테인먼트	trend_gate
2026-05-13 16:09:33,712	DROP	387570	파인메딕스	trend_gate
2026-05-13 16:09:34,086	DROP	001380	SG글로벌	trend_gate
2026-05-13 16:09:34,468	DROP	208860	다산디엠씨	trend_gate
2026-05-13 16:09:34,836	DROP	475660	에스켐	trend_gate
2026-05-13 16:09:35,222	DROP	228340	동양파일	trend_gate
2026-05-13 16:09:35,621	DROP	050120	ES큐브	trend_gate
2026-05-13 16:09:35,967	DROP	389680	유디엠텍	trend_gate
2026-05-13 16:09:36,331	DROP	039290	인포뱅크	trend_gate
2026-05-13 16:09:36,707	DROP	043200	파루	trend_gate
2026-05-13 16:09:37,097	DROP	059100	아이컴포넌트	trend_gate
2026-05-13 16:09:37,443	DROP	455180	케이지에이	trend_gate
2026-05-13 16:09:37,834	DROP	056730	CNT85	trend_gate
2026-05-13 16:09:38,206	DROP	057680	티사이언티픽	trend_gate
2026-05-13 16:09:38,595	DROP	075130	플랜티넷	trend_gate
2026-05-13 16:09:38,988	DROP	038880	아이에이	trend_gate
2026-05-13 16:09:39,425	DROP	270870	뉴트리	trend_gate
2026-05-13 16:09:39,814	DROP	006200	한국전자홀딩스	trend_gate
2026-05-13 16:09:40,192	DROP	353590	오토앤	trend_gate
2026-05-13 16:09:40,582	DROP	065950	웰크론	trend_gate
2026-05-13 16:09:40,972	DROP	024890	대원화성	trend_gate
2026-05-13 16:09:41,327	DROP	900340	윙입푸드	trend_gate
2026-05-13 16:09:41,683	DROP	424760	벨로크	52w_ceiling_gate
2026-05-13 16:09:42,116	DROP	177830	파버나인	trend_gate
2026-05-13 16:09:42,492	DROP	045300	성우테크론	trend_gate
2026-05-13 16:09:42,899	DROP	187270	신화콘텍	trend_gate
2026-05-13 16:09:43,265	DROP	257370	피엔티엠에스	trend_gate
2026-05-13 16:09:43,634	DROP	238490	힘스	trend_gate
2026-05-13 16:09:44,052	DROP	033200	모아텍	liquidity_gate:KOSDAQ
2026-05-13 16:09:44,420	DROP	134790	시디즈	trend_gate
2026-05-13 16:09:44,790	DROP	270520	앱튼	trend_gate
2026-05-13 16:09:45,183	DROP	012620	원일특강	trend_gate
2026-05-13 16:09:45,518	DROP	462980	아이지넷	trend_gate
2026-05-13 16:09:45,901	DROP	038870	에코심플렉스	trend_gate
2026-05-13 16:09:46,269	DROP	001000	신라섬유	trend_gate
2026-05-13 16:09:46,631	DROP	169330	엠브레인	trend_gate
2026-05-13 16:09:46,998	DROP	262840	아이퀘스트	trend_gate
2026-05-13 16:09:47,481	DROP	005820	원림	trend_gate
2026-05-13 16:09:47,839	DROP	383930	디티앤씨알오	trend_gate
2026-05-13 16:09:48,198	DROP	317240	TS트릴리온	trend_gate
2026-05-13 16:09:48,572	DROP	071850	캐스텍코리아	trend_gate
2026-05-13 16:09:48,946	DROP	038950	파인디지털	liquidity_gate:KOSDAQ
2026-05-13 16:09:49,318	DROP	013810	스페코	trend_gate
2026-05-13 16:09:49,763	DROP	263920	휴엠앤씨	trend_gate
2026-05-13 16:09:50,146	DROP	196490	디에이테크놀로지	trend_gate
2026-05-13 16:09:50,518	DROP	010640	진양폴리	trend_gate
2026-05-13 16:09:50,887	DROP	090150	아이윈	trend_gate
2026-05-13 16:09:51,235	DROP	376980	원티드랩	trend_gate
2026-05-13 16:09:51,604	DROP	094860	네오리진	trend_gate
2026-05-13 16:09:51,997	DROP	002870	신풍	trend_gate
2026-05-13 16:09:52,355	DROP	021880	메이슨캐피탈	trend_gate
2026-05-13 16:09:52,712	DROP	243870	아이티센코어	trend_gate
2026-05-13 16:09:53,101	DROP	290270	휴네시온	trend_gate
2026-05-13 16:09:53,428	DROP	342870	오아	insufficient_rows:163
2026-05-13 16:09:53,806	DROP	284620	카이노스메드	trend_gate
2026-05-13 16:09:54,165	DROP	318000	KBG	trend_gate
2026-05-13 16:09:54,509	DROP	464580	닷밀	trend_gate
2026-05-13 16:09:54,852	DROP	290560	파라택시스이더리움	trend_gate
2026-05-13 16:09:55,230	DROP	009810	플레이그램	trend_gate
2026-05-13 16:09:55,606	DROP	118000	메타케어	trend_gate
2026-05-13 16:09:55,986	DROP	068940	셀피글로벌	trend_gate
2026-05-13 16:09:56,369	DROP	035200	프럼파스트	trend_gate
2026-05-13 16:09:56,738	DROP	086060	진바이오텍	trend_gate
2026-05-13 16:09:57,107	DROP	027580	상보	trend_gate
2026-05-13 16:09:57,478	DROP	112190	KC산업	trend_gate
2026-05-13 16:09:57,874	DROP	019570	플루토스	trend_gate
2026-05-13 16:09:58,248	DROP	060540	에스에이티	trend_gate
2026-05-13 16:09:58,606	DROP	263050	유틸렉스	trend_gate
2026-05-13 16:09:58,983	DROP	130500	GH신소재	trend_gate
2026-05-13 16:09:59,382	DROP	317120	라닉스	trend_gate
2026-05-13 16:09:59,746	DROP	239340	이스트에이드	trend_gate
2026-05-13 16:10:00,154	DROP	065370	위세아이텍	trend_gate
2026-05-13 16:10:00,539	DROP	021650	한국큐빅	trend_gate
2026-05-13 16:10:00,898	DROP	354200	엔젠바이오	trend_gate
2026-05-13 16:10:01,289	DROP	013720	THE CUBE&	trend_gate
2026-05-13 16:10:01,647	DROP	296640	이노에이엑스	trend_gate
2026-05-13 16:10:02,032	DROP	000040	KR모터스	trend_gate
2026-05-13 16:10:02,407	DROP	099390	브레인즈컴퍼니	trend_gate
2026-05-13 16:10:02,767	DROP	303530	이노뎁	trend_gate
2026-05-13 16:10:03,122	DROP	333050	이노테나	trend_gate
2026-05-13 16:10:03,469	DROP	438700	버넥트	trend_gate
2026-05-13 16:10:03,832	DROP	237750	피앤씨테크	trend_gate
2026-05-13 16:10:04,223	DROP	090370	메타랩스	trend_gate
2026-05-13 16:10:04,592	DROP	054220	비츠로시스	trend_gate
2026-05-13 16:10:04,971	DROP	089140	넥스턴앤롤코리아	trend_gate
2026-05-13 16:10:05,378	DROP	109960	앱토크롬	trend_gate
2026-05-13 16:10:05,766	DROP	131220	대한과학	trend_gate
2026-05-13 16:10:06,128	DROP	039740	한국정보공학	liquidity_gate:KOSDAQ
2026-05-13 16:10:06,501	DROP	097780	에코볼트	trend_gate
2026-05-13 16:10:06,890	DROP	045510	정원엔시스	trend_gate
2026-05-13 16:10:07,259	DROP	001070	대한방직	trend_gate
2026-05-13 16:10:07,641	DROP	006740	블루산업개발	trend_gate
2026-05-13 16:10:08,002	DROP	162120	루켄테크놀러지스	trend_gate
2026-05-13 16:10:08,368	DROP	198940	한주라이트메탈	liquidity_gate:KOSDAQ
2026-05-13 16:10:08,729	DROP	276730	한울앤제주	trend_gate
2026-05-13 16:10:09,106	DROP	148780	비큐AI	trend_gate
2026-05-13 16:10:09,501	DROP	027040	서울전자통신	trend_gate
2026-05-13 16:10:09,884	DROP	017000	신원종합개발	trend_gate
2026-05-13 16:10:10,341	DROP	115480	씨유메디칼	trend_gate
2026-05-13 16:10:10,737	DROP	024070	WISCOM	trend_gate
2026-05-13 16:10:11,116	DROP	225220	제놀루션	trend_gate
2026-05-13 16:10:11,496	DROP	063760	이엘피	trend_gate
2026-05-13 16:10:11,902	DROP	051380	피씨디렉트	trend_gate
2026-05-13 16:10:12,238	DROP	274400	이노시뮬레이션	trend_gate
2026-05-13 16:10:12,624	DROP	079170	한창산업	trend_gate
2026-05-13 16:10:12,987	DROP	187220	디티앤씨	trend_gate
2026-05-13 16:10:13,414	DROP	001810	무림SP	trend_gate
2026-05-13 16:10:13,801	DROP	495810	유비씨	trend_gate
2026-05-13 16:10:14,190	DROP	900070	글로벌에스엠	liquidity_gate:KOSDAQ
2026-05-13 16:10:14,570	DROP	210120	캔버스엔	trend_gate
2026-05-13 16:10:14,969	DROP	023790	동일스틸럭스	trend_gate
2026-05-13 16:10:15,359	DROP	033050	제이엠아이	trend_gate
2026-05-13 16:10:15,760	DROP	900310	컬러레이	trend_gate
2026-05-13 16:10:16,129	DROP	367000	플래티어	trend_gate
2026-05-13 16:10:16,504	DROP	354390	바스칸바이오제약	trend_gate
2026-05-13 16:10:16,979	DROP	009460	한창제지	trend_gate
2026-05-13 16:10:17,359	DROP	208710	포톤	trend_gate
2026-05-13 16:10:17,727	DROP	462310	뉴키즈온	trend_gate
2026-05-13 16:10:18,088	DROP	252500	세화피앤씨	trend_gate
2026-05-13 16:10:18,458	DROP	405920	나라셀라	trend_gate
2026-05-13 16:10:18,837	DROP	096690	에이루트	trend_gate
2026-05-13 16:10:19,220	DROP	101000	KS인더스트리	trend_gate
2026-05-13 16:10:19,579	DROP	337840	유엑스엔	trend_gate
2026-05-13 16:10:19,961	DROP	115610	이미지스	trend_gate
2026-05-13 16:10:20,327	DROP	048470	대동스틸	trend_gate
2026-05-13 16:10:20,744	DROP	900300	오가닉티코스메틱	trend_gate
2026-05-13 16:10:21,097	DROP	431190	케이쓰리아이	trend_gate
2026-05-13 16:10:21,479	DROP	014130	한익스프레스	trend_gate
2026-05-13 16:10:21,852	DROP	377030	비트맥스	trend_gate
2026-05-13 16:10:22,230	DROP	047080	한빛소프트	trend_gate
2026-05-13 16:10:22,603	DROP	291230	엔피	trend_gate
2026-05-13 16:10:23,004	DROP	008470	부스타	trend_gate
2026-05-13 16:10:23,498	DROP	016100	리더스코스메틱	trend_gate
2026-05-13 16:10:23,852	DROP	377220	프롬바이오	trend_gate
2026-05-13 16:10:24,211	DROP	146060	율촌	trend_gate
2026-05-13 16:10:24,577	DROP	258830	세종메디칼	trend_gate
2026-05-13 16:10:24,933	DROP	148930	에이치와이티씨	trend_gate
2026-05-13 16:10:25,305	DROP	003680	한성기업	trend_gate
2026-05-13 16:10:25,690	DROP	038530	케이바이오랩스	trend_gate
2026-05-13 16:10:26,073	DROP	015260	에이엔피	trend_gate
2026-05-13 16:10:26,433	DROP	335870	윙스풋	trend_gate
2026-05-13 16:10:26,806	DROP	065770	CS	trend_gate
2026-05-13 16:10:27,194	DROP	002420	세기상사	trend_gate
2026-05-13 16:10:27,615	DROP	038620	위즈코프	trend_gate
2026-05-13 16:10:28,003	DROP	002690	동일제강	trend_gate
2026-05-13 16:10:28,384	DROP	142760	모아라이프플러스	trend_gate
2026-05-13 16:10:28,759	DROP	032750	삼진	trend_gate
2026-05-13 16:10:29,145	DROP	131090	시큐브	trend_gate
2026-05-13 16:10:29,522	DROP	053290	NE능률	trend_gate
2026-05-13 16:10:29,891	DROP	224060	더코디	liquidity_gate:KOSDAQ
2026-05-13 16:10:30,264	DROP	246250	에스엘에스바이오	trend_gate
2026-05-13 16:10:30,690	DROP	227610	아우딘퓨쳐스	trend_gate
2026-05-13 16:10:31,145	DROP	006570	대림통상	trend_gate
2026-05-13 16:10:31,501	DROP	304840	피플바이오	trend_gate
2026-05-13 16:10:31,879	DROP	049120	파인디앤씨	trend_gate
2026-05-13 16:10:32,252	DROP	018680	서울제약	trend_gate
2026-05-13 16:10:32,629	DROP	010400	우진아이엔에스	trend_gate
2026-05-13 16:10:33,061	DROP	030720	동원수산	trend_gate
2026-05-13 16:10:33,439	DROP	023150	MH에탄올	trend_gate
2026-05-13 16:10:33,772	DROP	397810	애드포러스	insufficient_rows:175
2026-05-13 16:10:34,160	DROP	138070	신진에스엠	trend_gate
2026-05-13 16:10:34,734	DROP	080470	성창오토텍	trend_gate
2026-05-13 16:10:35,079	DROP	432980	엠에프씨	trend_gate
2026-05-13 16:10:35,473	DROP	002820	SUN&L	trend_gate
2026-05-13 16:10:35,890	DROP	088790	진도	trend_gate
2026-05-13 16:10:36,253	DROP	322970	무진메디	trend_gate
2026-05-13 16:10:36,636	DROP	091340	S&K폴리텍	trend_gate
2026-05-13 16:10:37,002	DROP	368600	아이씨에이치	trend_gate
2026-05-13 16:10:37,372	DROP	115160	휴맥스	trend_gate
2026-05-13 16:10:37,741	DROP	446070	유니드비티플러스	trend_gate
2026-05-13 16:10:38,116	DROP	236810	엔비티	trend_gate
2026-05-13 16:10:38,673	DROP	102950	아하	trend_gate
2026-05-13 16:10:39,048	DROP	005360	모나미	trend_gate
2026-05-13 16:10:39,429	DROP	301300	바이브컴퍼니	trend_gate
2026-05-13 16:10:39,792	DROP	068100	케이웨더	trend_gate
2026-05-13 16:10:40,158	DROP	465770	STX그린로지스	trend_gate
2026-05-13 16:10:40,529	DROP	121890	에스디시스템	liquidity_gate:KOSDAQ
2026-05-13 16:10:40,917	DROP	069640	한세엠케이	trend_gate
2026-05-13 16:10:41,324	DROP	067730	로지시스	trend_gate
2026-05-13 16:10:41,706	DROP	123840	뉴온	trend_gate
2026-05-13 16:10:42,089	DROP	310870	디와이씨	trend_gate
2026-05-13 16:10:42,536	DROP	033250	체시스	trend_gate
2026-05-13 16:10:42,898	DROP	331520	밸로프	trend_gate
2026-05-13 16:10:43,307	DROP	900110	이스트아시아홀딩스	trend_gate
2026-05-13 16:10:43,689	DROP	377330	이지트로닉스	trend_gate
2026-05-13 16:10:44,066	DROP	091970	나노캠텍	52w_ceiling_gate
2026-05-13 16:10:44,448	DROP	227420	도부	trend_gate
2026-05-13 16:10:44,858	DROP	024940	PN풍년	trend_gate
2026-05-13 16:10:45,229	DROP	085810	알티캐스트	trend_gate
2026-05-13 16:10:45,613	DROP	004870	티웨이홀딩스	trend_gate
2026-05-13 16:10:46,050	DROP	052300	오션인더블유	trend_gate
2026-05-13 16:10:46,423	DROP	019660	글로본	trend_gate
2026-05-13 16:10:46,784	DROP	078860	아이오케이이엔엠	trend_gate
2026-05-13 16:10:47,194	DROP	044780	에이치케이	trend_gate
2026-05-13 16:10:47,580	DROP	123750	알톤	trend_gate
2026-05-13 16:10:47,956	DROP	031510	오스템	trend_gate
2026-05-13 16:10:48,338	DROP	032680	소프트센	trend_gate
2026-05-13 16:10:48,739	DROP	206950	볼빅	trend_gate
2026-05-13 16:10:49,101	DROP	318010	팜스빌	trend_gate
2026-05-13 16:10:49,482	DROP	060380	동양에스텍	trend_gate
2026-05-13 16:10:49,872	DROP	054090	삼진엘앤디	trend_gate
2026-05-13 16:10:50,246	DROP	233990	질경이	trend_gate
2026-05-13 16:10:50,626	DROP	044380	주연테크	trend_gate
2026-05-13 16:10:50,975	DROP	417180	핑거스토리	trend_gate
2026-05-13 16:10:51,345	DROP	131180	딜리	trend_gate
2026-05-13 16:10:51,795	DROP	101400	엔시트론	trend_gate
2026-05-13 16:10:52,137	DROP	285800	진영	trend_gate
2026-05-13 16:10:52,501	DROP	311060	엘에이티	trend_gate
2026-05-13 16:10:52,879	DROP	043220	티에스넥스젠	trend_gate
2026-05-13 16:10:53,264	DROP	021040	대호특수강	trend_gate
2026-05-13 16:10:53,700	DROP	007770	한일화학	trend_gate
2026-05-13 16:10:54,067	DROP	226340	본느	trend_gate
2026-05-13 16:10:54,452	DROP	267790	배럴	trend_gate
2026-05-13 16:10:54,864	DROP	303030	지니틱스	trend_gate
2026-05-13 16:10:55,274	DROP	103230	에스앤더블류	trend_gate
2026-05-13 16:10:55,620	DROP	362990	드림인사이트	trend_gate
2026-05-13 16:10:55,987	DROP	405000	플라즈맵	trend_gate
2026-05-13 16:10:56,360	DROP	034940	조아제약	trend_gate
2026-05-13 16:10:56,807	DROP	016920	카스	trend_gate
2026-05-13 16:10:57,172	DROP	238200	비피도	trend_gate
2026-05-13 16:10:57,535	DROP	188040	바이오포트	trend_gate
2026-05-13 16:10:57,900	DROP	457600	벡트	trend_gate
2026-05-13 16:10:58,281	DROP	139670	키네마스터	trend_gate
2026-05-13 16:10:58,653	DROP	115530	씨엔플러스	trend_gate
2026-05-13 16:10:59,026	DROP	193250	링크드	trend_gate
2026-05-13 16:10:59,411	DROP	005110	한창	trend_gate
2026-05-13 16:10:59,926	DROP	179720	머니무브	trend_gate
2026-05-13 16:11:00,304	DROP	069140	누리플랜	trend_gate
2026-05-13 16:11:00,679	DROP	434190	탈로스	trend_gate
2026-05-13 16:11:01,067	DROP	020400	대동금속	trend_gate
2026-05-13 16:11:01,431	DROP	328380	솔트웨어	trend_gate
2026-05-13 16:11:01,832	DROP	143210	핸즈코퍼레이션	trend_gate
2026-05-13 16:11:02,253	DROP	032080	아즈텍WB	trend_gate
2026-05-13 16:11:02,643	DROP	042040	케이피엠테크	trend_gate
2026-05-13 16:11:03,046	DROP	054940	엑사이엔씨	trend_gate
2026-05-13 16:11:03,422	DROP	037400	우리엔터프라이즈	trend_gate
2026-05-13 16:11:03,760	DROP	059180	엔더블유시	insufficient_rows:94
2026-05-13 16:11:04,123	DROP	418620	E8	trend_gate
2026-05-13 16:11:04,491	DROP	036480	대성미생물	trend_gate
2026-05-13 16:11:04,838	DROP	109670	씨싸이트	trend_gate
2026-05-13 16:11:05,242	DROP	093380	풍강	trend_gate
2026-05-13 16:11:05,629	DROP	058450	한주에이알티	trend_gate
2026-05-13 16:11:06,016	DROP	051780	큐로홀딩스	trend_gate
2026-05-13 16:11:06,407	DROP	900100	애머릿지	trend_gate
2026-05-13 16:11:06,813	DROP	011090	에넥스	trend_gate
2026-05-13 16:11:07,200	DROP	270210	에스알바이오텍	trend_gate
2026-05-13 16:11:07,545	DROP	372800	아이티아이즈	trend_gate
2026-05-13 16:11:07,950	DROP	004270	남성	trend_gate
2026-05-13 16:11:08,407	DROP	373110	엑셀세라퓨틱스	trend_gate
2026-05-13 16:11:08,800	DROP	039310	세중	trend_gate
2026-05-13 16:11:09,194	DROP	088290	이원컴포텍	trend_gate
2026-05-13 16:11:09,579	DROP	053060	세동	trend_gate
2026-05-13 16:11:09,952	DROP	355690	에이텀	trend_gate
2026-05-13 16:11:10,356	DROP	025890	한국주강	liquidity_gate:KOSPI
2026-05-13 16:11:10,715	DROP	043360	디지아이	liquidity_gate:KOSDAQ
2026-05-13 16:11:11,079	DROP	208350	지란지교시큐리티	trend_gate
2026-05-13 16:11:11,481	DROP	197140	디지캡	trend_gate
2026-05-13 16:11:11,897	DROP	092600	앤씨앤	trend_gate
2026-05-13 16:11:12,346	DROP	403360	라피치	trend_gate
2026-05-13 16:11:12,761	DROP	900270	헝셩그룹	trend_gate
2026-05-13 16:11:13,136	DROP	207490	에이펙스인텍	trend_gate
2026-05-13 16:11:13,540	DROP	415380	스튜디오삼익	trend_gate
2026-05-13 16:11:13,925	DROP	352940	인바이오	trend_gate
2026-05-13 16:11:14,298	DROP	225590	패션플랫폼	liquidity_gate:KOSDAQ
2026-05-13 16:11:14,655	DROP	336040	타스컴	liquidity_gate:KOSDAQ
2026-05-13 16:11:15,016	DROP	208640	썸에이지	trend_gate
2026-05-13 16:11:15,410	DROP	067010	이씨에스	trend_gate
2026-05-13 16:11:15,780	DROP	002070	비비안	liquidity_gate:KOSPI
2026-05-13 16:11:16,152	DROP	222980	한국맥널티	trend_gate
2026-05-13 16:11:16,574	DROP	079650	서산	trend_gate
2026-05-13 16:11:16,968	DROP	076340	지에이이노더스	trend_gate
2026-05-13 16:11:17,352	DROP	196700	웹스	trend_gate
2026-05-13 16:11:17,719	DROP	216400	인바이츠바이오코아	trend_gate
2026-05-13 16:11:18,110	DROP	191410	육일씨엔에쓰	trend_gate
2026-05-13 16:11:18,468	DROP	312610	에이에프더블류	trend_gate
2026-05-13 16:11:18,826	DROP	070590	인티큐브	trend_gate
2026-05-13 16:11:19,208	DROP	023770	플레이위드	trend_gate
2026-05-13 16:11:19,597	DROP	083640	인콘	trend_gate
2026-05-13 16:11:19,968	DROP	279600	미디어젠	trend_gate
2026-05-13 16:11:20,394	DROP	009310	참엔지니어링	exception:TypeError
2026-05-13 16:11:20,774	DROP	353190	휴럼	trend_gate
2026-05-13 16:11:21,168	DROP	065150	대산F&B	trend_gate
2026-05-13 16:11:21,597	DROP	130740	티피씨글로벌	trend_gate
2026-05-13 16:11:21,947	DROP	403810	아이엘로보틱스	insufficient_rows:118
2026-05-13 16:11:22,331	DROP	001420	태원물산	trend_gate
2026-05-13 16:11:22,777	DROP	154030	아시아종묘	trend_gate
2026-05-13 16:11:23,127	DROP	115570	스타플렉스	trend_gate
2026-05-13 16:11:23,486	DROP	308100	형지글로벌	trend_gate
2026-05-13 16:11:23,839	DROP	012170	아센디오	trend_gate
2026-05-13 16:11:24,199	DROP	017250	인터엠	trend_gate
2026-05-13 16:11:24,542	DROP	137940	넥스트아이	trend_gate
2026-05-13 16:11:24,916	DROP	101680	한국정밀기계	trend_gate
2026-05-13 16:11:25,315	DROP	060230	제이케이시냅스	trend_gate
2026-05-13 16:11:25,705	DROP	076080	웰크론한텍	trend_gate
2026-05-13 16:11:26,067	DROP	060900	에이전트AI	trend_gate
2026-05-13 16:11:26,586	DROP	032280	삼일	trend_gate
2026-05-13 16:11:26,925	DROP	365900	브이씨	trend_gate
2026-05-13 16:11:27,270	DROP	476710	타조이엔터테인먼트	liquidity_gate:KOSDAQ
2026-05-13 16:11:27,627	DROP	348030	모비릭스	trend_gate
2026-05-13 16:11:28,002	DROP	113810	디젠스	trend_gate
2026-05-13 16:11:28,413	DROP	043590	웰킵스하이텍	52w_ceiling_gate
2026-05-13 16:11:28,805	DROP	275630	에스에스알	trend_gate
2026-05-13 16:11:29,166	DROP	080720	한국유니온제약	trend_gate
2026-05-13 16:11:29,536	DROP	018620	우진비앤지	trend_gate
2026-05-13 16:11:29,896	DROP	289010	아이스크림에듀	trend_gate
2026-05-13 16:11:30,280	DROP	098660	에스티오	trend_gate
2026-05-13 16:11:30,645	DROP	230980	비유테크놀러지	trend_gate
2026-05-13 16:11:30,984	DROP	240600	유진테크놀로지	trend_gate
2026-05-13 16:11:31,348	DROP	331660	한국미라클피플사	liquidity_gate:KOSDAQ
2026-05-13 16:11:31,723	DROP	071950	코아스	trend_gate
2026-05-13 16:11:32,122	DROP	278990	EMB	trend_gate
2026-05-13 16:11:32,521	DROP	032800	판타지오	trend_gate
2026-05-13 16:11:32,920	DROP	247660	나노씨엠에스	trend_gate
2026-05-13 16:11:33,306	DROP	083470	이엠앤아이	trend_gate
2026-05-13 16:11:33,675	DROP	191600	블루탑	liquidity_gate:KOSDAQ
2026-05-13 16:11:34,059	DROP	050760	에스폴리텍	trend_gate
2026-05-13 16:11:34,423	DROP	054410	케이피티유	trend_gate
2026-05-13 16:11:34,798	DROP	154040	다산솔루에타	trend_gate
2026-05-13 16:11:35,194	DROP	002680	한탑	trend_gate
2026-05-13 16:11:35,566	DROP	084440	유비온	trend_gate
2026-05-13 16:11:35,940	DROP	048830	엔피케이	trend_gate
2026-05-13 16:11:36,299	DROP	322780	코퍼스코리아	trend_gate
2026-05-13 16:11:36,661	DROP	083660	CSA 코스믹	trend_gate
2026-05-13 16:11:37,020	DROP	317860	노드메이슨	trend_gate
2026-05-13 16:11:37,508	DROP	060480	국일신동	trend_gate
2026-05-13 16:11:37,892	DROP	215480	토박스코리아	liquidity_gate:KOSDAQ
2026-05-13 16:11:38,375	DROP	009730	이렘	trend_gate
2026-05-13 16:11:38,744	DROP	419540	비스토스	trend_gate
2026-05-13 16:11:39,125	DROP	134060	이퓨쳐	trend_gate
2026-05-13 16:11:39,512	DROP	001770	SHD	trend_gate
2026-05-13 16:11:39,883	DROP	192390	윈하이텍	trend_gate
2026-05-13 16:11:40,263	DROP	015020	이스타코	trend_gate
2026-05-13 16:11:40,724	DROP	065690	파커스	trend_gate
2026-05-13 16:11:41,085	DROP	254160	제이엠멀티	trend_gate
2026-05-13 16:11:41,472	DROP	084180	수성웹툰	trend_gate
2026-05-13 16:11:41,852	DROP	110020	전진바이오팜	trend_gate
2026-05-13 16:11:42,234	DROP	014100	메디앙스	trend_gate
2026-05-13 16:11:42,633	DROP	045520	크린앤사이언스	trend_gate
2026-05-13 16:11:43,015	DROP	214610	롤링스톤	trend_gate
2026-05-13 16:11:43,403	DROP	291810	핀텔	trend_gate
2026-05-13 16:11:43,747	DROP	199730	바이오인프라	trend_gate
2026-05-13 16:11:44,118	DROP	341170	퓨쳐메디신	trend_gate
2026-05-13 16:11:44,522	DROP	096870	엘디티	trend_gate
2026-05-13 16:11:44,897	DROP	031860	디에이치엑스컴퍼니	trend_gate
2026-05-13 16:11:45,272	DROP	222670	플럼라인생명과학	trend_gate
2026-05-13 16:11:45,640	DROP	065420	에스아이리소스	trend_gate
2026-05-13 16:11:45,995	DROP	169670	코스텍시스템	trend_gate
2026-05-13 16:11:46,370	DROP	032980	바이온	trend_gate
2026-05-13 16:11:46,756	DROP	011080	형지I&C	trend_gate
2026-05-13 16:11:47,138	DROP	018700	졸스	trend_gate
2026-05-13 16:11:47,526	DROP	035290	골드앤에스	trend_gate
2026-05-13 16:11:47,903	DROP	060260	뉴보텍	trend_gate
2026-05-13 16:11:48,271	DROP	177350	베셀	trend_gate
2026-05-13 16:11:48,650	DROP	035620	바른손이앤에이	trend_gate
2026-05-13 16:11:49,027	DROP	008600	윌비스	trend_gate
2026-05-13 16:11:49,397	DROP	086220	광동헬스바이오	trend_gate
2026-05-13 16:11:49,741	DROP	052960	태양3C	trend_gate
2026-05-13 16:11:50,091	DROP	368970	오에스피	trend_gate
2026-05-13 16:11:50,480	DROP	009440	KC그린홀딩스	trend_gate
2026-05-13 16:11:50,861	DROP	028080	휴맥스홀딩스	trend_gate
2026-05-13 16:11:51,220	DROP	079190	케스피온	trend_gate
2026-05-13 16:11:51,589	DROP	361670	삼영에스앤씨	trend_gate
2026-05-13 16:11:51,996	DROP	067770	세진티에스	trend_gate
2026-05-13 16:11:52,359	DROP	344860	이노진	trend_gate
2026-05-13 16:11:52,727	DROP	012340	뉴인텍	trend_gate
2026-05-13 16:11:53,097	DROP	241820	피씨엘	trend_gate
2026-05-13 16:11:53,463	DROP	351020	미쥬	trend_gate
2026-05-13 16:11:53,984	DROP	188260	세니젠	trend_gate
2026-05-13 16:11:54,371	DROP	025870	신라에스지	trend_gate
2026-05-13 16:11:54,764	DROP	106520	노블엠앤비	trend_gate
2026-05-13 16:11:55,122	DROP	250930	예선테크	trend_gate
2026-05-13 16:11:55,505	DROP	217880	틸론	trend_gate
2026-05-13 16:11:55,856	DROP	176590	코나솔	trend_gate
2026-05-13 16:11:56,248	DROP	030350	드래곤플라이	trend_gate
2026-05-13 16:11:56,633	DROP	208850	이비테크	trend_gate
2026-05-13 16:11:57,005	DROP	233250	메디안디노스틱	trend_gate
2026-05-13 16:11:57,369	DROP	368030	창대정밀	trend_gate
2026-05-13 16:11:57,752	DROP	227100	프로브잇	trend_gate
2026-05-13 16:11:58,119	DROP	900120	씨엑스아이	trend_gate
2026-05-13 16:11:58,493	DROP	069920	엑시온그룹	trend_gate
2026-05-13 16:11:58,882	DROP	069330	유아이디	trend_gate
2026-05-13 16:11:59,244	DROP	225430	케이엠제약	trend_gate
2026-05-13 16:11:59,649	DROP	008500	일정실업	trend_gate
2026-05-13 16:11:59,988	DROP	379390	이성씨엔아이	trend_gate
2026-05-13 16:12:00,398	DROP	050090	비케이홀딩스	trend_gate
2026-05-13 16:12:00,800	DROP	009620	삼보산업	trend_gate
2026-05-13 16:12:01,129	DROP	0070X0	에스테크엠	insufficient_rows:11
2026-05-13 16:12:01,492	DROP	026910	광진실업	trend_gate
2026-05-13 16:12:01,872	DROP	149010	아이케이세미콘	trend_gate
2026-05-13 16:12:02,302	DROP	079950	인베니아	trend_gate
2026-05-13 16:12:02,653	DROP	352770	셀레스트라	trend_gate
2026-05-13 16:12:03,039	DROP	008290	원풍물산	trend_gate
2026-05-13 16:12:03,397	DROP	244460	올리패스	trend_gate
2026-05-13 16:12:03,782	DROP	302920	더콘텐츠온	trend_gate
2026-05-13 16:12:04,196	DROP	065060	지엔코	trend_gate
2026-05-13 16:12:04,572	DROP	054180	메디콕스	trend_gate
2026-05-13 16:12:04,941	DROP	065570	삼영이엔씨	trend_gate
2026-05-13 16:12:05,298	DROP	456190	큐라켐	trend_gate
2026-05-13 16:12:05,672	DROP	073190	듀오백	trend_gate
2026-05-13 16:12:06,075	DROP	121850	코이즈	trend_gate
2026-05-13 16:12:06,451	DROP	060240	스타코링크	trend_gate
2026-05-13 16:12:06,843	DROP	224760	엔에스컴퍼니	trend_gate
2026-05-13 16:12:07,247	DROP	043100	알파AI	trend_gate
2026-05-13 16:12:07,605	DROP	253610	루트락	trend_gate
2026-05-13 16:12:07,990	DROP	238500	솔루믹스	liquidity_gate:KOSDAQ
2026-05-13 16:12:08,373	DROP	114920	대주이엔티	trend_gate
2026-05-13 16:12:08,762	DROP	178600	대동고려삼	trend_gate
2026-05-13 16:12:09,144	DROP	103660	씨앗	liquidity_gate:KOSDAQ
2026-05-13 16:12:09,519	DROP	106080	케이이엠텍	trend_gate
2026-05-13 16:12:09,921	DROP	145210	다이나믹디자인	trend_gate
2026-05-13 16:12:10,326	DROP	244880	나눔테크	trend_gate
2026-05-13 16:12:10,748	DROP	189350	코셋	liquidity_gate:KOSDAQ
2026-05-13 16:12:11,119	DROP	185190	수프로	trend_gate
2026-05-13 16:12:11,461	DROP	289170	바이오텐	trend_gate
2026-05-13 16:12:11,870	DROP	199150	데이터스트림즈	trend_gate
2026-05-13 16:12:12,296	DROP	236340	메디젠휴먼케어	trend_gate
2026-05-13 16:12:12,682	DROP	079970	투비소프트	trend_gate
2026-05-13 16:12:13,087	DROP	212310	오건에코텍	trend_gate
2026-05-13 16:12:13,478	DROP	447690	아이오바이오	trend_gate
2026-05-13 16:12:13,910	DROP	217320	썬테크	trend_gate
2026-05-13 16:12:14,317	DROP	199290	바이오프로테크	trend_gate
2026-05-13 16:12:14,692	DROP	224810	엄지하우스	trend_gate
2026-05-13 16:12:15,043	DROP	276040	스코넥	trend_gate
2026-05-13 16:12:15,433	DROP	101390	아이엠	trend_gate
2026-05-13 16:12:15,810	DROP	215570	크로넥스	trend_gate
2026-05-13 16:12:16,195	DROP	234070	에이원큐브텍	trend_gate
2026-05-13 16:12:16,606	DROP	251280	안지오랩	trend_gate
2026-05-13 16:12:16,984	DROP	066830	제노텍	trend_gate
2026-05-13 16:12:17,359	DROP	202960	판도라티비	trend_gate
2026-05-13 16:12:17,729	DROP	318660	타임기술	trend_gate
2026-05-13 16:12:18,072	DROP	267080	세븐브로이맥주	trend_gate
2026-05-13 16:12:18,475	DROP	092590	럭스피아	trend_gate
2026-05-13 16:12:18,865	DROP	044180	KD	trend_gate
2026-05-13 16:12:19,221	DROP	236030	씨알푸드	trend_gate
2026-05-13 16:12:19,578	DROP	313760	캐리	trend_gate
2026-05-13 16:12:19,939	DROP	276240	엘리비젼	trend_gate
2026-05-13 16:12:20,278	DROP	266350	팡스카이	trend_gate
2026-05-13 16:12:20,645	DROP	258050	테크트랜스	trend_gate
2026-05-13 16:12:20,999	DROP	327610	펨토바이오메드	trend_gate
2026-05-13 16:12:21,345	DROP	311960	인터로이드	trend_gate
2026-05-13 16:12:21,706	DROP	346010	타이드	trend_gate
2026-05-13 16:12:22,146	DROP	116100	태양기계	trend_gate
2026-05-13 16:12:22,528	DROP	043090	더테크놀로지	trend_gate
2026-05-13 16:12:22,896	DROP	223220	로지스몬	trend_gate
2026-05-13 16:12:23,273	DROP	052770	아이톡시	trend_gate
2026-05-13 16:12:23,620	DROP	093510	엔지브이아이	trend_gate
2026-05-13 16:12:24,016	DROP	136660	큐엠씨	liquidity_gate:KOSDAQ
2026-05-13 16:12:24,372	DROP	299480	지앤이헬스케어	trend_gate
2026-05-13 16:12:24,803	DROP	121060	유니포인트	trend_gate
2026-05-13 16:12:25,178	DROP	217910	에스제이켐	trend_gate
2026-05-13 16:12:25,535	DROP	332190	오션스바이오	trend_gate
2026-05-13 16:12:25,907	DROP	208890	미래엔에듀파트너	trend_gate
2026-05-13 16:12:26,274	DROP	390110	애니메디솔루션	trend_gate
2026-05-13 16:12:26,684	DROP	266470	바이오인프라생명과학	trend_gate
2026-05-13 16:12:27,029	DROP	413300	티엘엔지니어링	trend_gate
2026-05-13 16:12:27,395	DROP	296520	가이아코퍼레이션	trend_gate
2026-05-13 16:12:27,779	DROP	402420	켈스	trend_gate
2026-05-13 16:12:28,175	DROP	448780	마이크로엔엑스	trend_gate
2026-05-13 16:12:28,559	DROP	245450	씨앤에스링크	trend_gate
2026-05-13 16:12:28,966	DROP	140660	위월드	trend_gate
2026-05-13 16:12:29,499	DROP	266170	레드우즈	trend_gate
2026-05-13 16:12:29,927	DROP	279060	이노벡스	trend_gate
2026-05-13 16:12:30,292	DROP	149300	아퓨어스	trend_gate
2026-05-13 16:12:30,297	DROP	036930	주성엔지니어링	foreign_flow_gate:<0.00
2026-05-13 16:12:30,297	DROP	353200	대덕전자	foreign_flow_gate:<0.00
2026-05-13 16:12:30,297	DROP	100790	미래에셋벤처투자	foreign_flow_gate:<0.00
2026-05-13 16:12:30,297	DROP	027360	아주IB투자	foreign_flow_gate:<0.00
2026-05-13 16:12:30,297	DROP	006110	삼아알미늄	foreign_flow_gate:<0.00
2026-05-13 16:12:30,297	DROP	290550	디케이티	foreign_flow_gate:<0.00
2026-05-13 16:12:30,297	DROP	160980	싸이맥스	foreign_flow_gate:<0.00
2026-05-13 16:12:30,297	DROP	209640	와이제이링크	foreign_flow_gate:<0.00
2026-05-13 16:12:30,297	DROP	163730	핑거	foreign_flow_gate:<0.00
2026-05-14 16:44:53,995	DROP	005930	삼성전자	volume_drought_gate
2026-05-14 16:44:54,427	DROP	000660	SK하이닉스	volume_drought_gate
2026-05-14 16:44:54,823	DROP	402340	SK스퀘어	volume_drought_gate
2026-05-14 16:44:55,239	DROP	005380	현대차	volume_drought_gate
2026-05-14 16:44:55,649	DROP	373220	LG에너지솔루션	trend_gate
2026-05-14 16:44:56,082	DROP	009150	삼성전기	volume_drought_gate
2026-05-14 16:44:56,515	DROP	034020	두산에너빌리티	trend_gate
2026-05-14 16:44:56,982	DROP	028260	삼성물산	volume_drought_gate
2026-05-14 16:44:57,427	DROP	329180	HD현대중공업	volume_drought_gate
2026-05-14 16:44:57,874	DROP	000270	기아	volume_drought_gate
2026-05-14 16:44:58,296	DROP	012450	한화에어로스페이스	trend_gate
2026-05-14 16:44:58,715	DROP	207940	삼성바이오로직스	trend_gate
2026-05-14 16:44:59,125	DROP	032830	삼성생명	volume_drought_gate
2026-05-14 16:44:59,532	DROP	012330	현대모비스	volume_drought_gate
2026-05-14 16:44:59,973	DROP	105560	KB금융	trend_gate
2026-05-14 16:45:00,398	DROP	006400	삼성SDI	volume_drought_gate
2026-05-14 16:45:00,824	DROP	055550	신한지주	trend_gate
2026-05-14 16:45:01,236	DROP	267260	HD현대일렉트릭	volume_drought_gate
2026-05-14 16:45:01,671	DROP	068270	셀트리온	trend_gate
2026-05-14 16:45:02,083	DROP	010120	LS ELECTRIC	volume_drought_gate
2026-05-14 16:45:02,523	DROP	006800	미래에셋증권	volume_drought_gate
2026-05-14 16:45:02,956	DROP	034730	SK	volume_drought_gate
2026-05-14 16:45:03,359	DROP	042700	한미반도체	volume_drought_gate
2026-05-14 16:45:03,760	DROP	005490	POSCO홀딩스	volume_drought_gate
2026-05-14 16:45:04,175	DROP	298040	효성중공업	volume_drought_gate
2026-05-14 16:45:04,590	DROP	042660	한화오션	trend_gate
2026-05-14 16:45:05,107	DROP	066570	LG전자	volume_drought_gate
2026-05-14 16:45:05,531	DROP	086790	하나금융지주	volume_drought_gate
2026-05-14 16:45:05,959	DROP	035420	NAVER	trend_gate
2026-05-14 16:45:06,397	DROP	010130	고려아연	trend_gate
2026-05-14 16:45:06,812	DROP	009540	HD한국조선해양	trend_gate
2026-05-14 16:45:07,223	DROP	051910	LG화학	trend_gate
2026-05-14 16:45:07,658	DROP	000150	두산	volume_drought_gate
2026-05-14 16:45:08,074	DROP	010140	삼성중공업	trend_gate
2026-05-14 16:45:08,499	DROP	015760	한국전력	trend_gate
2026-05-14 16:45:08,920	DROP	000810	삼성화재	trend_gate
2026-05-14 16:45:09,325	DROP	316140	우리금융지주	trend_gate
2026-05-14 16:45:09,762	DROP	064350	현대로템	trend_gate
2026-05-14 16:45:10,191	DROP	003670	포스코퓨처엠	trend_gate
2026-05-14 16:45:10,608	DROP	017670	SK텔레콤	volume_drought_gate
2026-05-14 16:45:11,018	DROP	267250	HD현대	trend_gate
2026-05-14 16:45:11,421	DROP	272210	한화시스템	trend_gate
2026-05-14 16:45:11,852	DROP	033780	KT&G	volume_drought_gate
2026-05-14 16:45:12,253	DROP	096770	SK이노베이션	trend_gate
2026-05-14 16:45:12,695	DROP	196170	알테오젠	trend_gate
2026-05-14 16:45:13,093	DROP	247540	에코프로비엠	trend_gate
2026-05-14 16:45:13,513	DROP	035720	카카오	trend_gate
2026-05-14 16:45:13,941	DROP	086280	현대글로비스	volume_drought_gate
2026-05-14 16:45:14,357	DROP	086520	에코프로	trend_gate
2026-05-14 16:45:14,783	DROP	079550	LIG디펜스앤에어로스페이스	trend_gate
2026-05-14 16:45:15,210	DROP	011200	HMM	trend_gate
2026-05-14 16:45:15,609	DROP	307950	현대오토에버	volume_drought_gate
2026-05-14 16:45:16,017	DROP	000720	현대건설	volume_drought_gate
2026-05-14 16:45:16,429	DROP	003550	LG	volume_drought_gate
2026-05-14 16:45:16,833	DROP	011070	LG이노텍	volume_drought_gate
2026-05-14 16:45:17,245	DROP	024110	기업은행	trend_gate
2026-05-14 16:45:17,657	DROP	047810	한국항공우주	trend_gate
2026-05-14 16:45:18,066	DROP	277810	레인보우로보틱스	volume_drought_gate
2026-05-14 16:45:18,460	DROP	278470	에이피알	trend_gate
2026-05-14 16:45:18,889	DROP	006260	LS	volume_drought_gate
2026-05-14 16:45:19,308	DROP	030200	KT	volume_drought_gate
2026-05-14 16:45:19,752	DROP	071050	한국금융지주	trend_gate
2026-05-14 16:45:20,154	DROP	018260	삼성에스디에스	trend_gate
2026-05-14 16:45:20,550	DROP	259960	크래프톤	trend_gate
2026-05-14 16:45:25,713	DROP	047050	포스코인터내셔널	trend_gate
2026-05-14 16:45:26,084	DROP	0126Z0	삼성에피스홀딩스	insufficient_rows:115
2026-05-14 16:45:26,515	DROP	010950	S-Oil	trend_gate
2026-05-14 16:45:26,914	DROP	005940	NH투자증권	trend_gate
2026-05-14 16:45:27,338	DROP	001440	대한전선	volume_drought_gate
2026-05-14 16:45:27,793	DROP	016360	삼성증권	volume_drought_gate
2026-05-14 16:45:28,226	DROP	005830	DB손해보험	trend_gate
2026-05-14 16:45:28,636	DROP	323410	카카오뱅크	trend_gate
2026-05-14 16:45:29,038	DROP	039490	키움증권	trend_gate
2026-05-14 16:45:29,467	DROP	003230	삼양식품	trend_gate
2026-05-14 16:45:29,894	DROP	028050	삼성E&A	volume_drought_gate
2026-05-14 16:45:30,287	DROP	352820	하이브	trend_gate
2026-05-14 16:45:30,738	DROP	000880	한화	volume_drought_gate
2026-05-14 16:45:31,149	DROP	003490	대한항공	volume_drought_gate
2026-05-14 16:45:31,546	DROP	443060	HD현대마린솔루션	trend_gate
2026-05-14 16:45:31,956	DROP	007660	이수페타시스	trend_gate
2026-05-14 16:45:32,366	DROP	950160	코오롱티슈진	volume_drought_gate
2026-05-14 16:45:32,769	DROP	000250	삼천당제약	trend_gate
2026-05-14 16:45:33,160	DROP	062040	산일전기	volume_drought_gate
2026-05-14 16:45:33,565	DROP	058470	리노공업	trend_gate
2026-05-14 16:45:33,960	DROP	064400	LG씨엔에스	trend_gate
2026-05-14 16:45:34,355	DROP	267270	HD건설기계	trend_gate
2026-05-14 16:45:34,776	DROP	180640	한진칼	trend_gate
2026-05-14 16:45:40,169	DROP	326030	SK바이오팜	trend_gate
2026-05-14 16:45:40,840	DROP	000990	DB하이텍	volume_drought_gate
2026-05-14 16:45:41,285	DROP	377300	카카오페이	trend_gate
2026-05-14 16:45:46,454	DROP	034220	LG디스플레이	trend_gate
2026-05-14 16:45:46,954	DROP	161390	한국타이어앤테크놀로지	volume_drought_gate
2026-05-14 16:45:47,427	DROP	090430	아모레퍼시픽	trend_gate
2026-05-14 16:45:47,870	DROP	141080	리가켐바이오	volume_drought_gate
2026-05-14 16:45:52,984	DROP	032640	LG유플러스	volume_drought_gate
2026-05-14 16:45:53,394	DROP	000100	유한양행	trend_gate
2026-05-14 16:45:53,798	DROP	028300	HLB	trend_gate
2026-05-14 16:45:54,219	DROP	298380	에이비엘바이오	trend_gate
2026-05-14 16:45:54,623	DROP	066970	엘앤에프	trend_gate
2026-05-14 16:45:55,052	DROP	078930	GS	trend_gate
2026-05-14 16:45:55,467	DROP	454910	두산로보틱스	volume_drought_gate
2026-05-14 16:45:55,863	DROP	241560	두산밥캣	trend_gate
2026-05-14 16:45:56,277	DROP	021240	코웨이	trend_gate
2026-05-14 16:45:56,686	DROP	010060	OCI홀딩스	volume_drought_gate
2026-05-14 16:45:57,080	DROP	000500	가온전선	52w_ceiling_gate
2026-05-14 16:45:57,518	DROP	082740	한화엔진	volume_drought_gate
2026-05-14 16:45:57,934	DROP	103590	일진전기	volume_drought_gate
2026-05-14 16:45:58,355	DROP	240810	원익IPS	volume_drought_gate
2026-05-14 16:45:58,778	DROP	001040	CJ	trend_gate
2026-05-14 16:45:59,188	DROP	087010	펩트론	trend_gate
2026-05-14 16:45:59,647	DROP	004020	현대제철	volume_drought_gate
2026-05-14 16:46:00,084	DROP	336260	두산퓨얼셀	volume_drought_gate
2026-05-14 16:46:00,516	DROP	036570	NC	volume_drought_gate
2026-05-14 16:46:00,940	DROP	052690	한전기술	trend_gate
2026-05-14 16:46:01,365	DROP	029780	삼성카드	trend_gate
2026-05-14 16:46:01,794	DROP	039030	이오테크닉스	trend_gate
2026-05-14 16:46:02,216	DROP	128940	한미약품	trend_gate
2026-05-14 16:46:07,348	DROP	011790	SKC	volume_drought_gate
2026-05-14 16:46:07,744	DROP	214370	케어젠	trend_gate
2026-05-14 16:46:08,148	DROP	138930	BNK금융지주	trend_gate
2026-05-14 16:46:08,552	DROP	022100	포스코DX	volume_drought_gate
2026-05-14 16:46:08,944	DROP	088980	맥쿼리인프라	trend_gate
2026-05-14 16:46:14,127	DROP	440110	파두	volume_drought_gate
2026-05-14 16:46:14,564	DROP	018880	한온시스템	volume_drought_gate
2026-05-14 16:46:15,118	DROP	002380	KCC	volume_drought_gate
2026-05-14 16:46:15,757	DROP	004170	신세계	volume_drought_gate
2026-05-14 16:46:16,331	DROP	108490	로보티즈	volume_drought_gate
2026-05-14 16:46:16,797	DROP	023530	롯데쇼핑	volume_drought_gate
2026-05-14 16:46:17,272	DROP	310210	보로노이	trend_gate
2026-05-14 16:46:17,705	DROP	319400	현대무벡스	volume_drought_gate
2026-05-14 16:46:18,130	DROP	450080	에코프로머티	trend_gate
2026-05-14 16:46:18,577	DROP	175330	JB금융지주	trend_gate
2026-05-14 16:46:19,012	DROP	088350	한화생명	volume_drought_gate
2026-05-14 16:46:24,244	DROP	051900	LG생활건강	trend_gate
2026-05-14 16:46:24,695	DROP	004800	효성	volume_drought_gate
2026-05-14 16:46:25,112	DROP	222800	심텍	volume_drought_gate
2026-05-14 16:46:30,354	DROP	489790	한화비전	trend_gate
2026-05-14 16:46:30,799	DROP	011170	롯데케미칼	trend_gate
2026-05-14 16:46:31,348	DROP	064760	티씨케이	volume_drought_gate
2026-05-14 16:46:31,815	DROP	010170	대한광통신	volume_drought_gate
2026-05-14 16:46:32,414	DROP	014680	한솔케미칼	volume_drought_gate
2026-05-14 16:46:32,914	DROP	011780	금호석유화학	volume_drought_gate
2026-05-14 16:46:33,402	DROP	357780	솔브레인	volume_drought_gate
2026-05-14 16:46:33,836	DROP	131970	두산테스나	volume_drought_gate
2026-05-14 16:46:34,242	DROP	012510	더존비즈온	liquidity_gate:KOSPI
2026-05-14 16:46:34,672	DROP	214450	파마리서치	trend_gate
2026-05-14 16:46:35,097	DROP	017800	현대엘리베이터	trend_gate
2026-05-14 16:46:35,540	DROP	251270	넷마블	trend_gate
2026-05-14 16:46:35,951	DROP	214150	클래시스	trend_gate
2026-05-14 16:46:36,358	DROP	111770	영원무역	trend_gate
2026-05-14 16:46:36,761	DROP	145020	휴젤	trend_gate
2026-05-14 16:46:37,159	DROP	020150	롯데에너지머티리얼즈	volume_drought_gate
2026-05-14 16:46:37,586	DROP	036460	한국가스공사	trend_gate
2026-05-14 16:46:38,002	DROP	035250	강원랜드	trend_gate
2026-05-14 16:46:38,428	DROP	097950	CJ제일제당	trend_gate
2026-05-14 16:46:38,840	DROP	302440	SK바이오사이언스	trend_gate
2026-05-14 16:46:39,274	DROP	084370	유진테크	volume_drought_gate
2026-05-14 16:46:39,680	DROP	375500	DL이앤씨	trend_gate
2026-05-14 16:46:40,086	DROP	457190	이수스페셜티케미컬	trend_gate
2026-05-14 16:46:40,516	DROP	139480	이마트	volume_drought_gate
2026-05-14 16:46:40,931	DROP	028670	팬오션	volume_drought_gate
2026-05-14 16:46:41,347	DROP	226950	올릭스	trend_gate
2026-05-14 16:46:41,765	DROP	263750	펄어비스	trend_gate
2026-05-14 16:46:42,145	DROP	031210	서울보증보험	trend_gate
2026-05-14 16:46:42,538	DROP	483650	달바글로벌	volume_drought_gate
2026-05-14 16:46:42,933	DROP	383220	F&F	trend_gate
2026-05-14 16:46:48,965	DROP	319660	피에스케이	volume_drought_gate
2026-05-14 16:46:50,211	DROP	005850	에스엘	volume_drought_gate
2026-05-14 16:46:51,412	DROP	032820	우리기술	trend_gate
2026-05-14 16:46:52,250	DROP	001720	신영증권	trend_gate
2026-05-14 16:46:53,281	DROP	139130	iM금융지주	volume_drought_gate
2026-05-14 16:46:54,240	DROP	347850	디앤디파마텍	trend_gate
2026-05-14 16:46:54,885	DROP	043260	성호전자	trend_gate
2026-05-14 16:46:55,501	DROP	006360	GS건설	trend_gate
2026-05-14 16:46:56,200	DROP	005290	동진쎄미켐	trend_gate
2026-05-14 16:46:56,769	DROP	237690	에스티팜	trend_gate
2026-05-14 16:46:57,340	DROP	067310	하나마이크론	volume_drought_gate
2026-05-14 16:46:57,963	DROP	204320	HL만도	volume_drought_gate
2026-05-14 16:46:58,612	DROP	004990	롯데지주	trend_gate
2026-05-14 16:46:59,407	DROP	058610	에스피지	volume_drought_gate
2026-05-14 16:47:00,204	DROP	218410	RFHIC	volume_drought_gate
2026-05-14 16:47:00,834	DROP	012750	에스원	trend_gate
2026-05-14 16:47:01,545	DROP	071970	HD현대마린엔진	trend_gate
2026-05-14 16:47:07,266	DROP	031980	피에스케이홀딩스	volume_drought_gate
2026-05-14 16:47:07,892	DROP	439260	대한조선	insufficient_rows:190
2026-05-14 16:47:08,562	DROP	229640	LS에코에너지	volume_drought_gate
2026-05-14 16:47:09,180	DROP	001450	현대해상	volume_drought_gate
2026-05-14 16:47:09,875	DROP	009970	영원무역홀딩스	trend_gate
2026-05-14 16:47:10,572	DROP	098460	고영	volume_drought_gate
2026-05-14 16:47:21,192	DROP	257720	실리콘투	trend_gate
2026-05-14 16:47:22,038	DROP	069960	현대백화점	volume_drought_gate
2026-05-14 16:47:22,997	DROP	0009K0	에임드바이오	insufficient_rows:107
2026-05-14 16:47:23,913	DROP	011210	현대위아	volume_drought_gate
2026-05-14 16:47:24,679	DROP	120110	코오롱인더	trend_gate
2026-05-14 16:47:25,266	DROP	080220	제주반도체	volume_drought_gate
2026-05-14 16:47:25,943	DROP	018670	SK가스	liquidity_gate:KOSPI
2026-05-14 16:47:26,504	DROP	103140	풍산	trend_gate
2026-05-14 16:47:27,049	DROP	001430	세아베스틸지주	volume_drought_gate
2026-05-14 16:47:27,574	DROP	008770	호텔신라	volume_drought_gate
2026-05-14 16:47:28,058	DROP	026960	동서	trend_gate
2026-05-14 16:47:28,595	DROP	051600	한전KPS	trend_gate
2026-05-14 16:47:29,152	DROP	282330	BGF리테일	liquidity_gate:KOSPI
2026-05-14 16:47:29,785	DROP	083650	비에이치아이	trend_gate
2026-05-14 16:47:30,438	DROP	009420	한올바이오파마	trend_gate
2026-05-14 16:47:30,995	DROP	008930	한미사이언스	trend_gate
2026-05-14 16:47:31,513	DROP	078600	대주전자재료	volume_drought_gate
2026-05-14 16:47:32,001	DROP	007070	GS리테일	liquidity_gate:KOSPI
2026-05-14 16:47:32,617	DROP	095610	테스	volume_drought_gate
2026-05-14 16:47:33,247	DROP	005440	현대지에프홀딩스	liquidity_gate:KOSPI
2026-05-14 16:47:33,808	DROP	161890	한국콜마	volume_drought_gate
2026-05-14 16:47:34,553	DROP	004370	농심	trend_gate
2026-05-14 16:47:40,387	DROP	030530	원익홀딩스	trend_gate
2026-05-14 16:47:40,964	DROP	112610	씨에스윈드	trend_gate
2026-05-14 16:47:41,503	DROP	068760	셀트리온제약	trend_gate
2026-05-14 16:47:42,007	DROP	000240	한국앤컴퍼니	trend_gate
2026-05-14 16:47:42,526	DROP	140410	메지온	trend_gate
2026-05-14 16:47:42,962	DROP	279570	케이뱅크	insufficient_rows:49
2026-05-14 16:47:43,551	DROP	030000	제일기획	trend_gate
2026-05-14 16:47:44,066	DROP	097230	HJ중공업	trend_gate
2026-05-14 16:47:44,568	DROP	347700	스피어	trend_gate
2026-05-14 16:47:45,063	DROP	192820	코스맥스	trend_gate
2026-05-14 16:47:45,499	DROP	323280	태성	trend_gate
2026-05-14 16:47:45,950	DROP	000120	CJ대한통운	trend_gate
2026-05-14 16:47:46,491	DROP	003690	코리안리	trend_gate
2026-05-14 16:47:46,962	DROP	476830	알지노믹스	insufficient_rows:97
2026-05-14 16:47:47,426	DROP	017960	한국카본	trend_gate
2026-05-14 16:47:47,914	DROP	041510	에스엠	trend_gate
2026-05-14 16:47:48,437	DROP	131290	티에스이	volume_drought_gate
2026-05-14 16:47:49,061	DROP	035900	JYP Ent.	trend_gate
2026-05-14 16:47:49,604	DROP	060370	LS마린솔루션	volume_drought_gate
2026-05-14 16:47:50,228	DROP	089030	테크윙	trend_gate
2026-05-14 16:47:50,721	DROP	002790	아모레퍼시픽홀딩스	trend_gate
2026-05-14 16:47:51,198	DROP	140860	파크시스템스	volume_drought_gate
2026-05-14 16:47:51,721	DROP	081660	미스토홀딩스	trend_gate
2026-05-14 16:47:52,302	DROP	298020	효성티앤씨	trend_gate
2026-05-14 16:47:53,021	DROP	085620	미래에셋생명	trend_gate
2026-05-14 16:47:53,503	DROP	361610	SK아이이테크놀로지	trend_gate
2026-05-14 16:47:54,241	DROP	027360	아주IB투자	volume_drought_gate
2026-05-14 16:47:54,753	DROP	023590	다우기술	trend_gate
2026-05-14 16:47:55,269	DROP	077970	STX엔진	trend_gate
2026-05-14 16:47:55,831	DROP	005070	코스모신소재	trend_gate
2026-05-14 16:47:56,401	DROP	183300	코미코	volume_drought_gate
2026-05-14 16:47:56,933	DROP	101490	에스앤에스텍	trend_gate
2026-05-14 16:47:57,476	DROP	039200	오스코텍	trend_gate
2026-05-14 16:47:58,006	DROP	462870	시프트업	trend_gate
2026-05-14 16:47:58,573	DROP	001120	LX인터내셔널	trend_gate
2026-05-14 16:47:59,197	DROP	003540	대신증권	trend_gate
2026-05-14 16:47:59,717	DROP	475150	SK이터닉스	trend_gate
2026-05-14 16:48:00,262	DROP	437730	삼현	volume_drought_gate
2026-05-14 16:48:00,804	DROP	099320	쎄트렉아이	trend_gate
2026-05-14 16:48:01,223	DROP	189300	인텔리안테크	volume_drought_gate
2026-05-14 16:48:01,651	DROP	006040	동원산업	trend_gate
2026-05-14 16:48:02,073	DROP	475830	오름테라퓨틱	trend_gate
2026-05-14 16:48:02,525	DROP	006280	녹십자	trend_gate
2026-05-14 16:48:02,920	DROP	439960	코스모로보틱스	insufficient_rows:4
2026-05-14 16:48:03,366	DROP	003570	SNT다이내믹스	trend_gate
2026-05-14 16:48:03,792	DROP	069620	대웅제약	trend_gate
2026-05-14 16:48:04,207	DROP	491000	리브스메드	insufficient_rows:93
2026-05-14 16:48:04,793	DROP	096530	씨젠	trend_gate
2026-05-14 16:48:05,298	DROP	290650	엘앤씨바이오	trend_gate
2026-05-14 16:48:05,764	DROP	445680	큐리옥스바이오시스템즈	trend_gate
2026-05-14 16:48:06,260	DROP	020560	아시아나항공	trend_gate
2026-05-14 16:48:06,754	DROP	281820	케이씨텍	volume_drought_gate
2026-05-14 16:48:07,265	DROP	232140	와이씨	trend_gate
2026-05-14 16:48:07,823	DROP	417200	LS머트리얼즈	trend_gate
2026-05-14 16:48:08,554	DROP	420770	기가비스	volume_drought_gate
2026-05-14 16:48:09,322	DROP	038500	삼표시멘트	trend_gate
2026-05-14 16:48:10,104	DROP	030610	교보증권	trend_gate
2026-05-14 16:48:10,807	DROP	001740	SK네트웍스	volume_drought_gate
2026-05-14 16:48:11,529	DROP	032350	롯데관광개발	trend_gate
2026-05-14 16:48:12,249	DROP	003530	한화투자증권	trend_gate
2026-05-14 16:48:12,816	DROP	166090	하나머티리얼즈	volume_drought_gate
2026-05-14 16:48:13,211	DROP	458870	씨어스	trend_gate
2026-05-14 16:48:13,675	DROP	001800	오리온홀딩스	liquidity_gate:KOSPI
2026-05-14 16:48:14,097	DROP	294870	IPARK현대산업개발	liquidity_gate:KOSPI
2026-05-14 16:48:14,544	DROP	004000	롯데정밀화학	trend_gate
2026-05-14 16:48:14,984	DROP	090710	휴림로봇	52w_ceiling_gate
2026-05-14 16:48:15,419	DROP	195870	해성디에스	volume_drought_gate
2026-05-14 16:48:15,835	DROP	003380	하림지주	trend_gate
2026-05-14 16:48:16,277	DROP	073240	금호타이어	trend_gate
2026-05-14 16:48:16,726	DROP	034230	파라다이스	trend_gate
2026-05-14 16:48:17,161	DROP	397030	에이프릴바이오	volume_drought_gate
2026-05-14 16:48:17,758	DROP	089970	브이엠	volume_drought_gate
2026-05-14 16:48:23,157	DROP	007310	오뚜기	trend_gate
2026-05-14 16:48:23,631	DROP	006110	삼아알미늄	volume_drought_gate
2026-05-14 16:48:24,176	DROP	012630	HDC	trend_gate
2026-05-14 16:48:24,782	DROP	195940	HK이노엔	trend_gate
2026-05-14 16:48:25,390	DROP	085660	차바이오텍	trend_gate
2026-05-14 16:48:25,930	DROP	065350	신성델타테크	trend_gate
2026-05-14 16:48:26,553	DROP	127120	제이에스링크	trend_gate
2026-05-14 16:48:27,114	DROP	032500	케이엠더블유	volume_drought_gate
2026-05-14 16:48:27,703	DROP	036540	SFA반도체	volume_drought_gate
2026-05-14 16:48:28,222	DROP	281740	레이크머티리얼즈	trend_gate
2026-05-14 16:48:28,685	DROP	000210	DL	trend_gate
2026-05-14 16:48:29,173	DROP	100090	SK오션플랜트	trend_gate
2026-05-14 16:48:29,611	DROP	490470	세미파이브	insufficient_rows:91
2026-05-14 16:48:30,156	DROP	213420	덕산네오룩스	trend_gate
2026-05-14 16:48:30,646	DROP	003470	유안타증권	volume_drought_gate
2026-05-14 16:48:31,126	DROP	082640	동양생명	trend_gate
2026-05-14 16:48:31,671	DROP	388210	씨엠티엑스	insufficient_rows:117
2026-05-14 16:48:32,124	DROP	036830	솔브레인홀딩스	trend_gate
2026-05-14 16:48:32,574	DROP	090460	비에이치	volume_drought_gate
2026-05-14 16:48:33,046	DROP	192080	더블유게임즈	trend_gate
2026-05-14 16:48:33,565	DROP	003090	대웅	trend_gate
2026-05-14 16:48:34,139	DROP	161580	필옵틱스	volume_drought_gate
2026-05-14 16:48:34,704	DROP	181710	NHN	trend_gate
2026-05-14 16:48:35,212	DROP	033790	피노	volume_drought_gate
2026-05-14 16:48:35,742	DROP	160190	하이젠알앤엠	trend_gate
2026-05-14 16:48:36,276	DROP	300720	한일시멘트	trend_gate
2026-05-14 16:48:41,485	DROP	124500	아이티센글로벌	trend_gate
2026-05-14 16:48:41,952	DROP	126340	비나텍	volume_drought_gate
2026-05-14 16:48:47,196	DROP	415640	KB발해인프라	trend_gate
2026-05-14 16:48:47,695	DROP	000080	하이트진로	trend_gate
2026-05-14 16:48:48,265	DROP	033100	제룡전기	volume_drought_gate
2026-05-14 16:48:48,703	DROP	003240	태광산업	trend_gate
2026-05-14 16:48:49,161	DROP	089860	롯데렌탈	trend_gate
2026-05-14 16:48:49,763	DROP	083450	GST	volume_drought_gate
2026-05-14 16:48:50,288	DROP	052020	에스티큐브	trend_gate
2026-05-14 16:48:50,784	DROP	137400	피엔티	trend_gate
2026-05-14 16:48:51,391	DROP	000670	영풍	trend_gate
2026-05-14 16:48:51,824	DROP	007390	네이처셀	trend_gate
2026-05-14 16:48:52,394	DROP	048410	현대바이오	trend_gate
2026-05-14 16:48:52,833	DROP	456160	지투지바이오	insufficient_rows:181
2026-05-14 16:48:53,268	DROP	388720	유일로보틱스	52w_ceiling_gate
2026-05-14 16:48:53,723	DROP	204270	제이앤티씨	trend_gate
2026-05-14 16:48:54,127	DROP	466100	클로봇	trend_gate
2026-05-14 16:48:54,646	DROP	222080	씨아이에스	trend_gate
2026-05-14 16:48:55,113	DROP	009450	경동나비엔	trend_gate
2026-05-14 16:48:55,613	DROP	185750	종근당	trend_gate
2026-05-14 16:48:56,093	DROP	295310	에이치브이엠	volume_drought_gate
2026-05-14 16:48:56,614	DROP	376900	로킷헬스케어	trend_gate
2026-05-14 16:48:57,098	DROP	280360	롯데웰푸드	trend_gate
2026-05-14 16:48:57,613	DROP	199800	툴젠	volume_drought_gate
2026-05-14 16:48:58,151	DROP	115180	큐리언트	trend_gate
2026-05-14 16:48:58,668	DROP	005300	롯데칠성	trend_gate
2026-05-14 16:48:59,184	DROP	056190	에스에프에이	trend_gate
2026-05-14 16:48:59,832	DROP	031330	에스에이엠티	volume_drought_gate
2026-05-14 16:49:00,387	DROP	005690	파미셀	trend_gate
2026-05-14 16:49:00,837	DROP	356860	티엘비	volume_drought_gate
2026-05-14 16:49:01,272	DROP	499790	GS피앤엘	volume_drought_gate
2026-05-14 16:49:01,785	DROP	298050	HS효성첨단소재	trend_gate
2026-05-14 16:49:02,342	DROP	046890	서울반도체	volume_drought_gate
2026-05-14 16:49:02,903	DROP	094170	동운아나텍	volume_drought_gate
2026-05-14 16:49:03,425	DROP	057050	현대홈쇼핑	liquidity_gate:KOSPI
2026-05-14 16:49:03,843	DROP	248070	솔루엠	volume_drought_gate
2026-05-14 16:49:04,256	DROP	496320	본시스템즈	insufficient_rows:165
2026-05-14 16:49:04,816	DROP	108320	LX세미콘	volume_drought_gate
2026-05-14 16:49:05,398	DROP	001510	SK증권	trend_gate
2026-05-14 16:49:05,891	DROP	033240	자화전자	volume_drought_gate
2026-05-14 16:49:06,402	DROP	293490	카카오게임즈	trend_gate
2026-05-14 16:49:06,896	DROP	100840	SNT에너지	trend_gate
2026-05-14 16:49:07,360	DROP	137310	에스디바이오센서	trend_gate
2026-05-14 16:49:07,845	DROP	086450	동국제약	trend_gate
2026-05-14 16:49:08,366	DROP	192400	쿠쿠홀딩스	trend_gate
2026-05-14 16:49:08,902	DROP	075580	세진중공업	trend_gate
2026-05-14 16:49:09,401	DROP	050890	쏠리드	trend_gate
2026-05-14 16:49:10,040	DROP	074600	원익QnC	trend_gate
2026-05-14 16:49:10,621	DROP	056080	유진로봇	trend_gate
2026-05-14 16:49:11,152	DROP	053610	프로텍	volume_drought_gate
2026-05-14 16:49:11,823	DROP	171090	선익시스템	trend_gate
2026-05-14 16:49:12,404	DROP	035760	CJ ENM	trend_gate
2026-05-14 16:49:12,928	DROP	006650	대한유화	trend_gate
2026-05-14 16:49:13,514	DROP	253450	스튜디오드래곤	trend_gate
2026-05-14 16:49:14,054	DROP	006120	SK디스커버리	trend_gate
2026-05-14 16:49:14,636	DROP	122870	와이지엔터테인먼트	trend_gate
2026-05-14 16:49:15,158	DROP	476060	온코닉테라퓨틱스	trend_gate
2026-05-14 16:49:15,749	DROP	484870	엠앤씨솔루션	trend_gate
2026-05-14 16:49:21,251	DROP	079900	전진건설로봇	trend_gate
2026-05-14 16:49:21,889	DROP	121600	나노신소재	trend_gate
2026-05-14 16:49:22,472	DROP	023160	태광	trend_gate
2026-05-14 16:49:23,056	DROP	241710	코스메카코리아	volume_drought_gate
2026-05-14 16:49:23,619	DROP	014620	성광벤드	trend_gate
2026-05-14 16:49:24,097	DROP	044490	태웅	trend_gate
2026-05-14 16:49:24,675	DROP	006730	서부T&D	trend_gate
2026-05-14 16:49:25,340	DROP	002020	코오롱	liquidity_gate:KOSPI
2026-05-14 16:49:25,985	DROP	348340	뉴로메카	52w_ceiling_gate
2026-05-14 16:49:26,617	DROP	003160	디아이	trend_gate
2026-05-14 16:49:27,299	DROP	052400	코나아이	volume_drought_gate
2026-05-14 16:49:27,909	DROP	025540	한국단자	liquidity_gate:KOSPI
2026-05-14 16:49:28,406	DROP	285130	SK케미칼	trend_gate
2026-05-14 16:49:28,862	DROP	071320	지역난방공사	trend_gate
2026-05-14 16:49:29,364	DROP	178920	PI첨단소재	liquidity_gate:KOSPI
2026-05-14 16:49:29,934	DROP	010780	아이에스동서	trend_gate
2026-05-14 16:49:30,645	DROP	036530	SNT홀딩스	trend_gate
2026-05-14 16:49:31,214	DROP	064960	SNT모티브	trend_gate
2026-05-14 16:49:31,824	DROP	004490	세방전지	trend_gate
2026-05-14 16:49:32,456	DROP	348370	엔켐	trend_gate
2026-05-14 16:49:33,007	DROP	009240	한샘	trend_gate
2026-05-14 16:49:33,513	DROP	358570	지아이이노베이션	trend_gate
2026-05-14 16:49:34,019	DROP	032190	다우데이타	trend_gate
2026-05-14 16:49:34,484	DROP	003850	보령	trend_gate
2026-05-14 16:49:34,940	DROP	336370	솔루스첨단소재	trend_gate
2026-05-14 16:49:35,422	DROP	082270	젬백스	trend_gate
2026-05-14 16:49:40,664	DROP	0011T0	채비	insufficient_rows:10
2026-05-14 16:49:41,304	DROP	365340	성일하이텍	trend_gate
2026-05-14 16:49:41,800	DROP	030190	NICE평가정보	trend_gate
2026-05-14 16:49:42,417	DROP	005880	대한해운	trend_gate
2026-05-14 16:49:42,939	DROP	079160	CJ CGV	trend_gate
2026-05-14 16:49:43,396	DROP	011930	신성이엔지	trend_gate
2026-05-14 16:49:43,840	DROP	214320	이노션	liquidity_gate:KOSPI
2026-05-14 16:49:44,272	DROP	174900	앱클론	trend_gate
2026-05-14 16:49:44,729	DROP	036810	에프에스티	trend_gate
2026-05-14 16:49:45,205	DROP	009520	포스코엠텍	trend_gate
2026-05-14 16:49:45,779	DROP	059090	미코	volume_drought_gate
2026-05-14 16:49:46,241	DROP	000370	한화손해보험	trend_gate
2026-05-14 16:49:46,699	DROP	399720	가온칩스	trend_gate
2026-05-14 16:49:47,193	DROP	060250	NHN KCP	trend_gate
2026-05-14 16:49:47,674	DROP	003620	KG모빌리티	trend_gate
2026-05-14 16:49:48,205	DROP	005250	녹십자홀딩스	trend_gate
2026-05-14 16:49:48,668	DROP	090360	로보스타	volume_drought_gate
2026-05-14 16:49:49,094	DROP	00104K	CJ4우(전환)	liquidity_gate:KOSPI
2026-05-14 16:49:49,624	DROP	003030	세아제강지주	trend_gate
2026-05-14 16:49:50,249	DROP	092190	서울바이오시스	volume_drought_gate
2026-05-14 16:49:50,756	DROP	086900	메디톡스	trend_gate
2026-05-14 16:49:51,187	DROP	348210	넥스틴	trend_gate
2026-05-14 16:49:51,648	DROP	114090	GKL	trend_gate
2026-05-14 16:49:52,118	DROP	252990	샘씨엔에스	trend_gate
2026-05-14 16:49:52,601	DROP	425420	티에프이	trend_gate
2026-05-14 16:49:53,047	DROP	317450	명인제약	insufficient_rows:148
2026-05-14 16:49:53,471	DROP	001270	부국증권	trend_gate
2026-05-14 16:49:53,961	DROP	102940	코오롱생명과학	trend_gate
2026-05-14 16:49:54,440	DROP	102710	이엔에프테크놀로지	trend_gate
2026-05-14 16:49:54,894	DROP	112040	위메이드	trend_gate
2026-05-14 16:49:55,361	DROP	014820	동원시스템즈	trend_gate
2026-05-14 16:49:55,807	DROP	005090	SGC에너지	trend_gate
2026-05-14 16:49:56,227	DROP	093050	LF	liquidity_gate:KOSPI
2026-05-14 16:49:56,745	DROP	024850	HLB이노베이션	trend_gate
2026-05-14 16:49:57,221	DROP	001680	대상	trend_gate
2026-05-14 16:49:57,681	DROP	249420	일동제약	trend_gate
2026-05-14 16:49:58,175	DROP	001060	JW중외제약	trend_gate
2026-05-14 16:49:58,744	DROP	069260	TKG휴켐스	trend_gate
2026-05-14 16:49:59,204	DROP	007700	F&F홀딩스	trend_gate
2026-05-14 16:49:59,679	DROP	368770	파이버프로	trend_gate
2026-05-14 16:50:00,237	DROP	389470	인벤티지랩	trend_gate
2026-05-14 16:50:00,700	DROP	016380	KG스틸	liquidity_gate:KOSPI
2026-05-14 16:50:01,165	DROP	033640	네패스	volume_drought_gate
2026-05-14 16:50:01,612	DROP	033500	동성화인텍	trend_gate
2026-05-14 16:50:02,068	DROP	053800	안랩	trend_gate
2026-05-14 16:50:07,314	DROP	161000	애경케미칼	trend_gate
2026-05-14 16:50:07,770	DROP	225570	넥슨게임즈	trend_gate
2026-05-14 16:50:08,224	DROP	253590	네오셈	trend_gate
2026-05-14 16:50:08,674	DROP	448900	한국피아이엠	trend_gate
2026-05-14 16:50:09,151	DROP	336570	원텍	trend_gate
2026-05-14 16:50:09,630	DROP	001500	현대차증권	trend_gate
2026-05-14 16:50:10,133	DROP	475960	토모큐브	trend_gate
2026-05-14 16:50:10,626	DROP	089890	코세스	volume_drought_gate
2026-05-14 16:50:11,120	DROP	015750	성우하이텍	trend_gate
2026-05-14 16:50:11,591	DROP	001820	삼화콘덴서	volume_drought_gate
2026-05-14 16:50:12,102	DROP	078160	메디포스트	trend_gate
2026-05-14 16:50:12,638	DROP	015860	일진홀딩스	liquidity_gate:KOSPI
2026-05-14 16:50:13,191	DROP	017940	E1	trend_gate
2026-05-14 16:50:13,672	DROP	017900	광전자	52w_ceiling_gate
2026-05-14 16:50:14,143	DROP	005180	빙그레	trend_gate
2026-05-14 16:50:14,578	DROP	486990	노타	insufficient_rows:130
2026-05-14 16:50:15,064	DROP	002350	넥센타이어	trend_gate
2026-05-14 16:50:15,524	DROP	460860	동국제강	volume_drought_gate
2026-05-14 16:50:16,037	DROP	278280	천보	trend_gate
2026-05-14 16:50:16,709	DROP	002840	미원상사	trend_gate
2026-05-14 16:50:17,338	DROP	089010	켐트로닉스	volume_drought_gate
2026-05-14 16:50:17,873	DROP	376300	디어유	trend_gate
2026-05-14 16:50:18,556	DROP	272290	이녹스첨단소재	trend_gate
2026-05-14 16:50:19,251	DROP	290550	디케이티	volume_drought_gate
2026-05-14 16:50:20,021	DROP	200710	에이디테크놀로지	trend_gate
2026-05-14 16:50:20,916	DROP	003280	흥아해운	trend_gate
2026-05-14 16:50:21,609	DROP	493280	아이엠바이오로직스	insufficient_rows:38
2026-05-14 16:50:22,242	DROP	383800	LX홀딩스	trend_gate
2026-05-14 16:50:23,156	DROP	058650	세아홀딩스	trend_gate
2026-05-14 16:50:23,869	DROP	000640	동아쏘시오홀딩스	trend_gate
2026-05-14 16:50:24,435	DROP	000400	롯데손해보험	trend_gate
2026-05-14 16:50:24,993	DROP	452260	한화갤러리아	volume_drought_gate
2026-05-14 16:50:25,669	DROP	019210	와이지-원	volume_drought_gate
2026-05-14 16:50:26,530	DROP	460930	현대힘스	trend_gate
2026-05-14 16:50:27,284	DROP	214430	아이쓰리시스템	trend_gate
2026-05-14 16:50:28,064	DROP	025980	아난티	trend_gate
2026-05-14 16:50:28,815	DROP	041960	코미팜	trend_gate
2026-05-14 16:50:29,700	DROP	001570	금양	trend_gate
2026-05-14 16:50:30,651	DROP	001530	DI동일	trend_gate
2026-05-14 16:50:31,346	DROP	217590	티엠씨	insufficient_rows:100
2026-05-14 16:50:31,923	DROP	067160	SOOP	trend_gate
2026-05-14 16:50:32,540	DROP	002960	한국쉘석유	trend_gate
2026-05-14 16:50:33,146	DROP	005810	풍산홀딩스	trend_gate
2026-05-14 16:50:33,841	DROP	020000	한섬	liquidity_gate:KOSPI
2026-05-14 16:50:34,297	DROP	389500	에스비비테크	volume_drought_gate
2026-05-14 16:50:40,289	DROP	104830	원익머트리얼즈	trend_gate
2026-05-14 16:50:40,858	DROP	039130	하나투어	trend_gate
2026-05-14 16:50:41,505	DROP	009900	명신산업	trend_gate
2026-05-14 16:50:42,297	DROP	254490	미래반도체	volume_drought_gate
2026-05-14 16:50:42,995	DROP	041830	인바디	liquidity_gate:KOSDAQ
2026-05-14 16:50:43,678	DROP	006380	카프로	trend_gate
2026-05-14 16:50:44,188	DROP	005420	코스모화학	trend_gate
2026-05-14 16:50:44,736	DROP	332570	PS일렉트로닉스	volume_drought_gate
2026-05-14 16:50:45,272	DROP	372320	큐로셀	trend_gate
2026-05-14 16:50:45,792	DROP	330860	네패스아크	volume_drought_gate
2026-05-14 16:50:46,297	DROP	008060	대덕	liquidity_gate:KOSPI
2026-05-14 16:50:46,826	DROP	383310	에코프로에이치엔	trend_gate
2026-05-14 16:50:47,310	DROP	001200	유진투자증권	volume_drought_gate
2026-05-14 16:50:47,771	DROP	453340	현대그린푸드	liquidity_gate:KOSPI
2026-05-14 16:50:48,262	DROP	006910	보성파워텍	trend_gate
2026-05-14 16:50:48,791	DROP	008730	율촌화학	trend_gate
2026-05-14 16:50:49,214	DROP	125490	한라캐스트	insufficient_rows:178
2026-05-14 16:50:49,706	DROP	002240	고려제강	trend_gate
2026-05-14 16:50:50,368	DROP	010820	퍼스텍	trend_gate
2026-05-14 16:50:50,909	DROP	019170	신풍제약	trend_gate
2026-05-14 16:50:51,488	DROP	271940	일진하이솔루스	trend_gate
2026-05-14 16:50:52,000	DROP	031430	신세계인터내셔날	liquidity_gate:KOSPI
2026-05-14 16:50:52,475	DROP	403550	쏘카	liquidity_gate:KOSPI
2026-05-14 16:50:53,031	DROP	016610	DB증권	trend_gate
2026-05-14 16:50:53,550	DROP	045100	한양이엔지	volume_drought_gate
2026-05-14 16:50:54,127	DROP	003000	부광약품	trend_gate
2026-05-14 16:50:54,675	DROP	093320	케이아이엔엑스	liquidity_gate:KOSDAQ
2026-05-14 16:50:55,186	DROP	122640	예스티	trend_gate
2026-05-14 16:50:55,667	DROP	060280	큐렉소	trend_gate
2026-05-14 16:50:56,143	DROP	138080	오이솔루션	volume_drought_gate
2026-05-14 16:50:56,627	DROP	101930	인화정공	liquidity_gate:KOSDAQ
2026-05-14 16:50:57,101	DROP	119850	지엔씨에너지	trend_gate
2026-05-14 16:51:02,342	DROP	042000	카페24	trend_gate
2026-05-14 16:51:02,826	DROP	468530	프로티나	insufficient_rows:193
2026-05-14 16:51:03,261	DROP	168360	펨트론	volume_drought_gate
2026-05-14 16:51:03,688	DROP	284740	쿠쿠홈시스	trend_gate
2026-05-14 16:51:04,158	DROP	014830	유니드	trend_gate
2026-05-14 16:51:04,591	DROP	003300	한일홀딩스	liquidity_gate:KOSPI
2026-05-14 16:51:05,074	DROP	009410	태영건설	trend_gate
2026-05-14 16:51:05,561	DROP	018290	브이티	trend_gate
2026-05-14 16:51:06,060	DROP	268280	미원에스씨	trend_gate
2026-05-14 16:51:06,568	DROP	356680	엑스게이트	volume_drought_gate
2026-05-14 16:51:07,122	DROP	064260	다날	trend_gate
2026-05-14 16:51:07,705	DROP	328130	루닛	trend_gate
2026-05-14 16:51:08,255	DROP	078350	한양디지텍	volume_drought_gate
2026-05-14 16:51:08,775	DROP	035890	서희건설	trend_gate
2026-05-14 16:51:09,304	DROP	317330	덕산테코피아	volume_drought_gate
2026-05-14 16:51:09,902	DROP	025900	동화기업	trend_gate
2026-05-14 16:51:10,458	DROP	130660	한전산업	trend_gate
2026-05-14 16:51:11,086	DROP	107640	한중엔시에스	trend_gate
2026-05-14 16:51:11,561	DROP	393890	더블유씨피	trend_gate
2026-05-14 16:51:12,122	DROP	039440	에스티아이	trend_gate
2026-05-14 16:51:12,717	DROP	099190	아이센스	trend_gate
2026-05-14 16:51:13,189	DROP	354320	알멕	trend_gate
2026-05-14 16:51:13,609	DROP	377740	바이오노트	trend_gate
2026-05-14 16:51:14,092	DROP	094800	맵스리얼티	trend_gate
2026-05-14 16:51:14,602	DROP	211050	인카금융서비스	trend_gate
2026-05-14 16:51:15,089	DROP	041190	우리기술투자	trend_gate
2026-05-14 16:51:15,603	DROP	084110	휴온스글로벌	trend_gate
2026-05-14 16:51:16,092	DROP	010690	화신	volume_drought_gate
2026-05-14 16:51:21,522	DROP	080580	오킨스전자	volume_drought_gate
2026-05-14 16:51:22,011	DROP	101160	월덱스	trend_gate
2026-05-14 16:51:22,480	DROP	0120G0	삼양바이오팜	insufficient_rows:115
2026-05-14 16:51:22,970	DROP	144960	뉴파워프라즈마	volume_drought_gate
2026-05-14 16:51:23,417	DROP	234340	헥토파이낸셜	volume_drought_gate
2026-05-14 16:51:23,848	DROP	487580	폴레드	insufficient_rows:1
2026-05-14 16:51:24,373	DROP	036620	감성코퍼레이션	trend_gate
2026-05-14 16:51:24,865	DROP	287840	인투셀	trend_gate
2026-05-14 16:51:25,354	DROP	230360	에코마케팅	liquidity_gate:KOSDAQ
2026-05-14 16:51:25,874	DROP	004690	삼천리	trend_gate
2026-05-14 16:51:26,332	DROP	381970	케이카	trend_gate
2026-05-14 16:51:26,768	DROP	251970	펌텍코리아	trend_gate
2026-05-14 16:51:27,226	DROP	078130	국일제지	trend_gate
2026-05-14 16:51:27,768	DROP	025320	시노펙스	trend_gate
2026-05-14 16:51:28,244	DROP	000070	삼양홀딩스	trend_gate
2026-05-14 16:51:28,719	DROP	488900	비츠로넥스텍	insufficient_rows:116
2026-05-14 16:51:29,200	DROP	030520	한글과컴퓨터	trend_gate
2026-05-14 16:51:29,628	DROP	110990	디아이티	liquidity_gate:KOSDAQ
2026-05-14 16:51:30,146	DROP	034310	NICE	trend_gate
2026-05-14 16:51:30,778	DROP	047920	HLB제약	trend_gate
2026-05-14 16:51:31,174	DROP	187660	페니트리움바이오	trend_gate
2026-05-14 16:51:31,728	DROP	034950	한국기업평가	liquidity_gate:KOSDAQ
2026-05-14 16:51:37,121	DROP	016590	신대양제지	trend_gate
2026-05-14 16:51:37,610	DROP	027410	BGF	trend_gate
2026-05-14 16:51:38,034	DROP	950210	프레스티지바이오파마	trend_gate
2026-05-14 16:51:43,490	DROP	394280	오픈엣지테크놀로지	trend_gate
2026-05-14 16:51:44,143	DROP	145990	삼양사	trend_gate
2026-05-14 16:51:44,866	DROP	117730	티로보틱스	52w_ceiling_gate
2026-05-14 16:51:45,507	DROP	079370	제우스	trend_gate
2026-05-14 16:51:46,560	DROP	452280	한선엔지니어링	volume_drought_gate
2026-05-14 16:51:47,497	DROP	376270	HEM파마	trend_gate
2026-05-14 16:51:48,387	DROP	013030	하이록코리아	trend_gate
2026-05-14 16:51:49,046	DROP	145720	덴티움	trend_gate
2026-05-14 16:51:49,629	DROP	002710	TCC스틸	trend_gate
2026-05-14 16:51:50,211	DROP	306200	세아제강	liquidity_gate:KOSPI
2026-05-14 16:51:50,729	DROP	015360	INVENI	liquidity_gate:KOSPI
2026-05-14 16:51:51,322	DROP	215200	메가스터디교육	trend_gate
2026-05-14 16:51:51,857	DROP	105840	우진	trend_gate
2026-05-14 16:51:52,489	DROP	029530	신도리코	trend_gate
2026-05-14 16:51:53,077	DROP	114810	한솔아이원스	trend_gate
2026-05-14 16:51:53,595	DROP	455900	엔젤로보틱스	trend_gate
2026-05-14 16:51:54,099	DROP	482630	삼양엔씨켐	volume_drought_gate
2026-05-14 16:51:54,601	DROP	484590	삼양컴텍	insufficient_rows:180
2026-05-14 16:51:55,087	DROP	012030	DB	liquidity_gate:KOSPI
2026-05-14 16:51:55,545	DROP	389650	넥스트바이오메디컬	trend_gate
2026-05-14 16:51:55,980	DROP	079940	가비아	liquidity_gate:KOSDAQ
2026-05-14 16:51:56,473	DROP	002030	아세아	trend_gate
2026-05-14 16:51:56,920	DROP	067630	HLB생명과학	trend_gate
2026-05-14 16:51:57,528	DROP	095660	네오위즈	trend_gate
2026-05-14 16:51:58,031	DROP	006220	제주은행	trend_gate
2026-05-14 16:51:58,533	DROP	192650	드림텍	trend_gate
2026-05-14 16:51:59,051	DROP	025860	남해화학	trend_gate
2026-05-14 16:51:59,542	DROP	340570	티앤엘	trend_gate
2026-05-14 16:52:00,092	DROP	215600	신라젠	trend_gate
2026-05-14 16:52:00,570	DROP	085910	네오티스	volume_drought_gate
2026-05-14 16:52:01,106	DROP	086390	유니테스트	volume_drought_gate
2026-05-14 16:52:01,597	DROP	004710	한솔테크닉스	volume_drought_gate
2026-05-14 16:52:02,098	DROP	029460	케이씨	liquidity_gate:KOSPI
2026-05-14 16:52:02,780	DROP	058430	포스코스틸리온	volume_drought_gate
2026-05-14 16:52:03,427	DROP	072710	농심홀딩스	trend_gate
2026-05-14 16:52:04,014	DROP	126720	수산인더스트리	trend_gate
2026-05-14 16:52:04,492	DROP	441270	파인엠텍	trend_gate
2026-05-14 16:52:09,744	DROP	204620	글로벌텍스프리	trend_gate
2026-05-14 16:52:10,417	DROP	206650	유바이오로직스	trend_gate
2026-05-14 16:52:10,926	DROP	036170	에이치엠넥스	trend_gate
2026-05-14 16:52:16,176	DROP	424870	이뮨온시아	trend_gate
2026-05-14 16:52:16,724	DROP	017810	풀무원	trend_gate
2026-05-14 16:52:17,204	DROP	009160	SIMPAC	liquidity_gate:KOSPI
2026-05-14 16:52:17,669	DROP	344820	KCC글라스	trend_gate
2026-05-14 16:52:18,087	DROP	265520	AP시스템	volume_drought_gate
2026-05-14 16:52:18,559	DROP	092870	엑시콘	trend_gate
2026-05-14 16:52:19,012	DROP	060980	HL홀딩스	liquidity_gate:KOSPI
2026-05-14 16:52:19,494	DROP	000650	천일고속	trend_gate
2026-05-14 16:52:20,004	DROP	003720	삼영	volume_drought_gate
2026-05-14 16:52:20,500	DROP	004700	조광피혁	trend_gate
2026-05-14 16:52:20,977	DROP	105630	한세실업	trend_gate
2026-05-14 16:52:21,492	DROP	243070	휴온스	trend_gate
2026-05-14 16:52:21,917	DROP	170900	동아에스티	trend_gate
2026-05-14 16:52:22,440	DROP	097520	엠씨넥스	trend_gate
2026-05-14 16:52:23,134	DROP	078520	에이블씨엔씨	liquidity_gate:KOSPI
2026-05-14 16:52:23,777	DROP	089590	제주항공	trend_gate
2026-05-14 16:52:24,271	DROP	241770	메카로	liquidity_gate:KOSDAQ
2026-05-14 16:52:24,734	DROP	298830	슈어소프트테크	volume_drought_gate
2026-05-14 16:52:25,265	DROP	078020	LS증권	trend_gate
2026-05-14 16:52:25,794	DROP	0008Z0	에스엔시스	insufficient_rows:179
2026-05-14 16:52:26,303	DROP	065680	우주일렉트로	trend_gate
2026-05-14 16:52:26,700	DROP	098070	한텍	trend_gate
2026-05-14 16:52:27,150	DROP	378340	필에너지	trend_gate
2026-05-14 16:52:27,638	DROP	0001A0	덕양에너젠	insufficient_rows:69
2026-05-14 16:52:28,222	DROP	064820	케이프	trend_gate
2026-05-14 16:52:29,058	DROP	005610	삼립	trend_gate
2026-05-14 16:52:29,892	DROP	101730	위메이드맥스	trend_gate
2026-05-14 16:52:30,714	DROP	002810	삼영무역	liquidity_gate:KOSPI
2026-05-14 16:52:31,345	DROP	452430	사피엔반도체	volume_drought_gate
2026-05-14 16:52:31,959	DROP	042370	비츠로테크	trend_gate
2026-05-14 16:52:37,438	DROP	183190	아세아시멘트	trend_gate
2026-05-14 16:52:37,899	DROP	0082N0	카나프테라퓨틱스	insufficient_rows:42
2026-05-14 16:52:38,403	DROP	042520	한스바이오메드	trend_gate
2026-05-14 16:52:38,932	DROP	220100	퓨쳐켐	trend_gate
2026-05-14 16:52:39,409	DROP	419530	SAMG엔터	trend_gate
2026-05-14 16:52:39,939	DROP	194370	제이에스코퍼레이션	trend_gate
2026-05-14 16:52:40,465	DROP	094360	칩스앤미디어	liquidity_gate:KOSDAQ
2026-05-14 16:52:40,961	DROP	417840	저스템	volume_drought_gate
2026-05-14 16:52:41,461	DROP	179900	유티아이	trend_gate
2026-05-14 16:52:41,999	DROP	241520	DSC인베스트먼트	trend_gate
2026-05-14 16:52:42,539	DROP	009290	광동제약	trend_gate
2026-05-14 16:52:43,092	DROP	069080	웹젠	trend_gate
2026-05-14 16:52:43,573	DROP	084010	대한제강	trend_gate
2026-05-14 16:52:44,034	DROP	304360	에스바이오메딕스	trend_gate
2026-05-14 16:52:44,647	DROP	046970	우리로	trend_gate
2026-05-14 16:52:45,257	DROP	494120	큐리오시스	insufficient_rows:122
2026-05-14 16:52:45,857	DROP	025770	한국정보통신	trend_gate
2026-05-14 16:52:46,336	DROP	089980	상아프론테크	trend_gate
2026-05-14 16:52:46,963	DROP	034830	한국토지신탁	trend_gate
2026-05-14 16:52:47,523	DROP	012860	모베이스전자	volume_drought_gate
2026-05-14 16:52:48,069	DROP	180400	DXVX	trend_gate
2026-05-14 16:52:48,882	DROP	200670	휴메딕스	trend_gate
2026-05-14 16:52:49,496	DROP	036890	진성티이씨	trend_gate
2026-05-14 16:52:50,046	DROP	011760	현대코퍼레이션	trend_gate
2026-05-14 16:52:50,532	DROP	450950	아스테라시스	trend_gate
2026-05-14 16:52:51,066	DROP	200880	서연이화	trend_gate
2026-05-14 16:52:51,657	DROP	064290	인텍플러스	trend_gate
2026-05-14 16:52:52,187	DROP	005720	넥센	liquidity_gate:KOSPI
2026-05-14 16:52:52,802	DROP	078150	HB테크놀러지	52w_ceiling_gate
2026-05-14 16:52:53,311	DROP	219130	타이거일렉	liquidity_gate:KOSDAQ
2026-05-14 16:52:53,813	DROP	475400	씨메스로보틱스	trend_gate
2026-05-14 16:52:54,347	DROP	091810	트리니티항공	trend_gate
2026-05-14 16:52:55,051	DROP	001390	KG케미칼	trend_gate
2026-05-14 16:53:00,575	DROP	003800	에이스침대	trend_gate
2026-05-14 16:53:01,163	DROP	389260	대명에너지	trend_gate
2026-05-14 16:53:01,780	DROP	084850	아이티엠반도체	trend_gate
2026-05-14 16:53:07,367	DROP	114190	강원에너지	trend_gate
2026-05-14 16:53:08,085	DROP	084990	헬릭스미스	trend_gate
2026-05-14 16:53:08,655	DROP	036200	유니셈	volume_drought_gate
2026-05-14 16:53:09,140	DROP	007690	국도화학	trend_gate
2026-05-14 16:53:09,694	DROP	091700	파트론	trend_gate
2026-05-14 16:53:10,334	DROP	128820	대성산업	trend_gate
2026-05-14 16:53:10,932	DROP	073490	LIG아큐버	trend_gate
2026-05-14 16:53:11,517	DROP	144510	지씨셀	trend_gate
2026-05-14 16:53:12,069	DROP	001230	동국홀딩스	liquidity_gate:KOSPI
2026-05-14 16:53:12,610	DROP	459510	나우로보틱스	volume_drought_gate
2026-05-14 16:53:13,155	DROP	228760	지노믹트리	trend_gate
2026-05-14 16:53:13,660	DROP	018250	애경산업	trend_gate
2026-05-14 16:53:14,287	DROP	046120	오르비텍	trend_gate
2026-05-14 16:53:14,877	DROP	092230	KPX홀딩스	trend_gate
2026-05-14 16:53:15,442	DROP	002900	TYM	liquidity_gate:KOSPI
2026-05-14 16:53:15,965	DROP	078340	컴투스	trend_gate
2026-05-14 16:53:16,407	DROP	099430	바이오플러스	trend_gate
2026-05-14 16:53:16,830	DROP	308430	셀비온	trend_gate
2026-05-14 16:53:17,286	DROP	092460	한라IMS	liquidity_gate:KOSDAQ
2026-05-14 16:53:17,827	DROP	026890	스틱인베스트먼트	trend_gate
2026-05-14 16:53:18,292	DROP	016800	퍼시스	trend_gate
2026-05-14 16:53:18,713	DROP	199820	제일일렉트릭	volume_drought_gate
2026-05-14 16:53:19,143	DROP	017860	DS단석	trend_gate
2026-05-14 16:53:19,640	DROP	418420	라온텍	volume_drought_gate
2026-05-14 16:53:20,187	DROP	104700	한국철강	trend_gate
2026-05-14 16:53:20,689	DROP	001750	한양증권	trend_gate
2026-05-14 16:53:21,138	DROP	126560	현대퓨처넷	trend_gate
2026-05-14 16:53:21,634	DROP	108670	LX하우시스	liquidity_gate:KOSPI
2026-05-14 16:53:22,094	DROP	024720	콜마홀딩스	trend_gate
2026-05-14 16:53:22,610	DROP	084690	대상홀딩스	trend_gate
2026-05-14 16:53:23,128	DROP	001940	KISCO홀딩스	trend_gate
2026-05-14 16:53:23,591	DROP	200130	콜마비앤에이치	trend_gate
2026-05-14 16:53:24,082	DROP	243840	신흥에스이씨	trend_gate
2026-05-14 16:53:24,571	DROP	041920	메디아나	trend_gate
2026-05-14 16:53:29,738	DROP	418550	제이오	trend_gate
2026-05-14 16:53:30,282	DROP	394800	쓰리빌리언	trend_gate
2026-05-14 16:53:30,809	DROP	035810	이지홀딩스	trend_gate
2026-05-14 16:53:31,237	DROP	448280	에코아이	trend_gate
2026-05-14 16:53:31,654	DROP	136480	하림	trend_gate
2026-05-14 16:53:32,167	DROP	002310	아세아제지	trend_gate
2026-05-14 16:53:32,696	DROP	478340	나라스페이스테크놀로지	insufficient_rows:98
2026-05-14 16:53:33,241	DROP	011500	한농화성	trend_gate
2026-05-14 16:53:33,742	DROP	236200	슈프리마	trend_gate
2026-05-14 16:53:34,177	DROP	053030	바이넥스	trend_gate
2026-05-14 16:53:34,648	DROP	061970	LB세미콘	volume_drought_gate
2026-05-14 16:53:35,080	DROP	389020	자람테크놀로지	trend_gate
2026-05-14 16:53:35,555	DROP	365270	큐라클	trend_gate
2026-05-14 16:53:36,024	DROP	049070	인탑스	liquidity_gate:KOSDAQ
2026-05-14 16:53:36,530	DROP	286940	롯데이노베이트	trend_gate
2026-05-14 16:53:37,043	DROP	043150	바텍	trend_gate
2026-05-14 16:53:37,513	DROP	272450	진에어	trend_gate
2026-05-14 16:53:37,986	DROP	001250	GS글로벌	trend_gate
2026-05-14 16:53:38,471	DROP	203650	드림시큐리티	trend_gate
2026-05-14 16:53:38,952	DROP	098120	마이크로컨텍솔	volume_drought_gate
2026-05-14 16:53:39,406	DROP	0015G0	그린광학	insufficient_rows:120
2026-05-14 16:53:40,058	DROP	091580	상신이디피	trend_gate
2026-05-14 16:53:40,588	DROP	064850	에프앤가이드	trend_gate
2026-05-14 16:53:41,105	DROP	445090	에이직랜드	trend_gate
2026-05-14 16:53:41,637	DROP	900140	엘브이엠씨홀딩스	trend_gate
2026-05-14 16:53:42,081	DROP	065660	안트로젠	trend_gate
2026-05-14 16:53:42,534	DROP	352480	씨앤씨인터내셔널	trend_gate
2026-05-14 16:53:43,070	DROP	014940	오리엔탈정공	trend_gate
2026-05-14 16:53:43,524	DROP	318060	그래피	insufficient_rows:175
2026-05-14 16:53:43,971	DROP	217730	강스템바이오텍	trend_gate
2026-05-14 16:53:44,486	DROP	474650	링크솔루션	trend_gate
2026-05-14 16:53:44,943	DROP	314930	바이오다인	trend_gate
2026-05-14 16:53:45,541	DROP	058970	엠로	trend_gate
2026-05-14 16:53:46,100	DROP	051500	CJ프레시웨이	trend_gate
2026-05-14 16:53:46,682	DROP	338840	와이바이오로직스	trend_gate
2026-05-14 16:53:47,125	DROP	108860	셀바스AI	trend_gate
2026-05-14 16:53:47,618	DROP	060720	KH바텍	trend_gate
2026-05-14 16:53:48,064	DROP	033270	유나이티드제약	trend_gate
2026-05-14 16:53:48,581	DROP	190510	나무가	trend_gate
2026-05-14 16:53:49,039	DROP	488280	에스투더블유	insufficient_rows:156
2026-05-14 16:53:49,533	DROP	462350	이노스페이스	trend_gate
2026-05-14 16:53:50,047	DROP	088800	에이스테크	trend_gate
2026-05-14 16:53:50,619	DROP	092730	네오팜	trend_gate
2026-05-14 16:53:51,255	DROP	005500	삼진제약	trend_gate
2026-05-14 16:53:51,875	DROP	093520	매커스	liquidity_gate:KOSDAQ
2026-05-14 16:53:52,589	DROP	003920	남양유업	trend_gate
2026-05-14 16:53:53,247	DROP	092200	디아이씨	trend_gate
2026-05-14 16:53:53,772	DROP	151860	KG에코솔루션	trend_gate
2026-05-14 16:53:54,189	DROP	394420	리센스메디컬	insufficient_rows:31
2026-05-14 16:53:54,617	DROP	416180	신성에스티	trend_gate
2026-05-14 16:53:55,077	DROP	017390	서울가스	trend_gate
2026-05-14 16:53:55,570	DROP	232530	이엠티	trend_gate
2026-05-14 16:53:56,100	DROP	000490	대동	liquidity_gate:KOSPI
2026-05-14 16:53:56,604	DROP	272110	케이엔제이	trend_gate
2026-05-14 16:53:57,099	DROP	051370	인터플렉스	trend_gate
2026-05-14 16:53:57,582	DROP	402490	그린리소스	trend_gate
2026-05-14 16:53:58,061	DROP	215000	골프존	trend_gate
2026-05-14 16:53:58,463	DROP	226590	엠디바이스	trend_gate
2026-05-14 16:53:58,916	DROP	095500	미래나노텍	trend_gate
2026-05-14 16:53:59,405	DROP	000680	LS네트웍스	trend_gate
2026-05-14 16:53:59,855	DROP	052710	아모텍	trend_gate
2026-05-14 16:54:00,371	DROP	432720	퀄리타스반도체	trend_gate
2026-05-14 16:54:05,623	DROP	451760	컨텍	trend_gate
2026-05-14 16:54:06,090	DROP	321550	티움바이오	trend_gate
2026-05-14 16:54:06,519	DROP	112290	와이씨켐	volume_drought_gate
2026-05-14 16:54:06,998	DROP	049630	재영솔루텍	trend_gate
2026-05-14 16:54:07,519	DROP	067080	대화제약	trend_gate
2026-05-14 16:54:07,992	DROP	054950	제이브이엠	trend_gate
2026-05-14 16:54:08,499	DROP	004430	송원산업	volume_drought_gate
2026-05-14 16:54:08,974	DROP	096760	JW홀딩스	trend_gate
2026-05-14 16:54:09,416	DROP	100120	뷰웍스	liquidity_gate:KOSDAQ
2026-05-14 16:54:09,823	DROP	037270	YG PLUS	trend_gate
2026-05-14 16:54:10,353	DROP	101360	에코앤드림	trend_gate
2026-05-14 16:54:10,859	DROP	012210	삼미금속	trend_gate
2026-05-14 16:54:11,386	DROP	123890	한국자산신탁	trend_gate
2026-05-14 16:54:11,867	DROP	0088M0	메쥬	insufficient_rows:34
2026-05-14 16:54:12,420	DROP	023760	한국캐피탈	trend_gate
2026-05-14 16:54:12,870	DROP	094480	갤럭시아머니트리	trend_gate
2026-05-14 16:54:13,297	DROP	472850	폰드그룹	exception:TypeError
2026-05-14 16:54:13,772	DROP	035600	KG이니시스	trend_gate
2026-05-14 16:54:14,235	DROP	037710	광주신세계	liquidity_gate:KOSPI
2026-05-14 16:54:14,771	DROP	001460	BYC	trend_gate
2026-05-14 16:54:15,297	DROP	023410	유진기업	trend_gate
2026-05-14 16:54:15,775	DROP	357550	석경에이티	trend_gate
2026-05-14 16:54:16,254	DROP	054210	이랜텍	trend_gate
2026-05-14 16:54:16,698	DROP	251370	와이엠티	trend_gate
2026-05-14 16:54:17,160	DROP	045390	대아티아이	trend_gate
2026-05-14 16:54:17,793	DROP	274090	켄코아에어로스페이스	trend_gate
2026-05-14 16:54:18,281	DROP	439090	마녀공장	trend_gate
2026-05-14 16:54:18,775	DROP	019010	베뉴지	liquidity_gate:KOSDAQ
2026-05-14 16:54:19,263	DROP	002320	한진	trend_gate
2026-05-14 16:54:19,668	DROP	464080	에스오에스랩	trend_gate
2026-05-14 16:54:20,342	DROP	067390	아스트	trend_gate
2026-05-14 16:54:20,831	DROP	475560	더본코리아	trend_gate
2026-05-14 16:54:21,406	DROP	036800	나이스정보통신	trend_gate
2026-05-14 16:54:21,943	DROP	092070	디엔에프	liquidity_gate:KOSDAQ
2026-05-14 16:54:22,654	DROP	003520	영진약품	trend_gate
2026-05-14 16:54:23,159	DROP	004360	세방	trend_gate
2026-05-14 16:54:23,572	DROP	456010	아이씨티케이	trend_gate
2026-05-14 16:54:24,004	DROP	382800	지앤비에스 에코	volume_drought_gate
2026-05-14 16:54:24,485	DROP	115450	HLB테라퓨틱스	trend_gate
2026-05-14 16:54:24,935	DROP	005680	삼영전자	trend_gate
2026-05-14 16:54:25,438	DROP	003200	일신방직	trend_gate
2026-05-14 16:54:25,864	DROP	322310	오로스테크놀로지	trend_gate
2026-05-14 16:54:26,354	DROP	012200	계양전기	volume_drought_gate
2026-05-14 16:54:26,870	DROP	003960	사조대림	trend_gate
2026-05-14 16:54:32,456	DROP	043370	피에이치에이	liquidity_gate:KOSDAQ
2026-05-14 16:54:32,995	DROP	294570	쿠콘	trend_gate
2026-05-14 16:54:33,519	DROP	003070	코오롱글로벌	trend_gate
2026-05-14 16:54:33,953	DROP	0007C0	아크릴	insufficient_rows:99
2026-05-14 16:54:34,429	DROP	001340	PKC	trend_gate
2026-05-14 16:54:34,910	DROP	034120	SBS	trend_gate
2026-05-14 16:54:35,396	DROP	061090	세나테크놀로지	insufficient_rows:121
2026-05-14 16:54:35,875	DROP	900290	GRT	trend_gate
2026-05-14 16:54:36,345	DROP	382900	범한퓨얼셀	trend_gate
2026-05-14 16:54:36,841	DROP	051360	토비스	liquidity_gate:KOSDAQ
2026-05-14 16:54:37,353	DROP	094820	일진파워	trend_gate
2026-05-14 16:54:37,834	DROP	136490	선진	trend_gate
2026-05-14 16:54:38,388	DROP	194700	노바렉스	trend_gate
2026-05-14 16:54:38,839	DROP	017890	한국알콜	trend_gate
2026-05-14 16:54:39,305	DROP	003120	일성아이에스	trend_gate
2026-05-14 16:54:39,790	DROP	307180	아이엘	volume_drought_gate
2026-05-14 16:54:40,344	DROP	035510	신세계 I&C	trend_gate
2026-05-14 16:54:40,813	DROP	024840	KBI메탈	52w_ceiling_gate
2026-05-14 16:54:41,303	DROP	134380	미원화학	trend_gate
2026-05-14 16:54:41,802	DROP	018000	유니슨	trend_gate
2026-05-14 16:54:42,247	DROP	267980	매일유업	trend_gate
2026-05-14 16:54:42,683	DROP	000320	노루홀딩스	trend_gate
2026-05-14 16:54:43,232	DROP	099440	스맥	trend_gate
2026-05-14 16:54:43,670	DROP	484810	티엑스알로보틱스	trend_gate
2026-05-14 16:54:44,130	DROP	005950	이수화학	volume_drought_gate
2026-05-14 16:54:44,586	DROP	053690	한미글로벌	trend_gate
2026-05-14 16:54:45,042	DROP	000540	흥국화재	trend_gate
2026-05-14 16:54:45,502	DROP	309710	아이티켐	insufficient_rows:186
2026-05-14 16:54:45,958	DROP	226320	잇츠한불	trend_gate
2026-05-14 16:54:46,431	DROP	005710	대원산업	trend_gate
2026-05-14 16:54:46,889	DROP	000050	경방	trend_gate
2026-05-14 16:54:47,369	DROP	011690	와이투솔루션	trend_gate
2026-05-14 16:54:47,796	DROP	078070	유비쿼스홀딩스	trend_gate
2026-05-14 16:54:48,271	DROP	083310	엘오티베큠	trend_gate
2026-05-14 16:54:48,804	DROP	004380	삼익THK	trend_gate
2026-05-14 16:54:49,212	DROP	241590	화승엔터프라이즈	trend_gate
2026-05-14 16:54:49,766	DROP	044450	KSS해운	trend_gate
2026-05-14 16:54:50,289	DROP	182400	엔케이젠바이오텍코리아	trend_gate
2026-05-14 16:54:50,768	DROP	079960	동양이엔피	liquidity_gate:KOSDAQ
2026-05-14 16:54:51,277	DROP	001130	대한제분	liquidity_gate:KOSPI
2026-05-14 16:54:51,737	DROP	000430	대원강업	trend_gate
2026-05-14 16:54:52,181	DROP	008350	남선알미늄	trend_gate
2026-05-14 16:54:52,664	DROP	054450	텔레칩스	trend_gate
2026-05-14 16:54:53,118	DROP	361390	제노코	trend_gate
2026-05-14 16:54:53,606	DROP	126700	하이비젼시스템	trend_gate
2026-05-14 16:54:54,013	DROP	314130	지놈앤컴퍼니	trend_gate
2026-05-14 16:54:54,469	DROP	018310	삼목에스폼	trend_gate
2026-05-14 16:54:54,879	DROP	372170	윤성에프앤씨	trend_gate
2026-05-14 16:54:55,301	DROP	138610	나이벡	trend_gate
2026-05-14 16:54:55,772	DROP	030210	다올투자증권	trend_gate
2026-05-14 16:54:56,300	DROP	009470	삼화전기	trend_gate
2026-05-14 16:54:56,743	DROP	304100	솔트룩스	trend_gate
2026-05-14 16:54:57,254	DROP	108380	대양전기공업	trend_gate
2026-05-14 16:54:57,737	DROP	199430	케이엔알시스템	trend_gate
2026-05-14 16:54:58,226	DROP	036710	심텍홀딩스	liquidity_gate:KOSDAQ
2026-05-14 16:54:58,731	DROP	004560	현대비앤지스틸	52w_ceiling_gate
2026-05-14 16:54:59,290	DROP	121800	비덴트	trend_gate
2026-05-14 16:54:59,744	DROP	255220	SG	trend_gate
2026-05-14 16:55:00,329	DROP	007160	사조산업	trend_gate
2026-05-14 16:55:00,796	DROP	176750	듀켐바이오	trend_gate
2026-05-14 16:55:01,308	DROP	001790	대한제당	trend_gate
2026-05-14 16:55:01,798	DROP	377460	큐에이드	trend_gate
2026-05-14 16:55:02,351	DROP	013890	지누스	trend_gate
2026-05-14 16:55:02,812	DROP	206640	바디텍메드	trend_gate
2026-05-14 16:55:03,209	DROP	388050	지투파워	trend_gate
2026-05-14 16:55:03,743	DROP	950170	JTC	trend_gate
2026-05-14 16:55:04,310	DROP	405100	큐알티	trend_gate
2026-05-14 16:55:04,766	DROP	004310	현대약품	trend_gate
2026-05-14 16:55:05,243	DROP	004980	성신양회	trend_gate
2026-05-14 16:55:05,824	DROP	214180	헥토이노베이션	trend_gate
2026-05-14 16:55:06,297	DROP	122900	아이마켓코리아	trend_gate
2026-05-14 16:55:06,784	DROP	053300	한국정보인증	trend_gate
2026-05-14 16:55:07,635	DROP	036030	케이티알파	trend_gate
2026-05-14 16:55:08,150	DROP	481070	에이유브랜즈	trend_gate
2026-05-14 16:55:08,797	DROP	033920	무학	trend_gate
2026-05-14 16:55:09,666	DROP	308080	바이젠셀	52w_ceiling_gate
2026-05-14 16:55:15,372	DROP	042600	새로닉스	trend_gate
2026-05-14 16:55:16,165	DROP	086820	바이오솔루션	trend_gate
2026-05-14 16:55:16,680	DROP	064550	바이오니아	trend_gate
2026-05-14 16:55:17,341	DROP	211270	AP위성	trend_gate
2026-05-14 16:55:17,836	DROP	084680	이월드	trend_gate
2026-05-14 16:55:18,377	DROP	126600	BGF에코머티리얼즈	trend_gate
2026-05-14 16:55:18,946	DROP	256840	한국비엔씨	trend_gate
2026-05-14 16:55:19,417	DROP	484120	도우인시스	insufficient_rows:197
2026-05-14 16:55:20,020	DROP	034810	해성산업	trend_gate
2026-05-14 16:55:20,566	DROP	353810	이지바이오	trend_gate
2026-05-14 16:55:21,131	DROP	013120	동원개발	trend_gate
2026-05-14 16:55:21,637	DROP	244920	에이플러스에셋	trend_gate
2026-05-14 16:55:22,140	DROP	462860	더즌	trend_gate
2026-05-14 16:55:22,631	DROP	068930	디지털대성	trend_gate
2026-05-14 16:55:23,150	DROP	402030	코난테크놀로지	trend_gate
2026-05-14 16:55:23,682	DROP	102120	어보브반도체	trend_gate
2026-05-14 16:55:24,167	DROP	264850	이랜시스	volume_drought_gate
2026-05-14 16:55:24,622	DROP	474170	루미르	trend_gate
2026-05-14 16:55:25,111	DROP	396270	넥스트칩	volume_drought_gate
2026-05-14 16:55:25,542	DROP	457550	우진엔텍	trend_gate
2026-05-14 16:55:26,045	DROP	001630	종근당홀딩스	trend_gate
2026-05-14 16:55:26,586	DROP	035150	백산	trend_gate
2026-05-14 16:55:27,108	DROP	010580	에스엠벡셀	trend_gate
2026-05-14 16:55:27,668	DROP	210980	SK디앤디	trend_gate
2026-05-14 16:55:28,186	DROP	298690	에어부산	trend_gate
2026-05-14 16:55:28,677	DROP	194480	데브시스터즈	trend_gate
2026-05-14 16:55:29,140	DROP	125020	티씨머티리얼즈	trend_gate
2026-05-14 16:55:29,694	DROP	009680	모토닉	trend_gate
2026-05-14 16:55:30,453	DROP	461300	아이스크림미디어	trend_gate
2026-05-14 16:55:30,964	DROP	005430	한국공항	trend_gate
2026-05-14 16:55:31,571	DROP	001080	만호제강	liquidity_gate:KOSPI
2026-05-14 16:55:32,124	DROP	008490	서흥	trend_gate
2026-05-14 16:55:32,592	DROP	264660	씨앤지하이테크	volume_drought_gate
2026-05-14 16:55:33,169	DROP	293580	나우IB	trend_gate
2026-05-14 16:55:33,758	DROP	452450	피아이이	trend_gate
2026-05-14 16:55:34,523	DROP	095700	제넥신	trend_gate
2026-05-14 16:55:35,184	DROP	117580	대성에너지	trend_gate
2026-05-14 16:55:35,910	DROP	025000	KPX케미칼	trend_gate
2026-05-14 16:55:36,502	DROP	003350	한국화장품제조	trend_gate
2026-05-14 16:55:37,028	DROP	950140	잉글우드랩	trend_gate
2026-05-14 16:55:37,547	DROP	000480	CR홀딩스	trend_gate
2026-05-14 16:55:38,056	DROP	013580	계룡건설	trend_gate
2026-05-14 16:55:38,534	DROP	146320	비씨엔씨	liquidity_gate:KOSDAQ
2026-05-14 16:55:39,086	DROP	012610	경인양행	liquidity_gate:KOSPI
2026-05-14 16:55:39,615	DROP	380550	뉴로핏	insufficient_rows:195
2026-05-14 16:55:40,154	DROP	221800	지구홀딩스	trend_gate
2026-05-14 16:55:40,884	DROP	487570	HS효성	trend_gate
2026-05-14 16:55:41,439	DROP	065710	서호전기	trend_gate
2026-05-14 16:55:41,943	DROP	270660	에브리봇	trend_gate
2026-05-14 16:55:42,504	DROP	083930	아바코	trend_gate
2026-05-14 16:55:43,092	DROP	011560	세보엠이씨	liquidity_gate:KOSDAQ
2026-05-14 16:55:43,680	DROP	237880	클리오	trend_gate
2026-05-14 16:55:44,273	DROP	058820	CMG제약	trend_gate
2026-05-14 16:55:44,938	DROP	000390	SP삼화	trend_gate
2026-05-14 16:55:50,296	DROP	118990	모트렉스	trend_gate
2026-05-14 16:55:50,926	DROP	003220	대원제약	trend_gate
2026-05-14 16:55:51,397	DROP	147830	제룡산업	volume_drought_gate
2026-05-14 16:55:51,939	DROP	371950	풍원정밀	trend_gate
2026-05-14 16:55:52,482	DROP	028100	동아지질	trend_gate
2026-05-14 16:55:53,013	DROP	216080	제테마	trend_gate
2026-05-14 16:55:53,477	DROP	031440	신세계푸드	liquidity_gate:KOSPI
2026-05-14 16:55:53,933	DROP	052330	코텍	liquidity_gate:KOSDAQ
2026-05-14 16:55:54,363	DROP	101170	우림피티에스	52w_ceiling_gate
2026-05-14 16:55:54,755	DROP	024060	흥구석유	trend_gate
2026-05-14 16:55:55,193	DROP	285490	노바텍	trend_gate
2026-05-14 16:55:55,649	DROP	025820	이구산업	volume_drought_gate
2026-05-14 16:55:56,095	DROP	119610	인터로조	trend_gate
2026-05-14 16:55:56,569	DROP	039840	디오	trend_gate
2026-05-14 16:55:57,090	DROP	053210	스카이라이프	trend_gate
2026-05-14 16:55:57,538	DROP	140670	알에스오토메이션	trend_gate
2026-05-14 16:55:58,040	DROP	033530	SJG세종	trend_gate
2026-05-14 16:55:58,536	DROP	403850	더핑크퐁컴퍼니	insufficient_rows:119
2026-05-14 16:55:59,047	DROP	007860	서연	trend_gate
2026-05-14 16:55:59,723	DROP	125210	아모그린텍	trend_gate
2026-05-14 16:56:00,336	DROP	417010	나노팀	trend_gate
2026-05-14 16:56:00,886	DROP	264450	유비쿼스	trend_gate
2026-05-14 16:56:01,409	DROP	232680	라온로보틱스	trend_gate
2026-05-14 16:56:01,806	DROP	040160	누리플렉스	liquidity_gate:KOSDAQ
2026-05-14 16:56:02,312	DROP	036560	KZ정밀	trend_gate
2026-05-14 16:56:02,756	DROP	102260	동성케미컬	trend_gate
2026-05-14 16:56:03,205	DROP	0011A0	액스비스	insufficient_rows:47
2026-05-14 16:56:03,653	DROP	016580	환인제약	trend_gate
2026-05-14 16:56:04,085	DROP	039860	나노엔텍	trend_gate
2026-05-14 16:56:04,523	DROP	041020	폴라리스오피스	trend_gate
2026-05-14 16:56:04,988	DROP	002150	도화엔지니어링	trend_gate
2026-05-14 16:56:05,498	DROP	102460	이연제약	trend_gate
2026-05-14 16:56:05,895	DROP	289930	웨이비스	trend_gate
2026-05-14 16:56:06,391	DROP	290690	소룩스	trend_gate
2026-05-14 16:56:06,824	DROP	445180	퓨릿	liquidity_gate:KOSDAQ
2026-05-14 16:56:07,302	DROP	489500	엘케이켐	trend_gate
2026-05-14 16:56:07,855	DROP	003650	미창석유	liquidity_gate:KOSPI
2026-05-14 16:56:08,346	DROP	007610	선도전기	volume_drought_gate
2026-05-14 16:56:08,850	DROP	095570	AJ네트웍스	trend_gate
2026-05-14 16:56:09,386	DROP	036190	금화피에스시	trend_gate
2026-05-14 16:56:09,911	DROP	121440	골프존홀딩스	trend_gate
2026-05-14 16:56:10,490	DROP	000140	하이트진로홀딩스	trend_gate
2026-05-14 16:56:10,926	DROP	357880	SKAI	trend_gate
2026-05-14 16:56:11,534	DROP	271980	제일약품	trend_gate
2026-05-14 16:56:12,093	DROP	260870	SK시그넷	trend_gate
2026-05-14 16:56:12,665	DROP	339770	교촌에프앤비	trend_gate
2026-05-14 16:56:13,230	DROP	039570	HDC랩스	trend_gate
2026-05-14 16:56:13,663	DROP	380540	옵티코어	trend_gate
2026-05-14 16:56:14,178	DROP	073010	케이에스피	trend_gate
2026-05-14 16:56:14,659	DROP	115500	케이씨에스	trend_gate
2026-05-14 16:56:15,148	DROP	123860	아나패스	trend_gate
2026-05-14 16:56:15,578	DROP	289080	SV인베스트먼트	trend_gate
2026-05-14 16:56:15,995	DROP	299030	하나기술	trend_gate
2026-05-14 16:56:16,465	DROP	044820	코스맥스비티아이	liquidity_gate:KOSPI
2026-05-14 16:56:16,904	DROP	037030	파워넷	volume_drought_gate
2026-05-14 16:56:17,353	DROP	017510	세명전기	volume_drought_gate
2026-05-14 16:56:17,816	DROP	104480	티케이케미칼	trend_gate
2026-05-14 16:56:18,327	DROP	159010	아스플로	volume_drought_gate
2026-05-14 16:56:18,851	DROP	234690	녹십자웰빙	trend_gate
2026-05-14 16:56:19,337	DROP	000860	강남제비스코	trend_gate
2026-05-14 16:56:19,841	DROP	016880	웅진	trend_gate
2026-05-14 16:56:20,394	DROP	051980	중앙첨단소재	trend_gate
2026-05-14 16:56:20,922	DROP	032620	GC메디아이	trend_gate
2026-05-14 16:56:21,619	DROP	357580	아모센스	trend_gate
2026-05-14 16:56:22,268	DROP	166480	코아스템켐온	liquidity_gate:KOSDAQ
2026-05-14 16:56:22,744	DROP	293780	압타바이오	trend_gate
2026-05-14 16:56:23,266	DROP	039560	다산네트웍스	trend_gate
2026-05-14 16:56:23,788	DROP	122990	와이솔	trend_gate
2026-05-14 16:56:24,442	DROP	234080	JW생명과학	trend_gate
2026-05-14 16:56:25,138	DROP	018470	조일알미늄	trend_gate
2026-05-14 16:56:25,640	DROP	080160	모두투어	trend_gate
2026-05-14 16:56:26,095	DROP	101530	해태제과식품	trend_gate
2026-05-14 16:56:26,562	DROP	446540	메가터치	liquidity_gate:KOSDAQ
2026-05-14 16:56:27,030	DROP	377450	리파인	trend_gate
2026-05-14 16:56:27,518	DROP	123330	제닉	trend_gate
2026-05-14 16:56:28,031	DROP	047310	파워로직스	liquidity_gate:KOSDAQ
2026-05-14 16:56:28,496	DROP	101970	우양에이치씨	trend_gate
2026-05-14 16:56:28,967	DROP	220260	켐트로스	52w_ceiling_gate
2026-05-14 16:56:29,437	DROP	003610	방림	trend_gate
2026-05-14 16:56:29,872	DROP	100250	진양홀딩스	trend_gate
2026-05-14 16:56:30,455	DROP	203400	에이비온	trend_gate
2026-05-14 16:56:30,902	DROP	179290	엠아이텍	trend_gate
2026-05-14 16:56:31,425	DROP	267320	나인테크	trend_gate
2026-05-14 16:56:32,033	DROP	060150	인선이엔티	trend_gate
2026-05-14 16:56:32,563	DROP	003460	유화증권	trend_gate
2026-05-14 16:56:33,095	DROP	002100	경농	trend_gate
2026-05-14 16:56:33,578	DROP	123410	코리아에프티	trend_gate
2026-05-14 16:56:34,035	DROP	005960	동부건설	trend_gate
2026-05-14 16:56:34,463	DROP	473980	노머스	trend_gate
2026-05-14 16:56:34,943	DROP	323350	다원넥스뷰	volume_drought_gate
2026-05-14 16:56:35,452	DROP	086980	쇼박스	liquidity_gate:KOSDAQ
2026-05-14 16:56:40,716	DROP	007570	일양약품	trend_gate
2026-05-14 16:56:41,192	DROP	187870	디바이스	volume_drought_gate
2026-05-14 16:56:41,716	DROP	119830	아이텍	trend_gate
2026-05-14 16:56:42,250	DROP	015230	대창단조	trend_gate
2026-05-14 16:56:42,837	DROP	081000	일진다이아	trend_gate
2026-05-14 16:56:43,368	DROP	115310	인포바인	trend_gate
2026-05-14 16:56:43,876	DROP	016790	현대사료	trend_gate
2026-05-14 16:56:44,489	DROP	000520	삼일제약	trend_gate
2026-05-14 16:56:44,880	DROP	0004V0	엔비알모션	insufficient_rows:81
2026-05-14 16:56:45,323	DROP	297090	씨에스베어링	trend_gate
2026-05-14 16:56:45,814	DROP	297890	HB솔루션	trend_gate
2026-05-14 16:56:46,273	DROP	259630	엠플러스	trend_gate
2026-05-14 16:56:46,722	DROP	950250	테라뷰	insufficient_rows:104
2026-05-14 16:56:47,123	DROP	307750	국전	trend_gate
2026-05-14 16:56:47,607	DROP	082800	비보존 제약	trend_gate
2026-05-14 16:56:52,915	DROP	460850	동국씨엠	trend_gate
2026-05-14 16:56:53,367	DROP	053080	케이엔솔	volume_drought_gate
2026-05-14 16:56:53,927	DROP	143160	아이디스	trend_gate
2026-05-14 16:56:54,324	DROP	475230	엔알비	insufficient_rows:194
2026-05-14 16:56:54,801	DROP	017550	수산세보틱스	trend_gate
2026-05-14 16:56:55,281	DROP	039830	오로라	trend_gate
2026-05-14 16:56:55,746	DROP	054920	한컴위드	trend_gate
2026-05-14 16:56:56,213	DROP	066620	국보디자인	liquidity_gate:KOSDAQ
2026-05-14 16:56:56,705	DROP	083500	에프엔에스테크	volume_drought_gate
2026-05-14 16:56:57,280	DROP	004090	한국석유	trend_gate
2026-05-14 16:56:57,819	DROP	088130	동아엘텍	trend_gate
2026-05-14 16:56:58,275	DROP	282880	코윈테크	trend_gate
2026-05-14 16:56:58,748	DROP	187790	나노	volume_drought_gate
2026-05-14 16:56:59,200	DROP	008830	대동기어	trend_gate
2026-05-14 16:56:59,645	DROP	006060	화승인더	trend_gate
2026-05-14 16:57:00,110	DROP	158430	아톤	trend_gate
2026-05-14 16:57:00,689	DROP	024800	유성티엔에스	liquidity_gate:KOSDAQ
2026-05-14 16:57:01,212	DROP	007330	푸른저축은행	liquidity_gate:KOSDAQ
2026-05-14 16:57:01,748	DROP	002170	SYTS	trend_gate
2026-05-14 16:57:02,275	DROP	192440	슈피겐코리아	liquidity_gate:KOSDAQ
2026-05-14 16:57:02,829	DROP	149950	아바텍	trend_gate
2026-05-14 16:57:03,588	DROP	322180	LS티라유텍	trend_gate
2026-05-14 16:57:04,129	DROP	469610	이노테크	insufficient_rows:126
2026-05-14 16:57:04,648	DROP	417500	제이아이테크	liquidity_gate:KOSDAQ
2026-05-14 16:57:05,621	DROP	300080	플리토	trend_gate
2026-05-14 16:57:06,589	DROP	046440	KG파이낸셜	trend_gate
2026-05-14 16:57:07,476	DROP	213500	한솔제지	trend_gate
2026-05-14 16:57:08,253	DROP	038390	레드캡투어	trend_gate
2026-05-14 16:57:08,885	DROP	140610	엔솔바이오사이언스	trend_gate
2026-05-14 16:57:09,472	DROP	293480	하나제약	trend_gate
2026-05-14 16:57:10,335	DROP	086890	이수앱지스	trend_gate
2026-05-14 16:57:10,940	DROP	056090	시지메드텍	trend_gate
2026-05-14 16:57:12,141	DROP	143240	사람인	trend_gate
2026-05-14 16:57:12,794	DROP	016450	한세예스24홀딩스	trend_gate
2026-05-14 16:57:13,595	DROP	214420	토니모리	trend_gate
2026-05-14 16:57:14,154	DROP	172670	에이엘티	volume_drought_gate
2026-05-14 16:57:14,652	DROP	000300	DH오토넥스	trend_gate
2026-05-14 16:57:15,209	DROP	462520	조선내화	trend_gate
2026-05-14 16:57:15,661	DROP	048870	시너지이노베이션	trend_gate
2026-05-14 16:57:16,190	DROP	002990	금호건설	trend_gate
2026-05-14 16:57:16,689	DROP	092130	이크레더블	trend_gate
2026-05-14 16:57:17,119	DROP	049430	코메론	trend_gate
2026-05-14 16:57:17,590	DROP	037070	파세코	trend_gate
2026-05-14 16:57:18,045	DROP	453450	그리드위즈	trend_gate
2026-05-14 16:57:18,471	DROP	365330	에스와이스틸텍	trend_gate
2026-05-14 16:57:18,934	DROP	005160	동국산업	trend_gate
2026-05-14 16:57:19,411	DROP	106190	하이텍팜	trend_gate
2026-05-14 16:57:19,878	DROP	002780	진흥기업	trend_gate
2026-05-14 16:57:20,376	DROP	062970	한국첨단소재	trend_gate
2026-05-14 16:57:20,820	DROP	129920	대성하이텍	trend_gate
2026-05-14 16:57:21,334	DROP	068790	DMS	trend_gate
2026-05-14 16:57:21,862	DROP	023910	대한약품	trend_gate
2026-05-14 16:57:22,304	DROP	223250	드림씨아이에스	volume_drought_gate
2026-05-14 16:57:22,822	DROP	004960	한신공영	trend_gate
2026-05-14 16:57:23,299	DROP	013990	아가방컴퍼니	52w_ceiling_gate
2026-05-14 16:57:23,891	DROP	037560	LG헬로비전	trend_gate
2026-05-14 16:57:24,397	DROP	042420	네오위즈홀딩스	trend_gate
2026-05-14 16:57:24,877	DROP	071840	롯데하이마트	trend_gate
2026-05-14 16:57:25,305	DROP	340450	지씨지놈	trend_gate
2026-05-14 16:57:25,776	DROP	077500	유니퀘스트	liquidity_gate:KOSPI
2026-05-14 16:57:26,253	DROP	317400	자이에스앤디	trend_gate
2026-05-14 16:57:26,871	DROP	032940	원익	trend_gate
2026-05-14 16:57:27,441	DROP	011040	경동제약	trend_gate
2026-05-14 16:57:27,903	DROP	338220	뷰노	trend_gate
2026-05-14 16:57:28,408	DROP	000020	동화약품	trend_gate
2026-05-14 16:57:28,892	DROP	204610	티쓰리	trend_gate
2026-05-14 16:57:29,380	DROP	001520	동양	trend_gate
2026-05-14 16:57:29,839	DROP	003100	선광	liquidity_gate:KOSDAQ
2026-05-14 16:57:30,338	DROP	412350	레이저쎌	volume_drought_gate
2026-05-14 16:57:30,815	DROP	260970	에스앤디	trend_gate
2026-05-14 16:57:31,302	DROP	388790	라이콤	trend_gate
2026-05-14 16:57:31,841	DROP	008970	KBI동양철관	trend_gate
2026-05-14 16:57:32,382	DROP	013520	화승코퍼레이션	liquidity_gate:KOSPI
2026-05-14 16:57:32,889	DROP	474610	RF시스템즈	trend_gate
2026-05-14 16:57:33,414	DROP	001360	삼성제약	trend_gate
2026-05-14 16:57:34,045	DROP	003480	한진중공업홀딩스	trend_gate
2026-05-14 16:57:34,687	DROP	037350	성도이엔지	trend_gate
2026-05-14 16:57:35,507	DROP	093640	케이알엠	liquidity_gate:KOSDAQ
2026-05-14 16:57:36,117	DROP	222040	코스맥스엔비티	liquidity_gate:KOSDAQ
2026-05-14 16:57:36,692	DROP	054800	아이디스홀딩스	liquidity_gate:KOSDAQ
2026-05-14 16:57:37,179	DROP	115440	우리넷	trend_gate
2026-05-14 16:57:37,664	DROP	381620	제닉스로보틱스	trend_gate
2026-05-14 16:57:38,172	DROP	240550	동방메디컬	trend_gate
2026-05-14 16:57:38,665	DROP	090350	노루페인트	trend_gate
2026-05-14 16:57:39,152	DROP	041440	현대에버다임	trend_gate
2026-05-14 16:57:39,642	DROP	009070	KCTC	trend_gate
2026-05-14 16:57:40,135	DROP	071200	인피니트헬스케어	trend_gate
2026-05-14 16:57:40,680	DROP	192410	오늘이엔엠	liquidity_gate:KOSDAQ
2026-05-14 16:57:41,134	DROP	290740	액트로	trend_gate
2026-05-14 16:57:41,736	DROP	334970	프레스티지바이오로직스	trend_gate
2026-05-14 16:57:42,202	DROP	038290	마크로젠	trend_gate
2026-05-14 16:57:42,662	DROP	012800	대창	volume_drought_gate
2026-05-14 16:57:43,188	DROP	069510	에스텍	trend_gate
2026-05-14 16:57:43,651	DROP	084670	동양고속	trend_gate
2026-05-14 16:57:44,072	DROP	114840	아이패밀리에스씨	trend_gate
2026-05-14 16:57:44,624	DROP	217270	넵튠	trend_gate
2026-05-14 16:57:45,082	DROP	321370	센서뷰	trend_gate
2026-05-14 16:57:45,591	DROP	333430	일승	trend_gate
2026-05-14 16:57:46,131	DROP	049960	쎌바이오텍	liquidity_gate:KOSDAQ
2026-05-14 16:57:46,665	DROP	093190	빅솔론	liquidity_gate:KOSDAQ
2026-05-14 16:57:47,146	DROP	021080	에이티넘인베스트	trend_gate
2026-05-14 16:57:47,597	DROP	002230	피에스텍	trend_gate
2026-05-14 16:57:48,035	DROP	272550	삼양패키징	trend_gate
2026-05-14 16:57:48,515	DROP	108230	톱텍	trend_gate
2026-05-14 16:57:48,952	DROP	105330	케이엔더블유	liquidity_gate:KOSDAQ
2026-05-14 16:57:49,425	DROP	049080	기가레인	trend_gate
2026-05-14 16:57:49,874	DROP	066410	버킷스튜디오	trend_gate
2026-05-14 16:57:50,425	DROP	089470	HDC현대EP	trend_gate
2026-05-14 16:57:50,897	DROP	046070	코다코	trend_gate
2026-05-14 16:57:51,369	DROP	217820	원익피앤이	trend_gate
2026-05-14 16:57:51,841	DROP	000970	한국주철관	trend_gate
2026-05-14 16:57:52,297	DROP	262260	에이프로	liquidity_gate:KOSDAQ
2026-05-14 16:57:52,715	DROP	009580	무림P&P	trend_gate
2026-05-14 16:57:53,232	DROP	242040	나무기술	trend_gate
2026-05-14 16:57:53,638	DROP	126730	코칩	trend_gate
2026-05-14 16:57:54,128	DROP	282720	금양그린파워	trend_gate
2026-05-14 16:57:54,691	DROP	003830	대한화섬	trend_gate
2026-05-14 16:57:55,227	DROP	078890	가온그룹	volume_drought_gate
2026-05-14 16:57:55,680	DROP	210540	디와이파워	trend_gate
2026-05-14 16:57:56,123	DROP	067280	멀티캠퍼스	trend_gate
2026-05-14 16:57:56,578	DROP	086670	비엠티	trend_gate
2026-05-14 16:57:56,966	DROP	0007J0	인벤테라	insufficient_rows:29
2026-05-14 16:57:57,396	DROP	235980	메드팩토	trend_gate
2026-05-14 16:57:57,859	DROP	004150	한솔홀딩스	liquidity_gate:KOSPI
2026-05-14 16:57:58,352	DROP	148150	세경하이테크	trend_gate
2026-05-14 16:57:58,838	DROP	142210	유니트론텍	trend_gate
2026-05-14 16:57:59,299	DROP	023600	삼보판지	trend_gate
2026-05-14 16:57:59,732	DROP	067990	도이치모터스	liquidity_gate:KOSDAQ
2026-05-14 16:58:00,198	DROP	072870	메가스터디	trend_gate
2026-05-14 16:58:00,732	DROP	027710	팜스토리	trend_gate
2026-05-14 16:58:01,239	DROP	095190	신화프리텍	trend_gate
2026-05-14 16:58:01,751	DROP	054540	삼영엠텍	trend_gate
2026-05-14 16:58:02,175	DROP	107600	새빗켐	trend_gate
2026-05-14 16:58:02,588	DROP	234030	싸이닉솔루션	trend_gate
2026-05-14 16:58:03,122	DROP	000700	유수홀딩스	trend_gate
2026-05-14 16:58:03,539	DROP	014280	금강공업	trend_gate
2026-05-14 16:58:03,966	DROP	323990	박셀바이오	trend_gate
2026-05-14 16:58:04,405	DROP	214390	경보제약	trend_gate
2026-05-14 16:58:04,884	DROP	396300	세아메카닉스	volume_drought_gate
2026-05-14 16:58:05,466	DROP	085670	뉴프렉스	trend_gate
2026-05-14 16:58:05,906	DROP	322510	제이엘케이	trend_gate
2026-05-14 16:58:06,380	DROP	041520	이엘씨	liquidity_gate:KOSDAQ
2026-05-14 16:58:06,971	DROP	047560	이스트소프트	trend_gate
2026-05-14 16:58:07,490	DROP	010100	한국무브넥스	52w_ceiling_gate
2026-05-14 16:58:07,932	DROP	013310	아진산업	volume_drought_gate
2026-05-14 16:58:08,415	DROP	136540	윈스테크넷	trend_gate
2026-05-14 16:58:08,880	DROP	408920	메쎄이상	trend_gate
2026-05-14 16:58:09,299	DROP	004970	신라교역	trend_gate
2026-05-14 16:58:09,740	DROP	008040	사조동아원	trend_gate
2026-05-14 16:58:10,260	DROP	040300	YTN	trend_gate
2026-05-14 16:58:10,767	DROP	298000	효성화학	trend_gate
2026-05-14 16:58:11,241	DROP	094280	효성ITX	trend_gate
2026-05-14 16:58:11,755	DROP	048770	TPC로보틱스	volume_drought_gate
2026-05-14 16:58:12,292	DROP	021820	세원정공	trend_gate
2026-05-14 16:58:12,756	DROP	071280	로체시스템즈	trend_gate
2026-05-14 16:58:13,341	DROP	217950	파마리서치바이오	trend_gate
2026-05-14 16:58:13,793	DROP	212560	네오오토	liquidity_gate:KOSDAQ
2026-05-14 16:58:14,238	DROP	307930	컴퍼니케이	trend_gate
2026-05-14 16:58:14,744	DROP	079430	현대리바트	trend_gate
2026-05-14 16:58:15,322	DROP	019180	티에이치엔	trend_gate
2026-05-14 16:58:15,794	DROP	021320	KCC건설	trend_gate
2026-05-14 16:58:16,239	DROP	007540	샘표	trend_gate
2026-05-14 16:58:16,760	DROP	950130	엑세스바이오	trend_gate
2026-05-14 16:58:17,203	DROP	366030	공구우먼	liquidity_gate:KOSDAQ
2026-05-14 16:58:17,693	DROP	250060	모비스	trend_gate
2026-05-14 16:58:18,167	DROP	005990	매일홀딩스	trend_gate
2026-05-14 16:58:18,649	DROP	053700	삼보모터스	trend_gate
2026-05-14 16:58:19,167	DROP	100590	머큐리	52w_ceiling_gate
2026-05-14 16:58:19,655	DROP	456070	이엔셀	trend_gate
2026-05-14 16:58:20,127	DROP	336680	탑런토탈솔루션	trend_gate
2026-05-14 16:58:20,637	DROP	009270	신원	trend_gate
2026-05-14 16:58:21,113	DROP	045970	코아시아	trend_gate
2026-05-14 16:58:21,620	DROP	012320	경동인베스트	trend_gate
2026-05-14 16:58:22,087	DROP	306620	지아이에스	trend_gate
2026-05-14 16:58:22,605	DROP	131030	옵투스제약	trend_gate
2026-05-14 16:58:23,108	DROP	078000	텔코웨어	trend_gate
2026-05-14 16:58:23,622	DROP	015890	태경산업	trend_gate
2026-05-14 16:58:24,067	DROP	141000	비아트론	trend_gate
2026-05-14 16:58:24,529	DROP	072950	빛샘전자	52w_ceiling_gate
2026-05-14 16:58:25,016	DROP	033340	좋은사람들	trend_gate
2026-05-14 16:58:25,521	DROP	123040	엠에스오토텍	trend_gate
2026-05-14 16:58:26,129	DROP	049720	고려신용정보	trend_gate
2026-05-14 16:58:26,659	DROP	104460	디와이피엔에프	trend_gate
2026-05-14 16:58:27,156	DROP	047770	코데즈컴바인	trend_gate
2026-05-14 16:58:27,630	DROP	086960	MDS테크	trend_gate
2026-05-14 16:58:28,084	DROP	052420	오성첨단소재	trend_gate
2026-05-14 16:58:28,519	DROP	396470	워트	trend_gate
2026-05-14 16:58:28,997	DROP	006620	동구바이오제약	trend_gate
2026-05-14 16:58:29,474	DROP	063570	NICE인프라	trend_gate
2026-05-14 16:58:29,967	DROP	214680	디알텍	trend_gate
2026-05-14 16:58:30,572	DROP	024090	디씨엠	trend_gate
2026-05-14 16:58:31,033	DROP	080420	모다이노칩	trend_gate
2026-05-14 16:58:31,511	DROP	070960	모나용평	trend_gate
2026-05-14 16:58:32,032	DROP	215100	로보로보	trend_gate
2026-05-14 16:58:32,713	DROP	047820	초록뱀미디어	trend_gate
2026-05-14 16:58:33,329	DROP	263860	지니언스	trend_gate
2026-05-14 16:58:33,787	DROP	263720	디앤씨미디어	trend_gate
2026-05-14 16:58:34,229	DROP	002620	제일파마홀딩스	trend_gate
2026-05-14 16:58:34,837	DROP	020120	키다리스튜디오	trend_gate
2026-05-14 16:58:35,391	DROP	005860	한일사료	trend_gate
2026-05-14 16:58:36,112	DROP	049950	미래컴퍼니	trend_gate
2026-05-14 16:58:36,647	DROP	156100	엘앤케이바이오	trend_gate
2026-05-14 16:58:37,249	DROP	065450	빅텍	trend_gate
2026-05-14 16:58:37,769	DROP	475580	에이럭스	trend_gate
2026-05-14 16:58:38,227	DROP	016740	두올	trend_gate
2026-05-14 16:58:38,776	DROP	002460	HS화성	liquidity_gate:KOSPI
2026-05-14 16:58:39,260	DROP	310200	애니플러스	trend_gate
2026-05-14 16:58:39,728	DROP	122450	KX	trend_gate
2026-05-14 16:58:40,212	DROP	123690	한국화장품	trend_gate
2026-05-14 16:58:40,767	DROP	090850	현대이지웰	trend_gate
2026-05-14 16:58:41,221	DROP	107590	미원홀딩스	trend_gate
2026-05-14 16:58:41,752	DROP	182360	큐브엔터	trend_gate
2026-05-14 16:58:42,235	DROP	025620	차AI헬스케어	trend_gate
2026-05-14 16:58:42,788	DROP	011280	태림포장	trend_gate
2026-05-14 16:58:43,440	DROP	027970	한국제지	trend_gate
2026-05-14 16:58:44,150	DROP	225190	LK삼양	trend_gate
2026-05-14 16:58:44,860	DROP	005800	신영와코루	trend_gate
2026-05-14 16:58:45,517	DROP	016710	대성홀딩스	trend_gate
2026-05-14 16:58:46,120	DROP	255440	야스	trend_gate
2026-05-14 16:58:46,847	DROP	083420	그린케미칼	trend_gate
2026-05-14 16:58:47,345	DROP	139990	아주스틸	trend_gate
2026-05-14 16:58:47,799	DROP	363280	티와이홀딩스	trend_gate
2026-05-14 16:58:48,330	DROP	067900	와이엔텍	trend_gate
2026-05-14 16:58:48,806	DROP	089600	KT나스미디어	trend_gate
2026-05-14 16:58:49,230	DROP	493330	지에프아이	insufficient_rows:81
2026-05-14 16:58:49,731	DROP	039980	폴라리스AI	trend_gate
2026-05-14 16:58:50,345	DROP	001540	안국약품	trend_gate
2026-05-14 16:58:51,045	DROP	002390	한독	trend_gate
2026-05-14 16:58:51,647	DROP	011700	한신기계	trend_gate
2026-05-14 16:58:52,137	DROP	256940	킵스파마	trend_gate
2026-05-14 16:58:52,698	DROP	408470	한패스	insufficient_rows:35
2026-05-14 16:58:53,441	DROP	042510	라온시큐어	trend_gate
2026-05-14 16:58:54,126	DROP	389030	지니너스	trend_gate
2026-05-14 16:58:54,616	DROP	269620	시스웍	trend_gate
2026-05-14 16:58:55,196	DROP	205100	엑셈	trend_gate
2026-05-14 16:58:55,642	DROP	360070	탑머티리얼	trend_gate
2026-05-14 16:58:56,117	DROP	443670	에스피소프트	trend_gate
2026-05-14 16:58:56,583	DROP	036220	오상헬스케어	trend_gate
2026-05-14 16:58:57,130	DROP	095720	웅진씽크빅	trend_gate
2026-05-14 16:58:57,671	DROP	0015S0	페스카로	insufficient_rows:103
2026-05-14 16:58:58,189	DROP	464490	쿼드메디슨	insufficient_rows:101
2026-05-14 16:58:58,662	DROP	136150	원일티엔아이	trend_gate
2026-05-14 16:58:59,176	DROP	382840	원준	trend_gate
2026-05-14 16:58:59,697	DROP	413630	씨피시스템	trend_gate
2026-05-14 16:59:00,116	DROP	109610	에스와이	trend_gate
2026-05-14 16:59:00,663	DROP	267290	경동도시가스	trend_gate
2026-05-14 16:59:01,124	DROP	091120	이엠텍	trend_gate
2026-05-14 16:59:01,638	DROP	246710	티앤알바이오팹	trend_gate
2026-05-14 16:59:02,131	DROP	004080	신흥	trend_gate
2026-05-14 16:59:02,608	DROP	001290	상상인증권	trend_gate
2026-05-14 16:59:03,140	DROP	004250	NPC	trend_gate
2026-05-14 16:59:03,637	DROP	076610	해성옵틱스	volume_drought_gate
2026-05-14 16:59:04,060	DROP	417970	모델솔루션	52w_ceiling_gate
2026-05-14 16:59:04,485	DROP	311320	지오엘리먼트	liquidity_gate:KOSDAQ
2026-05-14 16:59:05,011	DROP	036010	아비코전자	trend_gate
2026-05-14 16:59:05,635	DROP	014710	사조씨푸드	trend_gate
2026-05-14 16:59:06,183	DROP	052260	현대바이오랜드	trend_gate
2026-05-14 16:59:06,821	DROP	032580	피델릭스	volume_drought_gate
2026-05-14 16:59:07,586	DROP	038110	에코플라스틱	trend_gate
2026-05-14 16:59:08,109	DROP	086710	선진뷰티사이언스	trend_gate
2026-05-14 16:59:08,611	DROP	317770	엑스페릭스	trend_gate
2026-05-14 16:59:09,120	DROP	002220	한일철강	trend_gate
2026-05-14 16:59:09,630	DROP	067000	조이시티	trend_gate
2026-05-14 16:59:10,151	DROP	309960	LB인베스트먼트	trend_gate
2026-05-14 16:59:10,818	DROP	149980	하이로닉	trend_gate
2026-05-14 16:59:11,348	DROP	023800	인지컨트롤스	liquidity_gate:KOSPI
2026-05-14 16:59:11,896	DROP	013570	디와이	trend_gate
2026-05-14 16:59:12,483	DROP	089230	THE E&M	trend_gate
2026-05-14 16:59:13,095	DROP	009780	엠에스씨	trend_gate
2026-05-14 16:59:13,745	DROP	025950	동신건설	trend_gate
2026-05-14 16:59:14,322	DROP	067830	세이브존I&C	trend_gate
2026-05-14 16:59:14,820	DROP	331740	아우토크립트	trend_gate
2026-05-14 16:59:15,364	DROP	014530	극동유화	trend_gate
2026-05-14 16:59:15,856	DROP	036690	코맥스	trend_gate
2026-05-14 16:59:16,484	DROP	066310	큐에스아이	trend_gate
2026-05-14 16:59:17,016	DROP	228670	레이	trend_gate
2026-05-14 16:59:17,678	DROP	029480	광무	trend_gate
2026-05-14 16:59:18,212	DROP	090470	제이스로보틱스	trend_gate
2026-05-14 16:59:18,679	DROP	014580	태경비케이	trend_gate
2026-05-14 16:59:19,100	DROP	052860	아이앤씨	liquidity_gate:KOSDAQ
2026-05-14 16:59:19,522	DROP	096250	와이즈넛	trend_gate
2026-05-14 16:59:19,995	DROP	476040	오가노이드사이언스	trend_gate
2026-05-14 16:59:20,573	DROP	054050	NH농우바이오	trend_gate
2026-05-14 16:59:21,102	DROP	007460	에이프로젠	liquidity_gate:KOSPI
2026-05-14 16:59:21,651	DROP	109740	디에스케이	trend_gate
2026-05-14 16:59:22,147	DROP	052900	KX하이텍	volume_drought_gate
2026-05-14 16:59:22,627	DROP	035000	HS애드	trend_gate
2026-05-14 16:59:23,195	DROP	007210	벽산	trend_gate
2026-05-14 16:59:23,733	DROP	044990	에이치엔에스하이텍	trend_gate
2026-05-14 16:59:24,192	DROP	273640	와이엠텍	volume_drought_gate
2026-05-14 16:59:24,619	DROP	357230	에이치피오	liquidity_gate:KOSDAQ
2026-05-14 16:59:25,101	DROP	079810	APS이노베이션	trend_gate
2026-05-14 16:59:25,607	DROP	015590	DKME	trend_gate
2026-05-14 16:59:26,052	DROP	460940	피앤에스로보틱스	trend_gate
2026-05-14 16:59:26,510	DROP	100130	동국S&C	trend_gate
2026-05-14 16:59:26,940	DROP	339950	아이비김영	liquidity_gate:KOSDAQ
2026-05-14 16:59:27,452	DROP	117670	알파칩스	trend_gate
2026-05-14 16:59:28,050	DROP	035080	그래디언트	trend_gate
2026-05-14 16:59:28,543	DROP	049520	유아이엘	trend_gate
2026-05-14 16:59:29,249	DROP	051160	지어소프트	trend_gate
2026-05-14 16:59:29,734	DROP	002450	삼익악기	trend_gate
2026-05-14 16:59:30,264	DROP	023900	풍국주정	trend_gate
2026-05-14 16:59:30,762	DROP	004140	동방	trend_gate
2026-05-14 16:59:31,261	DROP	321260	프로이천	volume_drought_gate
2026-05-14 16:59:31,743	DROP	001020	페이퍼코리아	trend_gate
2026-05-14 16:59:32,204	DROP	073560	우리손에프앤지	trend_gate
2026-05-14 16:59:32,680	DROP	036580	팜스코	trend_gate
2026-05-14 16:59:33,191	DROP	092040	아미코젠	trend_gate
2026-05-14 16:59:33,739	DROP	267850	아시아나IDT	trend_gate
2026-05-14 16:59:34,211	DROP	217330	싸이토젠	trend_gate
2026-05-14 16:59:34,741	DROP	120030	조선선재	trend_gate
2026-05-14 16:59:35,208	DROP	131370	알서포트	trend_gate
2026-05-14 16:59:35,792	DROP	226400	오스테오닉	trend_gate
2026-05-14 16:59:36,281	DROP	227840	현대코퍼레이션홀딩스	trend_gate
2026-05-14 16:59:36,714	DROP	248170	샘표식품	trend_gate
2026-05-14 16:59:37,138	DROP	000440	중앙에너비스	trend_gate
2026-05-14 16:59:37,588	DROP	265740	엔에프씨	trend_gate
2026-05-14 16:59:38,143	DROP	101330	모베이스	52w_ceiling_gate
2026-05-14 16:59:38,622	DROP	424960	스마트레이더시스템	trend_gate
2026-05-14 16:59:39,074	DROP	432470	케이엔에스	trend_gate
2026-05-14 16:59:39,516	DROP	330730	스톤브릿지벤처스	trend_gate
2026-05-14 16:59:40,001	DROP	059210	메타바이오메드	trend_gate
2026-05-14 16:59:40,543	DROP	063170	서울옥션	trend_gate
2026-05-14 16:59:41,002	DROP	034590	인천도시가스	trend_gate
2026-05-14 16:59:41,519	DROP	253840	수젠텍	trend_gate
2026-05-14 16:59:41,986	DROP	451220	아이엠티	trend_gate
2026-05-14 16:59:42,483	DROP	081150	티플랙스	volume_drought_gate
2026-05-14 16:59:42,909	DROP	041590	플래스크	trend_gate
2026-05-14 16:59:43,419	DROP	337930	젝시믹스	trend_gate
2026-05-14 16:59:43,860	DROP	032300	한국파마	trend_gate
2026-05-14 16:59:44,327	DROP	005870	휴니드	trend_gate
2026-05-14 16:59:44,823	DROP	024880	케이피에프	trend_gate
2026-05-14 16:59:45,374	DROP	014790	HL D&I	trend_gate
2026-05-14 16:59:45,831	DROP	018120	진로발효	trend_gate
2026-05-14 16:59:46,301	DROP	042500	링네트	trend_gate
2026-05-14 16:59:46,742	DROP	370090	퓨런티어	trend_gate
2026-05-14 16:59:47,174	DROP	038540	상상인	trend_gate
2026-05-14 16:59:47,605	DROP	014160	대영포장	trend_gate
2026-05-14 16:59:48,039	DROP	088390	이녹스	trend_gate
2026-05-14 16:59:48,683	DROP	007110	일신석재	trend_gate
2026-05-14 16:59:49,126	DROP	078140	대봉엘에스	trend_gate
2026-05-14 16:59:49,552	DROP	251120	바이오에프디엔씨	trend_gate
2026-05-14 16:59:50,044	DROP	006140	피제이전자	52w_ceiling_gate
2026-05-14 16:59:50,525	DROP	317830	에스피시스템스	trend_gate
2026-05-14 16:59:50,957	DROP	377480	마음AI	trend_gate
2026-05-14 16:59:51,491	DROP	228850	레이언스	liquidity_gate:KOSDAQ
2026-05-14 16:59:51,987	DROP	065440	이루온	volume_drought_gate
2026-05-14 16:59:52,426	DROP	229500	노브메타파마	trend_gate
2026-05-14 16:59:52,895	DROP	100700	세운메디칼	trend_gate
2026-05-14 16:59:53,393	DROP	348350	위드텍	liquidity_gate:KOSDAQ
2026-05-14 16:59:53,835	DROP	382480	지아이텍	liquidity_gate:KOSDAQ
2026-05-14 16:59:54,351	DROP	094840	슈프리마에이치큐	liquidity_gate:KOSDAQ
2026-05-14 16:59:54,794	DROP	463020	뉴엔AI	trend_gate
2026-05-14 16:59:55,205	DROP	389140	포바이포	trend_gate
2026-05-14 16:59:55,622	DROP	019680	대교	trend_gate
2026-05-14 16:59:56,049	DROP	278650	HLB바이오스텝	trend_gate
2026-05-14 16:59:56,489	DROP	074430	아미노로직스	trend_gate
2026-05-14 16:59:56,895	DROP	025560	미래산업	liquidity_gate:KOSPI
2026-05-14 16:59:57,388	DROP	294630	서남	trend_gate
2026-05-14 16:59:57,928	DROP	054620	APS	trend_gate
2026-05-14 16:59:58,430	DROP	205470	휴마시스	trend_gate
2026-05-14 16:59:58,994	DROP	411080	샌즈랩	trend_gate
2026-05-14 16:59:59,446	DROP	059270	해성에어로보틱스	trend_gate
2026-05-14 16:59:59,865	DROP	290720	푸드나무	trend_gate
2026-05-14 17:00:00,461	DROP	096240	크레버스	trend_gate
2026-05-14 17:00:00,965	DROP	099750	이지케어텍	trend_gate
2026-05-14 17:00:01,557	DROP	011810	STX	trend_gate
2026-05-14 17:00:02,103	DROP	066700	테라젠이텍스	trend_gate
2026-05-14 17:00:02,597	DROP	058850	KTcs	trend_gate
2026-05-14 17:00:03,105	DROP	452200	민테크	trend_gate
2026-05-14 17:00:03,635	DROP	005740	크라운해태홀딩스	trend_gate
2026-05-14 17:00:04,161	DROP	225530	HC보광산업	trend_gate
2026-05-14 17:00:04,644	DROP	101670	하이드로리튬	trend_gate
2026-05-14 17:00:05,143	DROP	040910	아이씨디	trend_gate
2026-05-14 17:00:05,610	DROP	251630	브이원텍	trend_gate
2026-05-14 17:00:06,107	DROP	033290	로젠	trend_gate
2026-05-14 17:00:06,588	DROP	003310	대주산업	trend_gate
2026-05-14 17:00:07,122	DROP	331920	셀레믹스	trend_gate
2026-05-14 17:00:07,605	DROP	330350	위더스제약	trend_gate
2026-05-14 17:00:08,086	DROP	264900	크라운제과	trend_gate
2026-05-14 17:00:08,517	DROP	298540	더네이쳐홀딩스	trend_gate
2026-05-14 17:00:08,997	DROP	063080	컴투스홀딩스	trend_gate
2026-05-14 17:00:09,650	DROP	205500	넥써쓰	trend_gate
2026-05-14 17:00:10,160	DROP	008260	NI스틸	trend_gate
2026-05-14 17:00:10,710	DROP	007820	엠엑스로보틱스	liquidity_gate:KOSDAQ
2026-05-14 17:00:11,142	DROP	004590	한국가구	liquidity_gate:KOSDAQ
2026-05-14 17:00:11,630	DROP	37550L	DL이앤씨2우(전환)	trend_gate
2026-05-14 17:00:12,079	DROP	277880	티에스아이	trend_gate
2026-05-14 17:00:12,518	DROP	039340	한국경제TV	trend_gate
2026-05-14 17:00:13,132	DROP	053580	웹케시	trend_gate
2026-05-14 17:00:13,735	DROP	030960	양지사	trend_gate
2026-05-14 17:00:14,264	DROP	017370	우신시스템	trend_gate
2026-05-14 17:00:14,811	DROP	036420	콘텐트리중앙	trend_gate
2026-05-14 17:00:15,323	DROP	006840	AK홀딩스	trend_gate
2026-05-14 17:00:15,799	DROP	056360	코위버	volume_drought_gate
2026-05-14 17:00:16,413	DROP	023450	동남합성	trend_gate
2026-05-14 17:00:16,986	DROP	008700	아남전자	trend_gate
2026-05-14 17:00:17,452	DROP	084650	랩지노믹스	trend_gate
2026-05-14 17:00:17,949	DROP	006660	삼성공조	trend_gate
2026-05-14 17:00:18,452	DROP	053260	금강철강	trend_gate
2026-05-14 17:00:18,918	DROP	448710	코츠테크놀로지	trend_gate
2026-05-14 17:00:19,430	DROP	009300	삼아제약	trend_gate
2026-05-14 17:00:20,000	DROP	0015N0	아로마티카	insufficient_rows:112
2026-05-14 17:00:20,557	DROP	019550	SBI인베스트먼트	trend_gate
2026-05-14 17:00:21,079	DROP	063160	종근당바이오	trend_gate
2026-05-14 17:00:21,569	DROP	352090	스톰테크	liquidity_gate:KOSDAQ
2026-05-14 17:00:22,052	DROP	002200	한국수출포장	trend_gate
2026-05-14 17:00:22,532	DROP	489460	바이오비쥬	trend_gate
2026-05-14 17:00:22,954	DROP	212710	아이에스티이	trend_gate
2026-05-14 17:00:23,457	DROP	011370	서한	trend_gate
2026-05-14 17:00:23,965	DROP	142280	녹십자엠에스	trend_gate
2026-05-14 17:00:24,509	DROP	064800	포니링크	trend_gate
2026-05-14 17:00:24,965	DROP	419050	삼기에너지솔루션즈	trend_gate
2026-05-14 17:00:25,398	DROP	067170	오텍	volume_drought_gate
2026-05-14 17:00:25,863	DROP	026150	특수건설	trend_gate
2026-05-14 17:00:26,407	DROP	036630	세종텔레콤	trend_gate
2026-05-14 17:00:26,967	DROP	048530	인트론바이오	trend_gate
2026-05-14 17:00:27,424	DROP	058630	엠게임	trend_gate
2026-05-14 17:00:27,894	DROP	119650	KC코트렐	trend_gate
2026-05-14 17:00:28,375	DROP	094940	푸른기술	volume_drought_gate
2026-05-14 17:00:28,868	DROP	208370	셀바스헬스케어	trend_gate
2026-05-14 17:00:29,360	DROP	362320	청담글로벌	trend_gate
2026-05-14 17:00:29,983	DROP	032560	황금에스티	trend_gate
2026-05-14 17:00:30,605	DROP	079980	휴비스	trend_gate
2026-05-14 17:00:31,101	DROP	041910	폴라리스AI파마	volume_drought_gate
2026-05-14 17:00:31,539	DROP	303810	동국생명과학	trend_gate
2026-05-14 17:00:32,045	DROP	418470	KT밀리의서재	trend_gate
2026-05-14 17:00:32,564	DROP	261780	차백신연구소	trend_gate
2026-05-14 17:00:33,083	DROP	035610	솔본	trend_gate
2026-05-14 17:00:33,679	DROP	004100	태양금속	trend_gate
2026-05-14 17:00:34,171	DROP	950190	고스트스튜디오	trend_gate
2026-05-14 17:00:34,740	DROP	246720	아스타	trend_gate
2026-05-14 17:00:35,313	DROP	265560	영화테크	trend_gate
2026-05-14 17:00:35,905	DROP	024740	한일단조	trend_gate
2026-05-14 17:00:36,523	DROP	014970	삼륭물산	trend_gate
2026-05-14 17:00:37,058	DROP	081180	쎄크	trend_gate
2026-05-14 17:00:37,696	DROP	003580	HLB글로벌	trend_gate
2026-05-14 17:00:38,297	DROP	002700	신일전자	trend_gate
2026-05-14 17:00:38,834	DROP	413390	엠오티	trend_gate
2026-05-14 17:00:39,479	DROP	217190	제너셈	trend_gate
2026-05-14 17:00:40,170	DROP	082850	우리바이오	trend_gate
2026-05-14 17:00:40,863	DROP	091440	한울소재과학	trend_gate
2026-05-14 17:00:41,544	DROP	067290	JW신약	trend_gate
2026-05-14 17:00:42,109	DROP	010660	화천기계	trend_gate
2026-05-14 17:00:42,726	DROP	000230	일동홀딩스	trend_gate
2026-05-14 17:00:43,287	DROP	263600	덕우전자	liquidity_gate:KOSDAQ
2026-05-14 17:00:43,784	DROP	201490	미투온	trend_gate
2026-05-14 17:00:44,247	DROP	058860	KTis	trend_gate
2026-05-14 17:00:44,730	DROP	041930	SY동아	trend_gate
2026-05-14 17:00:45,179	DROP	173130	오파스넷	trend_gate
2026-05-14 17:00:45,773	DROP	048550	SM C&C	trend_gate
2026-05-14 17:00:46,229	DROP	191420	테고사이언스	trend_gate
2026-05-14 17:00:46,889	DROP	163560	동일고무벨트	trend_gate
2026-05-14 17:00:47,489	DROP	066790	씨씨에스	trend_gate
2026-05-14 17:00:48,044	DROP	439580	블루엠텍	trend_gate
2026-05-14 17:00:48,535	DROP	088280	쏘닉스	trend_gate
2026-05-14 17:00:49,113	DROP	120240	대정화금	trend_gate
2026-05-14 17:00:49,634	DROP	043610	KT지니뮤직	trend_gate
2026-05-14 17:00:50,191	DROP	060590	씨티씨바이오	trend_gate
2026-05-14 17:00:50,903	DROP	238090	앤디포스	trend_gate
2026-05-14 17:00:51,400	DROP	068240	다원시스	trend_gate
2026-05-14 17:00:51,975	DROP	004840	DRB동일	trend_gate
2026-05-14 17:00:52,464	DROP	131400	이브이첨단소재	trend_gate
2026-05-14 17:00:52,961	DROP	095270	웨이브일렉트로	trend_gate
2026-05-14 17:00:53,474	DROP	066590	스모트로닉	trend_gate
2026-05-14 17:00:53,994	DROP	463480	모티브링크	trend_gate
2026-05-14 17:00:54,432	DROP	072020	중앙백신	trend_gate
2026-05-14 17:00:54,936	DROP	388870	파로스아이바이오	trend_gate
2026-05-14 17:00:55,469	DROP	105740	디케이락	trend_gate
2026-05-14 17:00:55,938	DROP	025550	한국선재	trend_gate
2026-05-14 17:00:56,392	DROP	347890	엠엑스온	trend_gate
2026-05-14 17:00:56,857	DROP	299660	셀리드	trend_gate
2026-05-14 17:00:57,309	DROP	175140	휴먼테크놀로지	trend_gate
2026-05-14 17:00:57,773	DROP	093920	서원인텍	trend_gate
2026-05-14 17:00:58,237	DROP	096350	대창솔루션	trend_gate
2026-05-14 17:00:58,672	DROP	014440	영보화학	trend_gate
2026-05-14 17:00:59,236	DROP	006890	태경케미컬	trend_gate
2026-05-14 17:00:59,730	DROP	065530	와이어블	trend_gate
2026-05-14 17:01:00,226	DROP	170030	현대공업	trend_gate
2026-05-14 17:01:00,852	DROP	054670	대한뉴팜	trend_gate
2026-05-14 17:01:02,154	DROP	002210	동성제약	trend_gate
2026-05-14 17:01:02,650	DROP	137950	제이씨케미칼	trend_gate
2026-05-14 17:01:03,302	DROP	217500	러셀	52w_ceiling_gate
2026-05-14 17:01:03,873	DROP	031820	아이티센씨티에스	trend_gate
2026-05-14 17:01:04,425	DROP	007980	TP	trend_gate
2026-05-14 17:01:04,980	DROP	140070	서플러스글로벌	trend_gate
2026-05-14 17:01:05,685	DROP	023000	삼원강재	trend_gate
2026-05-14 17:01:06,141	DROP	475430	키스트론	trend_gate
2026-05-14 17:01:06,636	DROP	046940	우원개발	trend_gate
2026-05-14 17:01:07,112	DROP	234300	에스트래픽	trend_gate
2026-05-14 17:01:07,636	DROP	058400	KNN	trend_gate
2026-05-14 17:01:10,734	DROP	215790	이노인스트루먼트	52w_ceiling_gate
2026-05-14 17:01:11,236	DROP	066430	아이로보틱스	52w_ceiling_gate
2026-05-14 17:01:16,547	DROP	241690	유니테크노	trend_gate
2026-05-14 17:01:17,036	DROP	391710	코닉오토메이션	trend_gate
2026-05-14 17:01:17,562	DROP	019540	일지테크	trend_gate
2026-05-14 17:01:18,131	DROP	011000	진원생명과학	trend_gate
2026-05-14 17:01:18,631	DROP	002720	국제약품	trend_gate
2026-05-14 17:01:19,113	DROP	004650	창해에탄올	trend_gate
2026-05-14 17:01:19,709	DROP	040420	정상제이엘에스	trend_gate
2026-05-14 17:01:20,283	DROP	109070	주성코퍼레이션	trend_gate
2026-05-14 17:01:20,884	DROP	083790	CG인바이츠	trend_gate
2026-05-14 17:01:21,359	DROP	348150	고바이오랩	trend_gate
2026-05-14 17:01:22,000	DROP	011150	CJ씨푸드	trend_gate
2026-05-14 17:01:22,508	DROP	044340	위닉스	trend_gate
2026-05-14 17:01:22,977	DROP	124560	태웅로직스	trend_gate
2026-05-14 17:01:23,490	DROP	302430	이노메트리	trend_gate
2026-05-14 17:01:23,986	DROP	104040	디에스엠	trend_gate
2026-05-14 17:01:24,590	DROP	012700	리드코프	trend_gate
2026-05-14 17:01:25,034	DROP	013360	일성건설	trend_gate
2026-05-14 17:01:25,520	DROP	038460	바이오스마트	trend_gate
2026-05-14 17:01:25,989	DROP	004890	동일산업	trend_gate
2026-05-14 17:01:26,417	DROP	071670	에이테크솔루션	52w_ceiling_gate
2026-05-14 17:01:26,925	DROP	039610	화성밸브	trend_gate
2026-05-14 17:01:27,471	DROP	010280	아이티센엔텍	liquidity_gate:KOSDAQ
2026-05-14 17:01:27,922	DROP	320000	한울반도체	trend_gate
2026-05-14 17:01:28,358	DROP	020710	시공테크	trend_gate
2026-05-14 17:01:28,785	DROP	060310	3S	trend_gate
2026-05-14 17:01:29,239	DROP	000590	CS홀딩스	trend_gate
2026-05-14 17:01:29,734	DROP	039010	현대에이치티	trend_gate
2026-05-14 17:01:30,224	DROP	054040	한국컴퓨터	trend_gate
2026-05-14 17:01:30,817	DROP	311690	CJ 바이오사이언스	trend_gate
2026-05-14 17:01:31,320	DROP	084730	팅크웨어	trend_gate
2026-05-14 17:01:31,840	DROP	010960	삼호개발	trend_gate
2026-05-14 17:01:32,360	DROP	315640	딥노이드	trend_gate
2026-05-14 17:01:32,827	DROP	347860	알체라	trend_gate
2026-05-14 17:01:33,336	DROP	024830	세원물산	trend_gate
2026-05-14 17:01:33,796	DROP	203690	아크솔루션스	trend_gate
2026-05-14 17:01:34,272	DROP	067370	선바이오	trend_gate
2026-05-14 17:01:34,721	DROP	459100	위츠	trend_gate
2026-05-14 17:01:35,174	DROP	302550	리메드	trend_gate
2026-05-14 17:01:35,633	DROP	005750	대림바스	trend_gate
2026-05-14 17:01:36,078	DROP	461030	아이엠비디엑스	trend_gate
2026-05-14 17:01:36,517	DROP	000180	성창기업지주	trend_gate
2026-05-14 17:01:36,963	DROP	049480	오픈베이스	trend_gate
2026-05-14 17:01:37,433	DROP	110790	크리스에프앤씨	trend_gate
2026-05-14 17:01:37,889	DROP	033230	인성정보	trend_gate
2026-05-14 17:01:38,346	DROP	067570	엔브이에이치코리아	trend_gate
2026-05-14 17:01:38,821	DROP	061040	알에프텍	trend_gate
2026-05-14 17:01:39,302	DROP	002600	조흥	trend_gate
2026-05-14 17:01:39,759	DROP	001260	남광토건	trend_gate
2026-05-14 17:01:40,251	DROP	009180	한솔로지스틱스	trend_gate
2026-05-14 17:01:40,798	DROP	048910	대원미디어	trend_gate
2026-05-14 17:01:41,307	DROP	038680	에스넷	trend_gate
2026-05-14 17:01:41,830	DROP	299170	더블유에스아이	trend_gate
2026-05-14 17:01:42,435	DROP	227950	엔투텍	trend_gate
2026-05-14 17:01:42,905	DROP	085310	엔케이	trend_gate
2026-05-14 17:01:43,406	DROP	382150	온코크로스	trend_gate
2026-05-14 17:01:43,867	DROP	145170	노브랜드	trend_gate
2026-05-14 17:01:44,314	DROP	171120	라이온켐텍	trend_gate
2026-05-14 17:01:44,729	DROP	013870	지엠비코리아	trend_gate
2026-05-14 17:01:45,193	DROP	065510	휴비츠	trend_gate
2026-05-14 17:01:45,647	DROP	189330	씨이랩	volume_drought_gate
2026-05-14 17:01:46,053	DROP	123010	알엔티엑스	volume_drought_gate
2026-05-14 17:01:46,489	DROP	453860	에이에스텍	trend_gate
2026-05-14 17:01:47,007	DROP	347000	센코	trend_gate
2026-05-14 17:01:47,491	DROP	192250	케이사인	trend_gate
2026-05-14 17:01:47,971	DROP	019990	에너토크	trend_gate
2026-05-14 17:01:48,422	DROP	241790	티이엠씨씨엔에스	liquidity_gate:KOSDAQ
2026-05-14 17:01:48,881	DROP	155650	와이엠씨	liquidity_gate:KOSDAQ
2026-05-14 17:01:49,478	DROP	048430	유라테크	trend_gate
2026-05-14 17:01:49,949	DROP	017650	대림제지	liquidity_gate:KOSDAQ
2026-05-14 17:01:50,478	DROP	232830	아이티센피엔에스	liquidity_gate:KOSDAQ
2026-05-14 17:01:50,986	DROP	037440	희림	trend_gate
2026-05-14 17:01:51,485	DROP	011320	유니크	trend_gate
2026-05-14 17:01:52,001	DROP	478560	블랙야크아이앤씨	trend_gate
2026-05-14 17:01:52,486	DROP	004720	팜젠사이언스	trend_gate
2026-05-14 17:01:53,037	DROP	451250	삐아	trend_gate
2026-05-14 17:01:53,597	DROP	092300	현우산업	liquidity_gate:KOSDAQ
2026-05-14 17:01:54,076	DROP	036090	위지트	trend_gate
2026-05-14 17:01:54,563	DROP	950220	네오이뮨텍	trend_gate
2026-05-14 17:01:55,059	DROP	049180	셀루메드	trend_gate
2026-05-14 17:01:55,539	DROP	055490	테이팩스	trend_gate
2026-05-14 17:01:56,028	DROP	066980	한성크린텍	liquidity_gate:KOSDAQ
2026-05-14 17:01:56,546	DROP	183490	엔지켐생명과학	trend_gate
2026-05-14 17:01:57,056	DROP	004440	삼일씨엔에스	trend_gate
2026-05-14 17:01:57,548	DROP	033320	제이씨현시스템	trend_gate
2026-05-14 17:01:58,083	DROP	018500	동원금속	liquidity_gate:KOSPI
2026-05-14 17:01:58,586	DROP	046210	HLB파나진	trend_gate
2026-05-14 17:01:59,033	DROP	002800	신신제약	trend_gate
2026-05-14 17:01:59,530	DROP	222110	팬젠	trend_gate
2026-05-14 17:02:00,029	DROP	032850	비트컴퓨터	trend_gate
2026-05-14 17:02:00,552	DROP	130580	나이스디앤비	trend_gate
2026-05-14 17:02:01,148	DROP	128660	피제이메탈	trend_gate
2026-05-14 17:02:01,653	DROP	134580	탑코미디어	trend_gate
2026-05-14 17:02:02,252	DROP	036640	HRS	trend_gate
2026-05-14 17:02:02,827	DROP	001560	제일연마	trend_gate
2026-05-14 17:02:03,482	DROP	003010	혜인	trend_gate
2026-05-14 17:02:04,037	DROP	214330	금호에이치티	trend_gate
2026-05-14 17:02:04,595	DROP	071090	하이스틸	trend_gate
2026-05-14 17:02:05,070	DROP	216050	인크로스	trend_gate
2026-05-14 17:02:05,539	DROP	111380	동인기연	trend_gate
2026-05-14 17:02:05,986	DROP	014950	삼익제약	insufficient_rows:135
2026-05-14 17:02:06,542	DROP	215360	우리산업	trend_gate
2026-05-14 17:02:07,070	DROP	175250	아이큐어	trend_gate
2026-05-14 17:02:07,553	DROP	109080	옵티시스	trend_gate
2026-05-14 17:02:08,069	DROP	007590	동방아그로	trend_gate
2026-05-14 17:02:08,686	DROP	053280	예스24	trend_gate
2026-05-14 17:02:09,264	DROP	126880	제이엔케이글로벌	trend_gate
2026-05-14 17:02:09,750	DROP	480370	씨케이솔루션	trend_gate
2026-05-14 17:02:10,296	DROP	037760	쎄니트	liquidity_gate:KOSDAQ
2026-05-14 17:02:10,880	DROP	012690	모나리자	trend_gate
2026-05-14 17:02:11,308	DROP	412540	제일엠앤에스	trend_gate
2026-05-14 17:02:11,892	DROP	100220	비상교육	trend_gate
2026-05-14 17:02:12,358	DROP	208140	정다운	trend_gate
2026-05-14 17:02:12,906	DROP	023810	인팩	trend_gate
2026-05-14 17:02:13,539	DROP	263800	데이타솔루션	trend_gate
2026-05-14 17:02:14,036	DROP	290670	대보마그네틱	trend_gate
2026-05-14 17:02:14,920	DROP	111710	남화산업	trend_gate
2026-05-14 17:02:15,556	DROP	305090	마이크로디지탈	trend_gate
2026-05-14 17:02:16,264	DROP	001470	삼부토건	trend_gate
2026-05-14 17:02:16,780	DROP	102370	케이옥션	trend_gate
2026-05-14 17:02:17,269	DROP	222160	NPX	trend_gate
2026-05-14 17:02:17,785	DROP	049470	비트플래닛	trend_gate
2026-05-14 17:02:18,232	DROP	291650	압타머사이언스	trend_gate
2026-05-14 17:02:18,721	DROP	099220	SDN	trend_gate
2026-05-14 17:02:19,278	DROP	189860	서전기전	volume_drought_gate
2026-05-14 17:02:19,749	DROP	333620	엔시스	trend_gate
2026-05-14 17:02:20,257	DROP	443250	레뷰코퍼레이션	trend_gate
2026-05-14 17:02:20,824	DROP	187420	HLB제넥스	trend_gate
2026-05-14 17:02:21,433	DROP	007280	한국특강	trend_gate
2026-05-14 17:02:22,060	DROP	123420	위메이드플레이	trend_gate
2026-05-14 17:02:22,584	DROP	060560	HC홈센타	trend_gate
2026-05-14 17:02:23,031	DROP	053450	세코닉스	trend_gate
2026-05-14 17:02:23,569	DROP	068290	삼성출판사	trend_gate
2026-05-14 17:02:24,133	DROP	417790	트루엔	trend_gate
2026-05-14 17:02:24,587	DROP	004060	SG세계물산	trend_gate
2026-05-14 17:02:25,041	DROP	009200	무림페이퍼	trend_gate
2026-05-14 17:02:25,513	DROP	016090	대현	trend_gate
2026-05-14 17:02:26,005	DROP	024910	경창산업	liquidity_gate:KOSDAQ
2026-05-14 17:02:26,434	DROP	027830	대성창투	trend_gate
2026-05-14 17:02:26,859	DROP	033130	디지틀조선	trend_gate
2026-05-14 17:02:27,385	DROP	006090	사조오양	trend_gate
2026-05-14 17:02:27,831	DROP	016250	SGC E&C	trend_gate
2026-05-14 17:02:28,241	DROP	180060	탑선	trend_gate
2026-05-14 17:02:28,724	DROP	452400	이닉스	trend_gate
2026-05-14 17:02:29,170	DROP	014470	부방	trend_gate
2026-05-14 17:02:29,599	DROP	290660	다이나믹솔루션	trend_gate
2026-05-14 17:02:30,029	DROP	214260	라파스	trend_gate
2026-05-14 17:02:30,534	DROP	021050	서원	liquidity_gate:KOSPI
2026-05-14 17:02:30,985	DROP	006880	신송홀딩스	trend_gate
2026-05-14 17:02:31,468	DROP	000850	화천기공	trend_gate
2026-05-14 17:02:31,986	DROP	104620	노랑풍선	trend_gate
2026-05-14 17:02:32,475	DROP	047400	유니온머티리얼	trend_gate
2026-05-14 17:02:32,878	DROP	424980	마이크로투나노	trend_gate
2026-05-14 17:02:33,367	DROP	168330	내츄럴엔도텍	trend_gate
2026-05-14 17:02:33,889	DROP	045660	에이텍	trend_gate
2026-05-14 17:02:34,441	DROP	348080	큐라티스	trend_gate
2026-05-14 17:02:34,874	DROP	017480	삼현철강	trend_gate
2026-05-14 17:02:35,433	DROP	204840	지엘팜텍	trend_gate
2026-05-14 17:02:35,989	DROP	479960	위너스일렉	trend_gate
2026-05-14 17:02:36,471	DROP	222420	쎄노텍	liquidity_gate:KOSDAQ
2026-05-14 17:02:37,081	DROP	032540	TJ미디어	trend_gate
2026-05-14 17:02:37,607	DROP	127980	화인써키트	trend_gate
2026-05-14 17:02:38,065	DROP	080010	이상네트웍스	liquidity_gate:KOSDAQ
2026-05-14 17:02:38,637	DROP	900250	크리스탈신소재	trend_gate
2026-05-14 17:02:39,114	DROP	069730	DSR제강	trend_gate
2026-05-14 17:02:39,570	DROP	163280	에어레인	trend_gate
2026-05-14 17:02:40,062	DROP	207760	미스터블루	trend_gate
2026-05-14 17:02:40,602	DROP	234100	폴라리스세원	trend_gate
2026-05-14 17:02:41,050	DROP	318160	셀바이오휴먼텍	trend_gate
2026-05-14 17:02:41,562	DROP	013700	까뮤이앤씨	trend_gate
2026-05-14 17:02:42,033	DROP	089850	유비벨록스	trend_gate
2026-05-14 17:02:42,472	DROP	408900	스튜디오미르	trend_gate
2026-05-14 17:02:42,961	DROP	250030	진코스텍	liquidity_gate:KOSDAQ
2026-05-14 17:02:43,482	DROP	040610	SG&G	liquidity_gate:KOSDAQ
2026-05-14 17:02:43,932	DROP	214270	FSN	trend_gate
2026-05-14 17:02:44,413	DROP	340360	다보링크	trend_gate
2026-05-14 17:02:44,897	DROP	009770	삼정펄프	trend_gate
2026-05-14 17:02:45,346	DROP	027050	코리아나	trend_gate
2026-05-14 17:02:45,794	DROP	010040	한국내화	trend_gate
2026-05-14 17:02:46,299	DROP	014910	성문전자	volume_drought_gate
2026-05-14 17:02:46,825	DROP	352910	오비고	liquidity_gate:KOSDAQ
2026-05-14 17:02:47,473	DROP	003780	진양산업	trend_gate
2026-05-14 17:02:47,952	DROP	041460	한국전자인증	trend_gate
2026-05-14 17:02:48,392	DROP	378800	샤페론	trend_gate
2026-05-14 17:02:48,844	DROP	094850	참좋은여행	trend_gate
2026-05-14 17:02:49,284	DROP	159580	제로투세븐	trend_gate
2026-05-14 17:02:49,759	DROP	153710	옵티팜	trend_gate
2026-05-14 17:02:50,181	DROP	288620	에스프리즘	trend_gate
2026-05-14 17:02:50,721	DROP	900260	로스웰	trend_gate
2026-05-14 17:02:51,177	DROP	246690	TS인베스트먼트	trend_gate
2026-05-14 17:02:51,654	DROP	043710	코스리거글로벌	trend_gate
2026-05-14 17:02:52,094	DROP	043650	국순당	trend_gate
2026-05-14 17:02:52,536	DROP	229000	젠큐릭스	trend_gate
2026-05-14 17:02:53,019	DROP	317690	퀀타매트릭스	trend_gate
2026-05-14 17:02:53,543	DROP	307870	비투엔	trend_gate
2026-05-14 17:02:54,003	DROP	373200	엑스플러스	trend_gate
2026-05-14 17:02:54,499	DROP	036000	예림당	trend_gate
2026-05-14 17:02:55,104	DROP	072470	우리산업홀딩스	trend_gate
2026-05-14 17:02:55,612	DROP	039240	경남스틸	trend_gate
2026-05-14 17:02:56,111	DROP	234920	자이글	trend_gate
2026-05-14 17:02:56,567	DROP	099410	동방선기	trend_gate
2026-05-14 17:02:56,971	DROP	446840	지슨	trend_gate
2026-05-14 17:02:57,424	DROP	122310	제노레이	trend_gate
2026-05-14 17:02:57,907	DROP	136410	아셈스	trend_gate
2026-05-14 17:02:58,422	DROP	001620	케이비아이동국실업	trend_gate
2026-05-14 17:02:58,907	DROP	011390	부산산업	trend_gate
2026-05-14 17:02:59,371	DROP	347740	피엔케이피부임상연구센타	trend_gate
2026-05-14 17:02:59,822	DROP	378850	화승알앤에이	trend_gate
2026-05-14 17:03:00,291	DROP	184230	SGA솔루션즈	trend_gate
2026-05-14 17:03:00,788	DROP	162300	신스틸	trend_gate
2026-05-14 17:03:01,252	DROP	012790	신일제약	trend_gate
2026-05-14 17:03:01,707	DROP	042110	에스씨디	trend_gate
2026-05-14 17:03:02,193	DROP	061250	화일약품	trend_gate
2026-05-14 17:03:02,640	DROP	435570	에르코스	trend_gate
2026-05-14 17:03:03,059	DROP	198080	캐프	liquidity_gate:KOSDAQ
2026-05-14 17:03:03,523	DROP	111110	호전실업	trend_gate
2026-05-14 17:03:04,066	DROP	033170	시그네틱스	trend_gate
2026-05-14 17:03:04,521	DROP	004540	깨끗한나라	trend_gate
2026-05-14 17:03:05,054	DROP	054930	유신	trend_gate
2026-05-14 17:03:05,545	DROP	039420	케이엘넷	trend_gate
2026-05-14 17:03:05,959	DROP	001550	조비	trend_gate
2026-05-14 17:03:06,354	DROP	332370	아이디피	liquidity_gate:KOSDAQ
2026-05-14 17:03:06,747	DROP	147760	피엠티	liquidity_gate:KOSDAQ
2026-05-14 17:03:07,180	DROP	457370	한켐	trend_gate
2026-05-14 17:03:07,687	DROP	064240	홈캐스트	trend_gate
2026-05-14 17:03:08,089	DROP	296160	프로젠	trend_gate
2026-05-14 17:03:08,605	DROP	049550	잉크테크	liquidity_gate:KOSDAQ
2026-05-14 17:03:09,032	DROP	053050	지에스이	trend_gate
2026-05-14 17:03:09,483	DROP	101140	인바이오젠	trend_gate
2026-05-14 17:03:09,966	DROP	073640	테라사이언스	trend_gate
2026-05-14 17:03:10,443	DROP	456570	아이엠지티	trend_gate
2026-05-14 17:03:11,029	DROP	006980	우성	trend_gate
2026-05-14 17:03:11,457	DROP	317850	대모	trend_gate
2026-05-14 17:03:11,940	DROP	109860	동일금속	trend_gate
2026-05-14 17:03:12,526	DROP	360350	코셈	trend_gate
2026-05-14 17:03:12,988	DROP	294140	레몬	trend_gate
2026-05-14 17:03:13,468	DROP	000220	유유제약	trend_gate
2026-05-14 17:03:13,921	DROP	024900	디와이덕양	trend_gate
2026-05-14 17:03:14,387	DROP	067920	이글루	trend_gate
2026-05-14 17:03:14,871	DROP	040350	크레오에스지	trend_gate
2026-05-14 17:03:15,320	DROP	199550	레이저옵텍	trend_gate
2026-05-14 17:03:15,788	DROP	094970	제이엠티	liquidity_gate:KOSDAQ
2026-05-14 17:03:16,215	DROP	060570	드림어스컴퍼니	trend_gate
2026-05-14 17:03:16,722	DROP	000910	유니온	trend_gate
2026-05-14 17:03:17,213	DROP	129260	인터지스	trend_gate
2026-05-14 17:03:17,631	DROP	331380	포커스에이아이	trend_gate
2026-05-14 17:03:18,106	DROP	010470	오리콤	trend_gate
2026-05-14 17:03:18,539	DROP	005670	푸드웰	trend_gate
2026-05-14 17:03:18,943	DROP	256630	포인트엔지니어링	trend_gate
2026-05-14 17:03:19,351	DROP	177900	쓰리에이로직스	trend_gate
2026-05-14 17:03:19,859	DROP	039020	이건홀딩스	trend_gate
2026-05-14 17:03:20,283	DROP	0013V0	삼진식품	insufficient_rows:95
2026-05-14 17:03:20,807	DROP	261520	이지스	insufficient_rows:102
2026-05-14 17:03:21,348	DROP	260930	씨티케이	trend_gate
2026-05-14 17:03:21,796	DROP	384470	코어라인소프트	trend_gate
2026-05-14 17:03:22,271	DROP	003060	에이프로젠바이오로직스	liquidity_gate:KOSPI
2026-05-14 17:03:22,738	DROP	126640	화신정공	liquidity_gate:KOSDAQ
2026-05-14 17:03:23,222	DROP	196450	코아시아씨엠	trend_gate
2026-05-14 17:03:23,789	DROP	092780	DYP	52w_ceiling_gate
2026-05-14 17:03:24,188	DROP	444530	심플랫폼	trend_gate
2026-05-14 17:03:24,659	DROP	155660	DSR	trend_gate
2026-05-14 17:03:25,156	DROP	004830	덕성	trend_gate
2026-05-14 17:03:25,662	DROP	033310	엠투엔	trend_gate
2026-05-14 17:03:26,142	DROP	458350	에스팀	insufficient_rows:48
2026-05-14 17:03:26,598	DROP	036120	서울평가정보	trend_gate
2026-05-14 17:03:27,111	DROP	007370	진양제약	trend_gate
2026-05-14 17:03:27,655	DROP	036670	삼양케이씨아이	trend_gate
2026-05-14 17:03:28,156	DROP	104540	코렌텍	trend_gate
2026-05-14 17:03:28,648	DROP	072990	에이치시티	trend_gate
2026-05-14 17:03:29,139	DROP	038060	루멘스	trend_gate
2026-05-14 17:03:29,576	DROP	058730	다스코	trend_gate
2026-05-14 17:03:30,138	DROP	089790	제이티	liquidity_gate:KOSDAQ
2026-05-14 17:03:30,734	DROP	054300	팬스타엔터프라이즈	trend_gate
2026-05-14 17:03:31,241	DROP	097800	윈팩	trend_gate
2026-05-14 17:03:31,727	DROP	100030	인지소프트	trend_gate
2026-05-14 17:03:32,195	DROP	010240	흥국	trend_gate
2026-05-14 17:03:32,679	DROP	299900	위지윅스튜디오	trend_gate
2026-05-14 17:03:33,180	DROP	372910	한컴라이프케어	trend_gate
2026-05-14 17:03:33,684	DROP	092440	기신정기	trend_gate
2026-05-14 17:03:34,157	DROP	317530	에피소드컴퍼니	trend_gate
2026-05-14 17:03:34,625	DROP	105550	엣지파운드리	trend_gate
2026-05-14 17:03:35,059	DROP	263690	디알젬	trend_gate
2026-05-14 17:03:35,550	DROP	351330	이삭엔지니어링	trend_gate
2026-05-14 17:03:35,958	DROP	460870	에스엠씨지	trend_gate
2026-05-14 17:03:36,580	DROP	226330	신테카바이오	trend_gate
2026-05-14 17:03:37,069	DROP	002760	보락	trend_gate
2026-05-14 17:03:37,562	DROP	246960	SCL사이언스	trend_gate
2026-05-14 17:03:38,052	DROP	219550	디와이디	trend_gate
2026-05-14 17:03:38,575	DROP	373160	데이원컴퍼니	trend_gate
2026-05-14 17:03:39,086	DROP	052220	iMBC	trend_gate
2026-05-14 17:03:39,590	DROP	053270	구영테크	trend_gate
2026-05-14 17:03:40,120	DROP	042940	상지건설	trend_gate
2026-05-14 17:03:40,706	DROP	185490	아이진	trend_gate
2026-05-14 17:03:41,138	DROP	065500	오리엔트정공	trend_gate
2026-05-14 17:03:41,606	DROP	170790	파이오링크	trend_gate
2026-05-14 17:03:42,078	DROP	198440	강동씨앤엘	trend_gate
2026-05-14 17:03:42,568	DROP	037230	한국팩키지	trend_gate
2026-05-14 17:03:43,140	DROP	037330	인지디스플레	trend_gate
2026-05-14 17:03:43,632	DROP	143540	영우디에스피	liquidity_gate:KOSDAQ
2026-05-14 17:03:44,058	DROP	088910	동우팜투테이블	trend_gate
2026-05-14 17:03:44,492	DROP	465480	인스피언	trend_gate
2026-05-14 17:03:44,997	DROP	004780	대륙제관	trend_gate
2026-05-14 17:03:45,481	DROP	002140	고려산업	trend_gate
2026-05-14 17:03:45,922	DROP	015710	코콤	trend_gate
2026-05-14 17:03:46,399	DROP	001840	이화공영	trend_gate
2026-05-14 17:03:46,937	DROP	004410	서울식품	trend_gate
2026-05-14 17:03:47,384	DROP	950200	소마젠	trend_gate
2026-05-14 17:03:47,857	DROP	196300	HLB펩	trend_gate
2026-05-14 17:03:48,264	DROP	050960	수산아이앤티	trend_gate
2026-05-14 17:03:48,688	DROP	303360	프로티아	trend_gate
2026-05-14 17:03:49,194	DROP	053350	이니텍	trend_gate
2026-05-14 17:03:49,665	DROP	261200	덴티스	trend_gate
2026-05-14 17:03:50,150	DROP	008370	원풍	trend_gate
2026-05-14 17:03:50,749	DROP	068330	일신바이오	trend_gate
2026-05-14 17:03:51,250	DROP	004770	써니전자	trend_gate
2026-05-14 17:03:51,756	DROP	114450	그린생명과학	trend_gate
2026-05-14 17:03:52,172	DROP	460470	아이빔테크놀로지	liquidity_gate:KOSDAQ
2026-05-14 17:03:52,715	DROP	045340	토탈소프트	trend_gate
2026-05-14 17:03:53,371	DROP	238120	얼라인드	trend_gate
2026-05-14 17:03:54,046	DROP	063440	SM Life Design	trend_gate
2026-05-14 17:03:54,573	DROP	072130	유엔젤	trend_gate
2026-05-14 17:03:54,993	DROP	273060	와이즈버즈	liquidity_gate:KOSDAQ
2026-05-14 17:03:55,470	DROP	393210	토마토시스템	trend_gate
2026-05-14 17:03:55,989	DROP	024950	삼천리자전거	trend_gate
2026-05-14 17:03:56,431	DROP	082210	옵트론텍	trend_gate
2026-05-14 17:03:56,894	DROP	376930	노을	trend_gate
2026-05-14 17:03:57,370	DROP	009190	대양금속	trend_gate
2026-05-14 17:03:57,809	DROP	189980	흥국에프엔비	trend_gate
2026-05-14 17:03:58,252	DROP	053620	태양	trend_gate
2026-05-14 17:03:58,721	DROP	087260	모바일어플라이언스	trend_gate
2026-05-14 17:03:59,212	DROP	010770	평화홀딩스	trend_gate
2026-05-14 17:03:59,703	DROP	065170	비엘팜텍	trend_gate
2026-05-14 17:04:00,179	DROP	173940	에프엔씨엔터	trend_gate
2026-05-14 17:04:00,754	DROP	223310	사토시홀딩스	trend_gate
2026-05-14 17:04:01,172	DROP	419080	엔젯	trend_gate
2026-05-14 17:04:01,644	DROP	038010	제일테크노스	trend_gate
2026-05-14 17:04:02,117	DROP	239890	피엔에이치테크	trend_gate
2026-05-14 17:04:02,698	DROP	006490	인스코비	trend_gate
2026-05-14 17:04:03,176	DROP	072770	멤레이비티	trend_gate
2026-05-14 17:04:03,670	DROP	004450	삼화왕관	trend_gate
2026-05-14 17:04:04,144	DROP	053980	오상자이엘	trend_gate
2026-05-14 17:04:04,608	DROP	002630	오리엔트바이오	trend_gate
2026-05-14 17:04:05,092	DROP	123700	SJM	trend_gate
2026-05-14 17:04:05,557	DROP	150900	파수AI	trend_gate
2026-05-14 17:04:06,015	DROP	000890	보해양조	trend_gate
2026-05-14 17:04:06,451	DROP	317870	엔바이오니아	trend_gate
2026-05-14 17:04:06,884	DROP	099520	DGI	trend_gate
2026-05-14 17:04:07,449	DROP	066670	디티씨	trend_gate
2026-05-14 17:04:07,868	DROP	153460	네이블	trend_gate
2026-05-14 17:04:08,268	DROP	450330	하스	trend_gate
2026-05-14 17:04:08,697	DROP	218150	미래생명자원	trend_gate
2026-05-14 17:04:09,178	DROP	406820	뷰티스킨	trend_gate
2026-05-14 17:04:09,630	DROP	137080	나래나노텍	trend_gate
2026-05-14 17:04:10,083	DROP	033560	블루콤	trend_gate
2026-05-14 17:04:10,607	DROP	041650	상신브레이크	trend_gate
2026-05-14 17:04:11,049	DROP	075180	새론오토모티브	trend_gate
2026-05-14 17:04:11,499	DROP	004920	씨아이테크	trend_gate
2026-05-14 17:04:12,050	DROP	321820	아티스트컴퍼니	trend_gate
2026-05-14 17:04:12,521	DROP	245620	EDGC	trend_gate
2026-05-14 17:04:13,021	DROP	219420	링크제니시스	trend_gate
2026-05-14 17:04:13,535	DROP	017180	명문제약	trend_gate
2026-05-14 17:04:14,259	DROP	052790	액토즈소프트	trend_gate
2026-05-14 17:04:14,850	DROP	065130	탑엔지니어링	trend_gate
2026-05-14 17:04:15,586	DROP	171010	램테크놀러지	trend_gate
2026-05-14 17:04:16,244	DROP	127710	아시아경제	trend_gate
2026-05-14 17:04:16,891	DROP	289220	자이언트스텝	trend_gate
2026-05-14 17:04:17,664	DROP	413640	비아이매트릭스	trend_gate
2026-05-14 17:04:18,262	DROP	0010F0	보원케미칼	insufficient_rows:28
2026-05-14 17:04:18,903	DROP	471820	셀로맥스사이언스	trend_gate
2026-05-14 17:04:19,526	DROP	440290	HB인베스트먼트	trend_gate
2026-05-14 17:04:20,226	DROP	038070	서린바이오	trend_gate
2026-05-14 17:04:20,954	DROP	215090	솔디펜스	trend_gate
2026-05-14 17:04:21,671	DROP	025530	SJM홀딩스	trend_gate
2026-05-14 17:04:22,329	DROP	277070	린드먼아시아	trend_gate
2026-05-14 17:04:22,931	DROP	407400	꿈비	trend_gate
2026-05-14 17:04:23,678	DROP	043910	자연과환경	trend_gate
2026-05-14 17:04:24,354	DROP	466410	사이냅소프트	trend_gate
2026-05-14 17:04:25,045	DROP	090410	덕신이피씨	trend_gate
2026-05-14 17:04:25,777	DROP	014190	원익큐브	trend_gate
2026-05-14 17:04:26,525	DROP	035460	기산텔레콤	trend_gate
2026-05-14 17:04:27,287	DROP	340930	유일에너테크	trend_gate
2026-05-14 17:04:28,061	DROP	459550	알트	insufficient_rows:120
2026-05-14 17:04:28,886	DROP	007680	대원	trend_gate
2026-05-14 17:04:29,527	DROP	452300	캡스톤파트너스	trend_gate
2026-05-14 17:04:30,208	DROP	023350	한국종합기술	trend_gate
2026-05-14 17:04:30,940	DROP	429270	시지트로닉스	52w_ceiling_gate
2026-05-14 17:04:31,593	DROP	419120	산돌	trend_gate
2026-05-14 17:04:32,265	DROP	033830	티비씨	trend_gate
2026-05-14 17:04:32,875	DROP	0010V0	제이피아이헬스케어	insufficient_rows:177
2026-05-14 17:04:33,596	DROP	037950	엘컴텍	trend_gate
2026-05-14 17:04:34,261	DROP	089150	케이씨티	trend_gate
2026-05-14 17:04:34,950	DROP	420570	제이투케이바이오	trend_gate
2026-05-14 17:04:35,575	DROP	217480	에스디생명공학	trend_gate
2026-05-14 17:04:36,181	DROP	050110	캠시스	trend_gate
2026-05-14 17:04:36,768	DROP	237820	플레이디	trend_gate
2026-05-14 17:04:37,455	DROP	070300	엑스큐어	trend_gate
2026-05-14 17:04:38,150	DROP	309930	조이웍스앤코	trend_gate
2026-05-14 17:04:38,860	DROP	104200	NHN벅스	trend_gate
2026-05-14 17:04:39,478	DROP	286750	나노실리칸첨단소재	trend_gate
2026-05-14 17:04:40,001	DROP	190650	코리아에셋투자증권	trend_gate
2026-05-14 17:04:40,661	DROP	006370	대구백화점	trend_gate
2026-05-14 17:04:41,302	DROP	105760	포스뱅크	trend_gate
2026-05-14 17:04:41,952	DROP	090080	평화산업	trend_gate
2026-05-14 17:04:42,599	DROP	004910	조광페인트	trend_gate
2026-05-14 17:04:43,171	DROP	189690	포시에스	trend_gate
2026-05-14 17:04:43,892	DROP	206560	덱스터	trend_gate
2026-05-14 17:04:44,678	DROP	002410	범양건영	trend_gate
2026-05-14 17:04:45,413	DROP	100660	서암기계공업	trend_gate
2026-05-14 17:04:46,208	DROP	051390	YW	liquidity_gate:KOSDAQ
2026-05-14 17:04:46,886	DROP	096630	에스코넥	trend_gate
2026-05-14 17:04:47,553	DROP	462510	라메디텍	trend_gate
2026-05-14 17:04:48,212	DROP	452160	제이엔비	trend_gate
2026-05-14 17:04:48,958	DROP	086040	바이오톡스텍	liquidity_gate:KOSDAQ
2026-05-14 17:04:49,593	DROP	073110	엘엠에스	trend_gate
2026-05-14 17:04:50,176	DROP	093240	형지엘리트	trend_gate
2026-05-14 17:04:50,951	DROP	314140	알피바이오	trend_gate
2026-05-14 17:04:51,659	DROP	051490	나라엠앤디	trend_gate
2026-05-14 17:04:52,443	DROP	361570	알비더블유	trend_gate
2026-05-14 17:04:53,132	DROP	009320	아진전자부품	trend_gate
2026-05-14 17:04:53,963	DROP	011330	유니켐	trend_gate
2026-05-14 17:04:54,709	DROP	078590	휴림에이텍	trend_gate
2026-05-14 17:04:55,327	DROP	012280	영화금속	trend_gate
2026-05-14 17:04:55,990	DROP	355390	크라우드웍스	trend_gate
2026-05-14 17:04:56,582	DROP	016600	큐캐피탈	trend_gate
2026-05-14 17:04:57,369	DROP	066130	하츠	trend_gate
2026-05-14 17:04:58,046	DROP	043340	에쎈테크	52w_ceiling_gate
2026-05-14 17:04:58,682	DROP	027740	마니커	trend_gate
2026-05-14 17:04:59,383	DROP	122690	서진오토모티브	trend_gate
2026-05-14 17:05:00,060	DROP	221840	하이즈항공	trend_gate
2026-05-14 17:05:00,773	DROP	464500	아이언디바이스	trend_gate
2026-05-14 17:05:01,445	DROP	097870	효성오앤비	trend_gate
2026-05-14 17:05:02,087	DROP	365590	하이딥	trend_gate
2026-05-14 17:05:02,707	DROP	260660	알리코제약	trend_gate
2026-05-14 17:05:03,431	DROP	008420	문배철강	trend_gate
2026-05-14 17:05:04,119	DROP	096610	알에프세미	trend_gate
2026-05-14 17:05:04,781	DROP	031310	아이즈비전	trend_gate
2026-05-14 17:05:05,392	DROP	122350	삼기	trend_gate
2026-05-14 17:05:06,002	DROP	311390	네오크레마	trend_gate
2026-05-14 17:05:06,675	DROP	364950	에이아이코리아	trend_gate
2026-05-14 17:05:07,430	DROP	001210	금호전기	trend_gate
2026-05-14 17:05:08,002	DROP	056700	신화인터텍	trend_gate
2026-05-14 17:05:08,638	DROP	432430	와이랩	trend_gate
2026-05-14 17:05:09,283	DROP	106240	파인테크닉스	trend_gate
2026-05-14 17:05:10,040	DROP	020760	일진디스플	trend_gate
2026-05-14 17:05:10,757	DROP	057540	옴니시스템	trend_gate
2026-05-14 17:05:11,508	DROP	263020	디케이앤디	liquidity_gate:KOSDAQ
2026-05-14 17:05:12,197	DROP	119500	포메탈	trend_gate
2026-05-14 17:05:12,813	DROP	069410	엔텔스	trend_gate
2026-05-14 17:05:13,671	DROP	049800	우진플라임	trend_gate
2026-05-14 17:05:14,280	DROP	060850	영림원소프트랩	trend_gate
2026-05-14 17:05:14,874	DROP	393970	대진첨단소재	trend_gate
2026-05-14 17:05:15,371	DROP	052460	아이크래프트	trend_gate
2026-05-14 17:05:15,796	DROP	000950	전방	trend_gate
2026-05-14 17:05:16,211	DROP	053160	프리엠스	trend_gate
2026-05-14 17:05:16,603	DROP	430690	한싹	trend_gate
2026-05-14 17:05:17,013	DROP	307280	원바이오젠	trend_gate
2026-05-14 17:05:17,414	DROP	476080	M83	trend_gate
2026-05-14 17:05:17,857	DROP	133820	화인베스틸	trend_gate
2026-05-14 17:05:18,315	DROP	103840	우양	trend_gate
2026-05-14 17:05:18,707	DROP	128540	에코캡	trend_gate
2026-05-14 17:05:19,103	DROP	352700	씨앤투스	trend_gate
2026-05-14 17:05:19,541	DROP	073570	리튬포어스	trend_gate
2026-05-14 17:05:19,975	DROP	297570	알로이스	trend_gate
2026-05-14 17:05:20,367	DROP	088340	유라클	trend_gate
2026-05-14 17:05:20,816	DROP	044960	이글벳	trend_gate
2026-05-14 17:05:21,236	DROP	026940	부국철강	trend_gate
2026-05-14 17:05:21,656	DROP	033540	파라텍	trend_gate
2026-05-14 17:05:22,127	DROP	007530	와이엠	trend_gate
2026-05-14 17:05:22,534	DROP	179530	애드바이오텍	trend_gate
2026-05-14 17:05:22,918	DROP	376290	씨유테크	trend_gate
2026-05-14 17:05:23,348	DROP	254120	자비스	trend_gate
2026-05-14 17:05:23,789	DROP	011420	갤럭시아에스엠	trend_gate
2026-05-14 17:05:24,177	DROP	434480	모니터랩	trend_gate
2026-05-14 17:05:24,585	DROP	066360	체리부로	trend_gate
2026-05-14 17:05:24,999	DROP	257990	나우코스	trend_gate
2026-05-14 17:05:25,415	DROP	340440	세림B&G	trend_gate
2026-05-14 17:05:25,823	DROP	446440	에피바이오텍	liquidity_gate:KOSDAQ
2026-05-14 17:05:26,243	DROP	003080	SB성보	trend_gate
2026-05-14 17:05:26,676	DROP	053950	경남제약	trend_gate
2026-05-14 17:05:27,069	DROP	263810	상신전자	trend_gate
2026-05-14 17:05:27,474	DROP	014990	인디에프	trend_gate
2026-05-14 17:05:27,885	DROP	215380	우정바이오	trend_gate
2026-05-14 17:05:28,322	DROP	082660	코스나인	trend_gate
2026-05-14 17:05:28,743	DROP	403490	우듬지팜	trend_gate
2026-05-14 17:05:29,148	DROP	332290	누보	trend_gate
2026-05-14 17:05:29,544	DROP	250000	보라티알	trend_gate
2026-05-14 17:05:29,968	DROP	418250	시큐레터	trend_gate
2026-05-14 17:05:30,383	DROP	002290	삼일기업공사	trend_gate
2026-05-14 17:05:30,832	DROP	025880	케이씨피드	trend_gate
2026-05-14 17:05:31,252	DROP	219750	한국비티비	trend_gate
2026-05-14 17:05:31,646	DROP	290090	트윔	trend_gate
2026-05-14 17:05:32,093	DROP	064480	브리지텍	trend_gate
2026-05-14 17:05:32,552	DROP	023440	제이스코홀딩스	trend_gate
2026-05-14 17:05:32,989	DROP	002920	유성기업	trend_gate
2026-05-14 17:05:33,421	DROP	186230	그린플러스	trend_gate
2026-05-14 17:05:33,821	DROP	300120	라온피플	trend_gate
2026-05-14 17:05:34,231	DROP	087600	픽셀플러스	trend_gate
2026-05-14 17:05:34,670	DROP	263770	유에스티	trend_gate
2026-05-14 17:05:35,094	DROP	011300	우성머티리얼스	trend_gate
2026-05-14 17:05:35,470	DROP	464280	티디에스팜	trend_gate
2026-05-14 17:05:35,907	DROP	263700	케어랩스	trend_gate
2026-05-14 17:05:36,364	DROP	044480	빌리언스	trend_gate
2026-05-14 17:05:36,792	DROP	069460	대호에이엘	trend_gate
2026-05-14 17:05:37,245	DROP	129890	앱코	trend_gate
2026-05-14 17:05:37,838	DROP	065650	하이퍼코퍼레이션	trend_gate
2026-05-14 17:05:38,492	DROP	335810	프리시젼바이오	trend_gate
2026-05-14 17:05:39,063	DROP	079000	와토스코리아	trend_gate
2026-05-14 17:05:39,637	DROP	046310	백금T&A	trend_gate
2026-05-14 17:05:40,084	DROP	290520	신도기연	liquidity_gate:KOSDAQ
2026-05-14 17:05:40,815	DROP	306040	에스제이그룹	trend_gate
2026-05-14 17:05:41,316	DROP	023960	에쓰씨엔지니어링	trend_gate
2026-05-14 17:05:41,782	DROP	204020	그리티	trend_gate
2026-05-14 17:05:42,225	DROP	199480	뱅크웨어글로벌	trend_gate
2026-05-14 17:05:42,820	DROP	021880	메이슨캐피탈	trend_gate
2026-05-14 17:05:43,441	DROP	032790	엠젠솔루션	trend_gate
2026-05-14 17:05:43,872	DROP	469750	아이비젼웍스	trend_gate
2026-05-14 17:05:44,367	DROP	080520	오디텍	trend_gate
2026-05-14 17:05:44,842	DROP	066910	손오공	trend_gate
2026-05-14 17:05:45,411	DROP	091590	남화토건	trend_gate
2026-05-14 17:05:45,905	DROP	012160	영흥	trend_gate
2026-05-14 17:05:46,327	DROP	363260	모비데이즈	trend_gate
2026-05-14 17:05:46,762	DROP	140520	대창스틸	trend_gate
2026-05-14 17:05:47,266	DROP	080530	코디	trend_gate
2026-05-14 17:05:47,713	DROP	101240	씨큐브	trend_gate
2026-05-14 17:05:48,142	DROP	475460	미트박스	trend_gate
2026-05-14 17:05:48,676	DROP	005030	부산주공	trend_gate
2026-05-14 17:05:49,181	DROP	083550	케이엠	trend_gate
2026-05-14 17:05:49,690	DROP	131760	파인텍	trend_gate
2026-05-14 17:05:50,177	DROP	019770	서연탑메탈	trend_gate
2026-05-14 17:05:50,747	DROP	388610	지에프씨생명과학	trend_gate
2026-05-14 17:05:51,286	DROP	026040	제이에스티나	trend_gate
2026-05-14 17:05:51,759	DROP	050860	아세아텍	trend_gate
2026-05-14 17:05:52,303	DROP	006920	모헨즈	trend_gate
2026-05-14 17:05:52,865	DROP	007120	미래아이앤지	trend_gate
2026-05-14 17:05:53,432	DROP	074610	이엔플러스	trend_gate
2026-05-14 17:05:54,014	DROP	032960	동일기연	trend_gate
2026-05-14 17:05:54,464	DROP	160550	NEW	trend_gate
2026-05-14 17:05:54,908	DROP	351870	차이커뮤니케이션	trend_gate
2026-05-14 17:05:55,522	DROP	051630	진양화학	trend_gate
2026-05-14 17:05:55,947	DROP	220180	핸디소프트	trend_gate
2026-05-14 17:05:56,402	DROP	008870	금비	trend_gate
2026-05-14 17:05:56,815	DROP	376180	피코그램	trend_gate
2026-05-14 17:05:57,316	DROP	351320	넥사다이내믹스	trend_gate
2026-05-14 17:05:57,813	DROP	288330	파라택시스코리아	trend_gate
2026-05-14 17:05:58,320	DROP	336060	웨이버스	trend_gate
2026-05-14 17:05:58,895	DROP	049830	승일	trend_gate
2026-05-14 17:05:59,361	DROP	256150	한독크린텍	trend_gate
2026-05-14 17:05:59,831	DROP	258610	케일럼	trend_gate
2026-05-14 17:06:00,391	DROP	009140	경인전자	liquidity_gate:KOSPI
2026-05-14 17:06:00,995	DROP	178780	일월지엠엘	trend_gate
2026-05-14 17:06:01,585	DROP	013000	세우글로벌	liquidity_gate:KOSPI
2026-05-14 17:06:02,143	DROP	011230	삼화전자	trend_gate
2026-05-14 17:06:02,636	DROP	037370	EG	trend_gate
2026-05-14 17:06:03,143	DROP	290120	DH오토리드	trend_gate
2026-05-14 17:06:03,726	DROP	081580	성우전자	trend_gate
2026-05-14 17:06:04,177	DROP	200580	메디쎄이	trend_gate
2026-05-14 17:06:04,635	DROP	002870	신풍	trend_gate
2026-05-14 17:06:05,210	DROP	058110	멕아이씨에스	trend_gate
2026-05-14 17:06:05,709	DROP	200780	비씨월드제약	trend_gate
2026-05-14 17:06:06,172	DROP	024120	KB오토시스	trend_gate
2026-05-14 17:06:06,616	DROP	123570	이엠넷	trend_gate
2026-05-14 17:06:07,098	DROP	239610	에이치엘사이언스	trend_gate
2026-05-14 17:06:07,579	DROP	203450	유니온바이오메트릭스	trend_gate
2026-05-14 17:06:08,052	DROP	241840	에이스토리	trend_gate
2026-05-14 17:06:08,614	DROP	020180	대신정보통신	trend_gate
2026-05-14 17:06:09,009	DROP	450520	인스웨이브	trend_gate
2026-05-14 17:06:09,472	DROP	308170	씨티알모빌리티	trend_gate
2026-05-14 17:06:09,945	DROP	054780	키이스트	trend_gate
2026-05-14 17:06:10,443	DROP	000760	이화산업	trend_gate
2026-05-14 17:06:10,991	DROP	258790	소프트캠프	trend_gate
2026-05-14 17:06:11,575	DROP	224110	에이텍모빌리티	trend_gate
2026-05-14 17:06:12,111	DROP	046390	삼화네트웍스	trend_gate
2026-05-14 17:06:12,610	DROP	052600	한네트	trend_gate
2026-05-14 17:06:13,139	DROP	073540	에프알텍	trend_gate
2026-05-14 17:06:13,736	DROP	014570	고려제약	trend_gate
2026-05-14 17:06:14,169	DROP	271830	팸텍	trend_gate
2026-05-14 17:06:14,685	DROP	057030	YBM넷	trend_gate
2026-05-14 17:06:15,126	DROP	084870	TBH글로벌	trend_gate
2026-05-14 17:06:15,597	DROP	363250	진시스템	trend_gate
2026-05-14 17:06:16,090	DROP	002880	디와이에이	trend_gate
2026-05-14 17:06:16,569	DROP	066900	디에이피	trend_gate
2026-05-14 17:06:16,993	DROP	356890	싸이버원	trend_gate
2026-05-14 17:06:17,479	DROP	221980	케이디켐	trend_gate
2026-05-14 17:06:18,007	DROP	195500	마니커에프앤지	trend_gate
2026-05-14 17:06:18,471	DROP	075970	동국알앤에스	trend_gate
2026-05-14 17:06:18,899	DROP	153490	우리이앤엘하루틴	trend_gate
2026-05-14 17:06:19,389	DROP	019490	엑시큐어하이트론	trend_gate
2026-05-14 17:06:19,855	DROP	109820	진매트릭스	trend_gate
2026-05-14 17:06:20,335	DROP	148250	알엔투테크놀로지	trend_gate
2026-05-14 17:06:20,877	DROP	032860	더라미	trend_gate
2026-05-14 17:06:21,353	DROP	298060	풍전약품	trend_gate
2026-05-14 17:06:21,841	DROP	417860	오브젠	trend_gate
2026-05-14 17:06:22,257	DROP	440320	오픈놀	trend_gate
2026-05-14 17:06:22,720	DROP	064520	테크엘	trend_gate
2026-05-14 17:06:23,142	DROP	318410	비비씨	trend_gate
2026-05-14 17:06:23,633	DROP	373170	엠아이큐브솔루션	trend_gate
2026-05-14 17:06:24,146	DROP	133750	메가엠디	trend_gate
2026-05-14 17:06:24,724	DROP	017040	광명전기	trend_gate
2026-05-14 17:06:25,175	DROP	200350	아티스트스튜디오	trend_gate
2026-05-14 17:06:25,629	DROP	022220	티케이지애강	trend_gate
2026-05-14 17:06:26,052	DROP	277410	인산가	trend_gate
2026-05-14 17:06:26,505	DROP	005320	온타이드	52w_ceiling_gate
2026-05-14 17:06:26,936	DROP	001380	SG글로벌	trend_gate
2026-05-14 17:06:27,373	DROP	140430	카티스	trend_gate
2026-05-14 17:06:27,810	DROP	340810	시선AI	trend_gate
2026-05-14 17:06:28,298	DROP	347770	핌스	trend_gate
2026-05-14 17:06:28,727	DROP	398120	에스지헬스케어	trend_gate
2026-05-14 17:06:29,166	DROP	122830	원포유	trend_gate
2026-05-14 17:06:29,626	DROP	002360	SH에너지화학	trend_gate
2026-05-14 17:06:30,093	DROP	114630	폴라리스우노	trend_gate
2026-05-14 17:06:30,609	DROP	064090	인크레더블버즈	trend_gate
2026-05-14 17:06:31,246	DROP	025440	DH오토웨어	trend_gate
2026-05-14 17:06:31,754	DROP	045060	오공	trend_gate
2026-05-14 17:06:32,368	DROP	025750	한솔홈데코	trend_gate
2026-05-14 17:06:32,925	DROP	008250	이건산업	trend_gate
2026-05-14 17:06:33,417	DROP	195990	에이비프로바이오	trend_gate
2026-05-14 17:06:33,905	DROP	387570	파인메딕스	trend_gate
2026-05-14 17:06:34,375	DROP	228340	동양파일	trend_gate
2026-05-14 17:06:34,812	DROP	318020	포인트모바일	trend_gate
2026-05-14 17:06:35,274	DROP	006050	국영지앤엠	trend_gate
2026-05-14 17:06:35,762	DROP	007720	소노스퀘어	trend_gate
2026-05-14 17:06:36,331	DROP	059100	아이컴포넌트	52w_ceiling_gate
2026-05-14 17:06:36,825	DROP	200230	텔콘RF제약	trend_gate
2026-05-14 17:06:37,323	DROP	043200	파루	trend_gate
2026-05-14 17:06:37,831	DROP	131100	티엔엔터테인먼트	trend_gate
2026-05-14 17:06:38,257	DROP	475660	에스켐	trend_gate
2026-05-14 17:06:38,759	DROP	206400	베노티앤알	trend_gate
2026-05-14 17:06:39,229	DROP	016670	디모아	trend_gate
2026-05-14 17:06:39,755	DROP	068050	팬엔터테인먼트	trend_gate
2026-05-14 17:06:40,238	DROP	208860	다산디엠씨	trend_gate
2026-05-14 17:06:40,718	DROP	050120	ES큐브	trend_gate
2026-05-14 17:06:41,182	DROP	075130	플랜티넷	trend_gate
2026-05-14 17:06:41,628	DROP	039290	인포뱅크	trend_gate
2026-05-14 17:06:42,065	DROP	262840	아이퀘스트	trend_gate
2026-05-14 17:06:42,599	DROP	359090	씨엔알리서치	trend_gate
2026-05-14 17:06:43,132	DROP	065950	웰크론	trend_gate
2026-05-14 17:06:43,680	DROP	056730	CNT85	trend_gate
2026-05-14 17:06:44,115	DROP	033200	모아텍	liquidity_gate:KOSDAQ
2026-05-14 17:06:44,558	DROP	317240	TS트릴리온	trend_gate
2026-05-14 17:06:44,965	DROP	270870	뉴트리	trend_gate
2026-05-14 17:06:45,466	DROP	012620	원일특강	trend_gate
2026-05-14 17:06:45,996	DROP	257370	피엔티엠에스	trend_gate
2026-05-14 17:06:46,465	DROP	038870	에코심플렉스	trend_gate
2026-05-14 17:06:46,890	DROP	462980	아이지넷	trend_gate
2026-05-14 17:06:47,393	DROP	010640	진양폴리	trend_gate
2026-05-14 17:06:47,962	DROP	006200	한국전자홀딩스	trend_gate
2026-05-14 17:06:48,596	DROP	317120	라닉스	trend_gate
2026-05-14 17:06:49,188	DROP	045300	성우테크론	trend_gate
2026-05-14 17:06:49,686	DROP	187270	신화콘텍	trend_gate
2026-05-14 17:06:50,256	DROP	024890	대원화성	trend_gate
2026-05-14 17:06:50,837	DROP	900340	윙입푸드	trend_gate
2026-05-14 17:06:51,305	DROP	424760	벨로크	52w_ceiling_gate
2026-05-14 17:06:51,910	DROP	177830	파버나인	trend_gate
2026-05-14 17:06:52,396	DROP	455180	케이지에이	trend_gate
2026-05-14 17:06:52,922	DROP	005820	원림	trend_gate
2026-05-14 17:06:53,441	DROP	134790	시디즈	trend_gate
2026-05-14 17:06:53,952	DROP	263920	휴엠앤씨	trend_gate
2026-05-14 17:06:54,453	DROP	169330	엠브레인	trend_gate
2026-05-14 17:06:54,964	DROP	038880	아이에이	trend_gate
2026-05-14 17:06:55,437	DROP	353590	오토앤	trend_gate
2026-05-14 17:06:55,914	DROP	238490	힘스	trend_gate
2026-05-14 17:06:56,354	DROP	060540	에스에이티	trend_gate
2026-05-14 17:06:56,763	DROP	094860	네오리진	trend_gate
2026-05-14 17:06:57,221	DROP	038950	파인디지털	liquidity_gate:KOSDAQ
2026-05-14 17:06:57,704	DROP	196490	디에이테크놀로지	trend_gate
2026-05-14 17:06:58,166	DROP	288980	모아데이타	trend_gate
2026-05-14 17:06:58,683	DROP	035200	프럼파스트	trend_gate
2026-05-14 17:06:59,176	DROP	342870	오아	insufficient_rows:164
2026-05-14 17:06:59,668	DROP	290270	휴네시온	trend_gate
2026-05-14 17:07:00,178	DROP	001000	신라섬유	trend_gate
2026-05-14 17:07:00,655	DROP	071850	캐스텍코리아	trend_gate
2026-05-14 17:07:01,174	DROP	013810	스페코	trend_gate
2026-05-14 17:07:01,731	DROP	057680	티사이언티픽	trend_gate
2026-05-14 17:07:02,343	DROP	318000	KBG	trend_gate
2026-05-14 17:07:02,884	DROP	284620	카이노스메드	trend_gate
2026-05-14 17:07:03,570	DROP	019570	플루토스	trend_gate
2026-05-14 17:07:04,022	DROP	464580	닷밀	trend_gate
2026-05-14 17:07:04,525	DROP	009810	플레이그램	trend_gate
2026-05-14 17:07:04,989	DROP	118000	메타케어	trend_gate
2026-05-14 17:07:05,457	DROP	068940	셀피글로벌	trend_gate
2026-05-14 17:07:05,960	DROP	130500	GH신소재	trend_gate
2026-05-14 17:07:06,457	DROP	021650	한국큐빅	trend_gate
2026-05-14 17:07:06,948	DROP	027580	상보	trend_gate
2026-05-14 17:07:07,388	DROP	263050	유틸렉스	trend_gate
2026-05-14 17:07:07,857	DROP	013720	THE CUBE&	trend_gate
2026-05-14 17:07:08,387	DROP	001070	대한방직	trend_gate
2026-05-14 17:07:08,845	DROP	086060	진바이오텍	trend_gate
2026-05-14 17:07:09,272	DROP	290560	파라택시스이더리움	trend_gate
2026-05-14 17:07:09,762	DROP	112190	KC산업	trend_gate
2026-05-14 17:07:10,203	DROP	354390	바스칸바이오제약	trend_gate
2026-05-14 17:07:10,643	DROP	099390	브레인즈컴퍼니	trend_gate
2026-05-14 17:07:11,203	DROP	148780	비큐AI	trend_gate
2026-05-14 17:07:11,670	DROP	063760	이엘피	liquidity_gate:KOSDAQ
2026-05-14 17:07:12,123	DROP	296640	이노에이엑스	trend_gate
2026-05-14 17:07:12,605	DROP	090370	메타랩스	trend_gate
2026-05-14 17:07:13,091	DROP	162120	루켄테크놀러지스	trend_gate
2026-05-14 17:07:13,700	DROP	039740	한국정보공학	liquidity_gate:KOSDAQ
2026-05-14 17:07:14,262	DROP	000040	KR모터스	trend_gate
2026-05-14 17:07:14,779	DROP	243870	아이티센코어	trend_gate
2026-05-14 17:07:15,203	DROP	333050	이노테나	trend_gate
2026-05-14 17:07:15,651	DROP	239340	이스트에이드	trend_gate
2026-05-14 17:07:16,128	DROP	065370	위세아이텍	trend_gate
2026-05-14 17:07:16,585	DROP	051380	피씨디렉트	trend_gate
2026-05-14 17:07:17,040	DROP	303530	이노뎁	trend_gate
2026-05-14 17:07:17,550	DROP	045510	정원엔시스	trend_gate
2026-05-14 17:07:17,997	DROP	438700	버넥트	trend_gate
2026-05-14 17:07:18,477	DROP	376980	원티드랩	trend_gate
2026-05-14 17:07:19,027	DROP	131220	대한과학	trend_gate
2026-05-14 17:07:19,504	DROP	054220	비츠로시스	trend_gate
2026-05-14 17:07:19,955	DROP	142760	모아라이프플러스	trend_gate
2026-05-14 17:07:20,422	DROP	109960	앱토크롬	trend_gate
2026-05-14 17:07:20,968	DROP	024070	WISCOM	trend_gate
2026-05-14 17:07:21,414	DROP	097780	에코볼트	trend_gate
2026-05-14 17:07:21,830	DROP	017000	신원종합개발	trend_gate
2026-05-14 17:07:22,272	DROP	006740	블루산업개발	trend_gate
2026-05-14 17:07:22,696	DROP	198940	한주라이트메탈	liquidity_gate:KOSDAQ
2026-05-14 17:07:23,161	DROP	354200	엔젠바이오	trend_gate
2026-05-14 17:07:23,717	DROP	027040	서울전자통신	trend_gate
2026-05-14 17:07:24,237	DROP	900310	컬러레이	trend_gate
2026-05-14 17:07:24,643	DROP	405920	나라셀라	trend_gate
2026-05-14 17:07:25,549	DROP	225220	제놀루션	trend_gate
2026-05-14 17:07:26,155	DROP	001810	무림SP	trend_gate
2026-05-14 17:07:26,742	DROP	079170	한창산업	trend_gate
2026-05-14 17:07:27,761	DROP	115480	씨유메디칼	trend_gate
2026-05-14 17:07:28,392	DROP	237750	피앤씨테크	trend_gate
2026-05-14 17:07:28,993	DROP	495810	유비씨	trend_gate
2026-05-14 17:07:29,769	DROP	900070	글로벌에스엠	trend_gate
2026-05-14 17:07:30,451	DROP	089140	넥스턴앤롤코리아	trend_gate
2026-05-14 17:07:31,045	DROP	023790	동일스틸럭스	trend_gate
2026-05-14 17:07:32,098	DROP	187220	디티앤씨	trend_gate
2026-05-14 17:07:32,885	DROP	009460	한창제지	trend_gate
2026-05-14 17:07:33,283	DROP	462310	뉴키즈온	trend_gate
2026-05-14 17:07:33,922	DROP	383930	디티앤씨알오	trend_gate
2026-05-14 17:07:34,703	DROP	270520	앱튼	trend_gate
2026-05-14 17:07:35,193	DROP	048470	대동스틸	trend_gate
2026-05-14 17:07:35,719	DROP	096690	에이루트	trend_gate
2026-05-14 17:07:36,209	DROP	115160	휴맥스	trend_gate
2026-05-14 17:07:36,610	DROP	090150	아이윈	trend_gate
2026-05-14 17:07:37,024	DROP	367000	플래티어	trend_gate
2026-05-14 17:07:37,440	DROP	038530	케이바이오랩스	trend_gate
2026-05-14 17:07:37,832	DROP	274400	이노시뮬레이션	trend_gate
2026-05-14 17:07:38,221	DROP	002690	동일제강	trend_gate
2026-05-14 17:07:38,617	DROP	210120	캔버스엔	trend_gate
2026-05-14 17:07:38,991	DROP	252500	세화피앤씨	trend_gate
2026-05-14 17:07:39,389	DROP	291230	엔피	trend_gate
2026-05-14 17:07:39,786	DROP	033050	제이엠아이	trend_gate
2026-05-14 17:07:40,158	DROP	431190	케이쓰리아이	trend_gate
2026-05-14 17:07:40,538	DROP	047080	한빛소프트	trend_gate
2026-05-14 17:07:40,948	DROP	016100	리더스코스메틱	trend_gate
2026-05-14 17:07:41,332	DROP	014130	한익스프레스	trend_gate
2026-05-14 17:07:41,697	DROP	377220	프롬바이오	trend_gate
2026-05-14 17:07:42,089	DROP	208710	포톤	trend_gate
2026-05-14 17:07:42,479	DROP	003680	한성기업	trend_gate
2026-05-14 17:07:42,897	DROP	258830	세종메디칼	trend_gate
2026-05-14 17:07:43,304	DROP	101000	KS인더스트리	trend_gate
2026-05-14 17:07:43,706	DROP	008470	부스타	trend_gate
2026-05-14 17:07:44,088	DROP	010400	우진아이엔에스	trend_gate
2026-05-14 17:07:44,467	DROP	146060	율촌	trend_gate
2026-05-14 17:07:44,860	DROP	377030	비트맥스	trend_gate
2026-05-14 17:07:45,326	DROP	018680	서울제약	trend_gate
2026-05-14 17:07:45,862	DROP	053290	NE능률	trend_gate
2026-05-14 17:07:46,407	DROP	002420	세기상사	trend_gate
2026-05-14 17:07:46,882	DROP	065770	CS	trend_gate
2026-05-14 17:07:47,404	DROP	015260	에이엔피	trend_gate
2026-05-14 17:07:47,864	DROP	131090	시큐브	trend_gate
2026-05-14 17:07:48,275	DROP	148930	에이치와이티씨	trend_gate
2026-05-14 17:07:48,675	DROP	900300	오가닉티코스메틱	trend_gate
2026-05-14 17:07:49,087	DROP	115610	이미지스	trend_gate
2026-05-14 17:07:49,513	DROP	138070	신진에스엠	trend_gate
2026-05-14 17:07:50,033	DROP	023150	MH에탄올	trend_gate
2026-05-14 17:07:50,533	DROP	276730	한울앤제주	trend_gate
2026-05-14 17:07:51,034	DROP	088790	진도	trend_gate
2026-05-14 17:07:51,488	DROP	038620	위즈코프	trend_gate
2026-05-14 17:07:51,963	DROP	227420	도부	trend_gate
2026-05-14 17:07:52,486	DROP	032750	삼진	trend_gate
2026-05-14 17:07:53,000	DROP	335870	윙스풋	trend_gate
2026-05-14 17:07:53,519	DROP	179720	머니무브	trend_gate
2026-05-14 17:07:53,968	DROP	246250	에스엘에스바이오	trend_gate
2026-05-14 17:07:54,419	DROP	227610	아우딘퓨쳐스	trend_gate
2026-05-14 17:07:54,837	DROP	224060	더코디	liquidity_gate:KOSDAQ
2026-05-14 17:07:55,246	DROP	337840	유엑스엔	trend_gate
2026-05-14 17:07:55,659	DROP	236810	엔비티	trend_gate
2026-05-14 17:07:56,092	DROP	030720	동원수산	trend_gate
2026-05-14 17:07:56,478	DROP	389680	유디엠텍	trend_gate
2026-05-14 17:07:56,970	DROP	123840	뉴온	trend_gate
2026-05-14 17:07:57,418	DROP	068100	케이웨더	trend_gate
2026-05-14 17:07:57,801	DROP	432980	엠에프씨	trend_gate
2026-05-14 17:07:58,247	DROP	006570	대림통상	trend_gate
2026-05-14 17:07:58,714	DROP	019660	글로본	trend_gate
2026-05-14 17:07:59,107	DROP	446070	유니드비티플러스	trend_gate
2026-05-14 17:07:59,535	DROP	121890	에스디시스템	liquidity_gate:KOSDAQ
2026-05-14 17:08:00,008	DROP	002820	SUN&L	trend_gate
2026-05-14 17:08:00,457	DROP	310870	디와이씨	trend_gate
2026-05-14 17:08:00,996	DROP	058450	한주에이알티	trend_gate
2026-05-14 17:08:01,433	DROP	005360	모나미	trend_gate
2026-05-14 17:08:01,924	DROP	080470	성창오토텍	trend_gate
2026-05-14 17:08:02,385	DROP	091340	S&K폴리텍	trend_gate
2026-05-14 17:08:02,844	DROP	049120	파인디앤씨	trend_gate
2026-05-14 17:08:03,227	DROP	397810	애드포러스	insufficient_rows:176
2026-05-14 17:08:03,658	DROP	102950	아하	trend_gate
2026-05-14 17:08:04,082	DROP	900110	이스트아시아홀딩스	trend_gate
2026-05-14 17:08:04,538	DROP	067730	로지시스	trend_gate
2026-05-14 17:08:05,055	DROP	304840	피플바이오	trend_gate
2026-05-14 17:08:05,567	DROP	434190	탈로스	trend_gate
2026-05-14 17:08:06,094	DROP	377330	이지트로닉스	trend_gate
2026-05-14 17:08:06,560	DROP	044780	에이치케이	trend_gate
2026-05-14 17:08:07,083	DROP	024940	PN풍년	trend_gate
2026-05-14 17:08:07,623	DROP	091970	나노캠텍	52w_ceiling_gate
2026-05-14 17:08:08,099	DROP	318010	팜스빌	trend_gate
2026-05-14 17:08:08,612	DROP	052300	오션인더블유	trend_gate
2026-05-14 17:08:09,019	DROP	331520	밸로프	trend_gate
2026-05-14 17:08:09,563	DROP	031510	오스템	trend_gate
2026-05-14 17:08:09,969	DROP	465770	STX그린로지스	trend_gate
2026-05-14 17:08:10,448	DROP	322970	무진메디	trend_gate
2026-05-14 17:08:11,048	DROP	418620	E8	trend_gate
2026-05-14 17:08:11,606	DROP	285800	진영	trend_gate
2026-05-14 17:08:12,124	DROP	301300	바이브컴퍼니	trend_gate
2026-05-14 17:08:12,662	DROP	032680	소프트센	trend_gate
2026-05-14 17:08:13,141	DROP	069640	한세엠케이	trend_gate
2026-05-14 17:08:13,646	DROP	078860	아이오케이이엔엠	trend_gate
2026-05-14 17:08:14,155	DROP	033250	체시스	trend_gate
2026-05-14 17:08:14,641	DROP	233990	질경이	trend_gate
2026-05-14 17:08:15,070	DROP	044380	주연테크	trend_gate
2026-05-14 17:08:15,595	DROP	060380	동양에스텍	trend_gate
2026-05-14 17:08:16,048	DROP	417180	핑거스토리	trend_gate
2026-05-14 17:08:16,516	DROP	131180	딜리	trend_gate
2026-05-14 17:08:16,952	DROP	101400	엔시트론	trend_gate
2026-05-14 17:08:17,373	DROP	270210	에스알바이오텍	trend_gate
2026-05-14 17:08:17,860	DROP	123750	알톤	trend_gate
2026-05-14 17:08:18,341	DROP	054090	삼진엘앤디	trend_gate
2026-05-14 17:08:18,757	DROP	368600	아이씨에이치	trend_gate
2026-05-14 17:08:19,149	DROP	076340	지에이이노더스	trend_gate
2026-05-14 17:08:19,559	DROP	311060	엘에이티	trend_gate
2026-05-14 17:08:19,974	DROP	103230	에스앤더블류	trend_gate
2026-05-14 17:08:20,593	DROP	043220	티에스넥스젠	trend_gate
2026-05-14 17:08:21,130	DROP	007770	한일화학	trend_gate
2026-05-14 17:08:21,588	DROP	226340	본느	trend_gate
2026-05-14 17:08:22,042	DROP	085810	알티캐스트	trend_gate
2026-05-14 17:08:22,453	DROP	034940	조아제약	trend_gate
2026-05-14 17:08:22,879	DROP	021040	대호특수강	trend_gate
2026-05-14 17:08:23,310	DROP	004870	티웨이홀딩스	trend_gate
2026-05-14 17:08:23,801	DROP	016920	카스	trend_gate
2026-05-14 17:08:24,238	DROP	303030	지니틱스	trend_gate
2026-05-14 17:08:24,730	DROP	032080	아즈텍WB	trend_gate
2026-05-14 17:08:25,145	DROP	267790	배럴	trend_gate
2026-05-14 17:08:25,567	DROP	139670	키네마스터	trend_gate
2026-05-14 17:08:26,118	DROP	069140	누리플랜	trend_gate
2026-05-14 17:08:26,546	DROP	188040	바이오포트	trend_gate
2026-05-14 17:08:26,956	DROP	457600	벡트	trend_gate
2026-05-14 17:08:27,401	DROP	405000	플라즈맵	trend_gate
2026-05-14 17:08:27,833	DROP	115530	씨엔플러스	trend_gate
2026-05-14 17:08:28,312	DROP	216400	인바이츠바이오코아	trend_gate
2026-05-14 17:08:28,814	DROP	193250	링크드	trend_gate
2026-05-14 17:08:29,284	DROP	005110	한창	trend_gate
2026-05-14 17:08:29,751	DROP	004270	남성	trend_gate
2026-05-14 17:08:30,246	DROP	020400	대동금속	trend_gate
2026-05-14 17:08:30,855	DROP	060230	제이케이시냅스	trend_gate
2026-05-14 17:08:31,284	DROP	362990	드림인사이트	trend_gate
2026-05-14 17:08:31,743	DROP	143210	핸즈코퍼레이션	trend_gate
2026-05-14 17:08:32,208	DROP	372800	아이티아이즈	trend_gate
2026-05-14 17:08:32,638	DROP	109670	씨싸이트	trend_gate
2026-05-14 17:08:33,080	DROP	208350	지란지교시큐리티	trend_gate
2026-05-14 17:08:33,540	DROP	002070	비비안	liquidity_gate:KOSPI
2026-05-14 17:08:33,966	DROP	059180	엔더블유시	insufficient_rows:95
2026-05-14 17:08:34,411	DROP	054940	엑사이엔씨	trend_gate
2026-05-14 17:08:34,868	DROP	083640	인콘	trend_gate
2026-05-14 17:08:35,317	DROP	196700	웹스	trend_gate
2026-05-14 17:08:35,799	DROP	036480	대성미생물	trend_gate
2026-05-14 17:08:36,331	DROP	037400	우리엔터프라이즈	trend_gate
2026-05-14 17:08:36,788	DROP	011090	에넥스	trend_gate
2026-05-14 17:08:37,251	DROP	039310	세중	trend_gate
2026-05-14 17:08:37,658	DROP	042040	케이피엠테크	trend_gate
2026-05-14 17:08:38,107	DROP	093380	풍강	trend_gate
2026-05-14 17:08:38,510	DROP	238200	비피도	trend_gate
2026-05-14 17:08:38,936	DROP	900100	애머릿지	trend_gate
2026-05-14 17:08:39,375	DROP	088290	이원컴포텍	trend_gate
2026-05-14 17:08:39,784	DROP	352940	인바이오	trend_gate
2026-05-14 17:08:40,220	DROP	415380	스튜디오삼익	trend_gate
2026-05-14 17:08:40,694	DROP	043360	디지아이	liquidity_gate:KOSDAQ
2026-05-14 17:08:41,188	DROP	053060	세동	trend_gate
2026-05-14 17:08:41,675	DROP	208640	썸에이지	trend_gate
2026-05-14 17:08:42,126	DROP	092600	앤씨앤	trend_gate
2026-05-14 17:08:42,559	DROP	373110	엑셀세라퓨틱스	trend_gate
2026-05-14 17:08:43,037	DROP	403360	라피치	trend_gate
2026-05-14 17:08:43,618	DROP	079650	서산	trend_gate
2026-05-14 17:08:44,096	DROP	900270	헝셩그룹	trend_gate
2026-05-14 17:08:44,537	DROP	328380	솔트웨어	trend_gate
2026-05-14 17:08:44,967	DROP	197140	디지캡	trend_gate
2026-05-14 17:08:45,360	DROP	207490	에이펙스인텍	liquidity_gate:KOSDAQ
2026-05-14 17:08:45,756	DROP	225590	패션플랫폼	liquidity_gate:KOSDAQ
2026-05-14 17:08:46,149	DROP	278990	EMB	trend_gate
2026-05-14 17:08:46,562	DROP	312610	에이에프더블류	trend_gate
2026-05-14 17:08:46,961	DROP	025890	한국주강	trend_gate
2026-05-14 17:08:47,361	DROP	070590	인티큐브	trend_gate
2026-05-14 17:08:47,762	DROP	067010	이씨에스	trend_gate
2026-05-14 17:08:48,136	DROP	206950	볼빅	trend_gate
2026-05-14 17:08:48,524	DROP	023770	플레이위드	trend_gate
2026-05-14 17:08:48,914	DROP	222980	한국맥널티	trend_gate
2026-05-14 17:08:49,304	DROP	009310	참엔지니어링	exception:TypeError
2026-05-14 17:08:49,692	DROP	191410	육일씨엔에쓰	trend_gate
2026-05-14 17:08:50,074	DROP	336040	타스컴	liquidity_gate:KOSDAQ
2026-05-14 17:08:50,465	DROP	065150	대산F&B	trend_gate
2026-05-14 17:08:50,886	DROP	353190	휴럼	trend_gate
2026-05-14 17:08:51,284	DROP	001420	태원물산	trend_gate
2026-05-14 17:08:51,661	DROP	403810	아이엘로보틱스	insufficient_rows:119
2026-05-14 17:08:52,055	DROP	279600	미디어젠	trend_gate
2026-05-14 17:08:52,460	DROP	154030	아시아종묘	trend_gate
2026-05-14 17:08:52,825	DROP	355690	에이텀	trend_gate
2026-05-14 17:08:53,227	DROP	115570	스타플렉스	trend_gate
2026-05-14 17:08:53,623	DROP	017250	인터엠	trend_gate
2026-05-14 17:08:54,078	DROP	137940	넥스트아이	trend_gate
2026-05-14 17:08:54,471	DROP	060900	에이전트AI	trend_gate
2026-05-14 17:08:54,837	DROP	348030	모비릭스	trend_gate
2026-05-14 17:08:55,220	DROP	130740	티피씨글로벌	trend_gate
2026-05-14 17:08:55,633	DROP	076080	웰크론한텍	trend_gate
2026-05-14 17:08:56,040	DROP	113810	디젠스	trend_gate
2026-05-14 17:08:56,464	DROP	101680	한국정밀기계	trend_gate
2026-05-14 17:08:56,864	DROP	032280	삼일	trend_gate
2026-05-14 17:08:57,370	DROP	012170	아센디오	trend_gate
2026-05-14 17:08:57,765	DROP	083470	이엠앤아이	trend_gate
2026-05-14 17:08:58,146	DROP	331660	한국미라클피플사	liquidity_gate:KOSDAQ
2026-05-14 17:08:58,531	DROP	289010	아이스크림에듀	trend_gate
2026-05-14 17:08:58,925	DROP	043590	웰킵스하이텍	52w_ceiling_gate
2026-05-14 17:08:59,447	DROP	080720	한국유니온제약	trend_gate
2026-05-14 17:08:59,897	DROP	018620	우진비앤지	trend_gate
2026-05-14 17:09:00,374	DROP	275630	에스에스알	trend_gate
2026-05-14 17:09:00,889	DROP	098660	에스티오	trend_gate
2026-05-14 17:09:01,337	DROP	051780	큐로홀딩스	trend_gate
2026-05-14 17:09:01,818	DROP	084180	수성웹툰	trend_gate
2026-05-14 17:09:02,297	DROP	365900	브이씨	trend_gate
2026-05-14 17:09:02,750	DROP	230980	비유테크놀러지	trend_gate
2026-05-14 17:09:03,163	DROP	240600	유진테크놀로지	trend_gate
2026-05-14 17:09:03,616	DROP	317860	노드메이슨	trend_gate
2026-05-14 17:09:04,027	DROP	476710	타조이엔터테인먼트	liquidity_gate:KOSDAQ
2026-05-14 17:09:04,411	DROP	169670	코스텍시스템	trend_gate
2026-05-14 17:09:04,811	DROP	308100	형지글로벌	trend_gate
2026-05-14 17:09:05,259	DROP	191600	블루탑	liquidity_gate:KOSDAQ
2026-05-14 17:09:05,695	DROP	048830	엔피케이	trend_gate
2026-05-14 17:09:06,121	DROP	054410	케이피티유	trend_gate
2026-05-14 17:09:06,546	DROP	084440	유비온	trend_gate
2026-05-14 17:09:06,984	DROP	002680	한탑	trend_gate
2026-05-14 17:09:07,486	DROP	215480	토박스코리아	liquidity_gate:KOSDAQ
2026-05-14 17:09:07,905	DROP	322780	코퍼스코리아	trend_gate
2026-05-14 17:09:08,385	DROP	065690	파커스	liquidity_gate:KOSDAQ
2026-05-14 17:09:08,909	DROP	083660	CSA 코스믹	trend_gate
2026-05-14 17:09:09,358	DROP	154040	다산솔루에타	trend_gate
2026-05-14 17:09:09,744	DROP	341170	퓨쳐메디신	52w_ceiling_gate
2026-05-14 17:09:10,160	DROP	247660	나노씨엠에스	trend_gate
2026-05-14 17:09:10,602	DROP	060480	국일신동	trend_gate
2026-05-14 17:09:11,126	DROP	419540	비스토스	trend_gate
2026-05-14 17:09:11,554	DROP	192390	윈하이텍	trend_gate
2026-05-14 17:09:12,016	DROP	001770	SHD	trend_gate
2026-05-14 17:09:12,460	DROP	134060	이퓨쳐	trend_gate
2026-05-14 17:09:12,919	DROP	015020	이스타코	trend_gate
2026-05-14 17:09:13,485	DROP	050760	에스폴리텍	trend_gate
2026-05-14 17:09:14,156	DROP	009730	이렘	trend_gate
2026-05-14 17:09:14,850	DROP	071950	코아스	trend_gate
2026-05-14 17:09:15,419	DROP	086220	광동헬스바이오	trend_gate
2026-05-14 17:09:15,866	DROP	199730	바이오인프라	trend_gate
2026-05-14 17:09:16,514	DROP	291810	핀텔	trend_gate
2026-05-14 17:09:17,310	DROP	018700	졸스	trend_gate
2026-05-14 17:09:18,123	DROP	214610	롤링스톤	trend_gate
2026-05-14 17:09:19,013	DROP	035620	바른손이앤에이	trend_gate
2026-05-14 17:09:19,808	DROP	032800	판타지오	trend_gate
2026-05-14 17:09:20,397	DROP	110020	전진바이오팜	trend_gate
2026-05-14 17:09:21,036	DROP	014100	메디앙스	trend_gate
2026-05-14 17:09:21,634	DROP	045520	크린앤사이언스	trend_gate
2026-05-14 17:09:22,194	DROP	031860	디에이치엑스컴퍼니	trend_gate
2026-05-14 17:09:22,770	DROP	096870	엘디티	trend_gate
2026-05-14 17:09:23,236	DROP	222670	플럼라인생명과학	trend_gate
2026-05-14 17:09:23,720	DROP	028080	휴맥스홀딩스	trend_gate
2026-05-14 17:09:24,273	DROP	032980	바이온	trend_gate
2026-05-14 17:09:24,736	DROP	035290	골드앤에스	trend_gate
2026-05-14 17:09:25,193	DROP	060260	뉴보텍	trend_gate
2026-05-14 17:09:25,689	DROP	012340	뉴인텍	trend_gate
2026-05-14 17:09:26,146	DROP	008600	윌비스	trend_gate
2026-05-14 17:09:26,569	DROP	368970	오에스피	trend_gate
2026-05-14 17:09:26,993	DROP	009440	KC그린홀딩스	trend_gate
2026-05-14 17:09:27,398	DROP	361670	삼영에스앤씨	trend_gate
2026-05-14 17:09:27,897	DROP	067770	세진티에스	trend_gate
2026-05-14 17:09:28,415	DROP	065420	에스아이리소스	trend_gate
2026-05-14 17:09:28,833	DROP	208850	이비테크	trend_gate
2026-05-14 17:09:29,244	DROP	344860	이노진	trend_gate
2026-05-14 17:09:29,667	DROP	241820	피씨엘	trend_gate
2026-05-14 17:09:30,122	DROP	177350	베셀	trend_gate
2026-05-14 17:09:30,579	DROP	254160	제이엠멀티	trend_gate
2026-05-14 17:09:31,125	DROP	079190	케스피온	trend_gate
2026-05-14 17:09:31,569	DROP	052960	태양3C	trend_gate
2026-05-14 17:09:31,985	DROP	176590	코나솔	trend_gate
2026-05-14 17:09:32,392	DROP	025870	신라에스지	trend_gate
2026-05-14 17:09:32,822	DROP	106520	노블엠앤비	trend_gate
2026-05-14 17:09:33,247	DROP	351020	미쥬	trend_gate
2026-05-14 17:09:33,721	DROP	233250	메디안디노스틱	trend_gate
2026-05-14 17:09:34,222	DROP	079950	인베니아	trend_gate
2026-05-14 17:09:34,665	DROP	030350	드래곤플라이	trend_gate
2026-05-14 17:09:35,082	DROP	011080	형지I&C	trend_gate
2026-05-14 17:09:35,528	DROP	065060	지엔코	trend_gate
2026-05-14 17:09:35,954	DROP	250930	예선테크	trend_gate
2026-05-14 17:09:36,383	DROP	069920	엑시온그룹	trend_gate
2026-05-14 17:09:36,800	DROP	026910	광진실업	trend_gate
2026-05-14 17:09:37,243	DROP	227100	프로브잇	trend_gate
2026-05-14 17:09:37,694	DROP	900120	씨엑스아이	trend_gate
2026-05-14 17:09:38,213	DROP	188260	세니젠	trend_gate
2026-05-14 17:09:38,690	DROP	217880	틸론	trend_gate
2026-05-14 17:09:39,111	DROP	225430	케이엠제약	trend_gate
2026-05-14 17:09:39,574	DROP	008500	일정실업	trend_gate
2026-05-14 17:09:40,024	DROP	069330	유아이디	trend_gate
2026-05-14 17:09:40,479	DROP	379390	이성씨엔아이	trend_gate
2026-05-14 17:09:41,116	DROP	050090	비케이홀딩스	trend_gate
2026-05-14 17:09:41,588	DROP	008290	원풍물산	trend_gate
2026-05-14 17:09:41,999	DROP	149010	아이케이세미콘	trend_gate
2026-05-14 17:09:42,490	DROP	009620	삼보산업	trend_gate
2026-05-14 17:09:42,908	DROP	352770	셀레스트라	trend_gate
2026-05-14 17:09:43,379	DROP	0070X0	에스테크엠	insufficient_rows:12
2026-05-14 17:09:43,869	DROP	244460	올리패스	trend_gate
2026-05-14 17:09:44,356	DROP	302920	더콘텐츠온	trend_gate
2026-05-14 17:09:44,788	DROP	054180	메디콕스	trend_gate
2026-05-14 17:09:45,187	DROP	065570	삼영이엔씨	trend_gate
2026-05-14 17:09:45,617	DROP	456190	큐라켐	trend_gate
2026-05-14 17:09:46,086	DROP	073190	듀오백	trend_gate
2026-05-14 17:09:46,519	DROP	224760	엔에스컴퍼니	trend_gate
2026-05-14 17:09:46,950	DROP	121850	코이즈	trend_gate
2026-05-14 17:09:47,441	DROP	060240	스타코링크	trend_gate
2026-05-14 17:09:47,913	DROP	043100	알파AI	trend_gate
2026-05-14 17:09:48,349	DROP	253610	루트락	trend_gate
2026-05-14 17:09:48,823	DROP	238500	솔루믹스	liquidity_gate:KOSDAQ
2026-05-14 17:09:49,236	DROP	244880	나눔테크	trend_gate
2026-05-14 17:09:49,722	DROP	106080	케이이엠텍	trend_gate
2026-05-14 17:09:50,177	DROP	145210	다이나믹디자인	trend_gate
2026-05-14 17:09:50,632	DROP	236340	메디젠휴먼케어	trend_gate
2026-05-14 17:09:51,125	DROP	189350	코셋	liquidity_gate:KOSDAQ
2026-05-14 17:09:51,533	DROP	178600	대동고려삼	trend_gate
2026-05-14 17:09:51,943	DROP	114920	대주이엔티	trend_gate
2026-05-14 17:09:52,389	DROP	217320	썬테크	trend_gate
2026-05-14 17:09:52,849	DROP	199150	데이터스트림즈	trend_gate
2026-05-14 17:09:53,250	DROP	103660	씨앗	trend_gate
2026-05-14 17:09:53,769	DROP	185190	수프로	trend_gate
2026-05-14 17:09:54,183	DROP	289170	바이오텐	trend_gate
2026-05-14 17:09:54,621	DROP	079970	투비소프트	trend_gate
2026-05-14 17:09:55,030	DROP	212310	오건에코텍	trend_gate
2026-05-14 17:09:55,463	DROP	199290	바이오프로테크	trend_gate
2026-05-14 17:09:55,865	DROP	447690	아이오바이오	trend_gate
2026-05-14 17:09:56,306	DROP	066830	제노텍	trend_gate
2026-05-14 17:09:56,773	DROP	276040	스코넥	trend_gate
2026-05-14 17:09:57,235	DROP	224810	엄지하우스	trend_gate
2026-05-14 17:09:57,673	DROP	101390	아이엠	trend_gate
2026-05-14 17:09:58,122	DROP	251280	안지오랩	trend_gate
2026-05-14 17:09:58,500	DROP	215570	크로넥스	trend_gate
2026-05-14 17:09:59,034	DROP	234070	에이원큐브텍	trend_gate
2026-05-14 17:09:59,510	DROP	318660	타임기술	trend_gate
2026-05-14 17:10:00,024	DROP	202960	판도라티비	trend_gate
2026-05-14 17:10:00,480	DROP	092590	럭스피아	trend_gate
2026-05-14 17:10:01,003	DROP	236030	씨알푸드	trend_gate
2026-05-14 17:10:01,412	DROP	267080	세븐브로이맥주	trend_gate
2026-05-14 17:10:01,866	DROP	044180	KD	trend_gate
2026-05-14 17:10:02,270	DROP	313760	캐리	trend_gate
2026-05-14 17:10:02,683	DROP	276240	엘리비젼	trend_gate
2026-05-14 17:10:03,140	DROP	311960	인터로이드	trend_gate
2026-05-14 17:10:03,581	DROP	223220	로지스몬	trend_gate
2026-05-14 17:10:04,078	DROP	266350	팡스카이	trend_gate
2026-05-14 17:10:04,517	DROP	258050	테크트랜스	trend_gate
2026-05-14 17:10:04,934	DROP	327610	펨토바이오메드	trend_gate
2026-05-14 17:10:05,365	DROP	346010	타이드	trend_gate
2026-05-14 17:10:05,789	DROP	043090	더테크놀로지	trend_gate
2026-05-14 17:10:06,256	DROP	136660	큐엠씨	liquidity_gate:KOSDAQ
2026-05-14 17:10:06,751	DROP	052770	아이톡시	trend_gate
2026-05-14 17:10:07,169	DROP	299480	지앤이헬스케어	trend_gate
2026-05-14 17:10:07,591	DROP	217910	에스제이켐	trend_gate
2026-05-14 17:10:08,007	DROP	121060	유니포인트	trend_gate
2026-05-14 17:10:08,467	DROP	116100	태양기계	trend_gate
2026-05-14 17:10:08,868	DROP	093510	엔지브이아이	trend_gate
2026-05-14 17:10:09,408	DROP	332190	오션스바이오	trend_gate
2026-05-14 17:10:09,822	DROP	208890	미래엔에듀파트너	trend_gate
2026-05-14 17:10:10,243	DROP	266470	바이오인프라생명과학	trend_gate
2026-05-14 17:10:10,658	DROP	402420	켈스	trend_gate
2026-05-14 17:10:11,147	DROP	245450	씨앤에스링크	trend_gate
2026-05-14 17:10:11,582	DROP	413300	티엘엔지니어링	trend_gate
2026-05-14 17:10:12,132	DROP	390110	애니메디솔루션	trend_gate
2026-05-14 17:10:12,623	DROP	140660	위월드	trend_gate
2026-05-14 17:10:13,003	DROP	296520	가이아코퍼레이션	trend_gate
2026-05-14 17:10:13,431	DROP	448780	마이크로엔엑스	trend_gate
2026-05-14 17:10:13,883	DROP	266170	레드우즈	trend_gate
2026-05-14 17:10:14,381	DROP	279060	이노벡스	trend_gate
2026-05-14 17:10:14,765	DROP	149300	아퓨어스	trend_gate
2026-05-14 17:10:14,770	DROP	036930	주성엔지니어링	foreign_flow_gate:<0.00
2026-05-14 17:10:14,770	DROP	353200	대덕전자	foreign_flow_gate:<0.00
2026-05-14 17:10:14,770	DROP	095340	ISC	foreign_flow_gate:<0.00
2026-05-14 17:10:14,770	DROP	178320	서진시스템	foreign_flow_gate:<0.00
2026-05-14 17:10:14,770	DROP	100790	미래에셋벤처투자	foreign_flow_gate:<0.00
2026-05-14 17:10:14,770	DROP	007810	코리아써키트	foreign_flow_gate:<0.00
2026-05-14 17:10:14,770	DROP	200470	에이팩트	foreign_flow_gate:<0.00
2026-05-14 17:10:14,771	DROP	209640	와이제이링크	foreign_flow_gate:<0.00
2026-05-14 17:10:14,771	DROP	163730	핑거	foreign_flow_gate:<0.00
2026-05-14 17:10:14,771	DROP	452190	한빛레이저	foreign_flow_gate:<0.00
2026-05-14 17:10:14,771	DROP	095910	에스에너지	foreign_flow_gate:<0.00
