2026-04-17 11:51:57.286 INFO Thread-1 (start_background_loop) bot: starting (ticker=450080)
2026-04-17 11:51:59.147 INFO Thread-1 (start_background_loop) bot: connected
2026-04-17 11:51:59.148 INFO Thread-1 (start_background_loop) bot: run() active
2026-04-17 11:51:59.202 INFO Thread-1 (start_background_loop) stream: REG attached (0B, 0F, 0w)
2026-04-17 11:53:07.577 INFO MainThread chart_export: UI click tf=min5 ticker=450080
2026-04-17 11:53:07.579 INFO Thread-1 (start_background_loop) chart_export: build start tf=min5 code=450080 end_ymd=20260417
2026-04-17 11:53:09.004 INFO Thread-1 (start_background_loop) chart_export: ka10059 done pages=6 investor_dates=587 volume_dates=587
2026-04-17 11:53:09.005 INFO Thread-1 (start_background_loop) chart_export: ka10080 request_until start stk_cd=450080 tic_scope=5 start_ymd=20260410
2026-04-17 11:53:09.415 INFO Thread-1 (start_background_loop) chart_export: ka10080 done stk_cd=450080 tic_scope=5 rows=900
2026-04-17 11:53:09.416 INFO Thread-1 (start_background_loop) chart_export: ka10080 request_until start stk_cd=NXT:450080_NX tic_scope=5 start_ymd=20260410
2026-04-17 11:53:09.841 INFO Thread-1 (start_background_loop) chart_export: ka10080 done stk_cd=NXT:450080_NX tic_scope=5 rows=1
2026-04-17 11:53:09.842 INFO Thread-1 (start_background_loop) chart_export: NXT skip (no mergeable rows) rows=1 stk_cd=NXT:450080_NX (NXT:code_NX)
2026-04-17 11:53:09.843 INFO Thread-1 (start_background_loop) chart_export: ka10080 request_until start stk_cd=450080_NX tic_scope=5 start_ymd=20260410
2026-04-17 11:53:10.230 INFO Thread-1 (start_background_loop) chart_export: ka10080 done stk_cd=450080_NX tic_scope=5 rows=1
2026-04-17 11:53:10.233 INFO Thread-1 (start_background_loop) chart_export: NXT skip (no mergeable rows) rows=1 stk_cd=450080_NX (code_NX)
2026-04-17 11:53:10.235 INFO Thread-1 (start_background_loop) chart_export: ka10080 volume merge skipped (no NXT); using KRX/plain stk_cd only
2026-04-17 11:53:10.250 INFO Thread-1 (start_background_loop) chart_export: 5m datetime index +5m (bar end KST)
2026-04-17 11:53:10.251 INFO Thread-1 (start_background_loop) chart_export: 5m dataframe rows=425
2026-04-17 11:53:10.256 INFO Thread-1 (start_background_loop) chart_export: volume=ka10080 trde_qty single-share units (day 20260417 sum=1187041 ka10059=1187041)
2026-04-17 11:53:10.272 INFO Thread-1 (start_background_loop) chart_export: build finished tf=min5 out_chars=37690
2026-04-17 12:08:18.460 INFO Thread-1 (start_background_loop) bot: starting (ticker=450080)
2026-04-17 12:08:20.364 INFO Thread-1 (start_background_loop) bot: connected
2026-04-17 12:08:20.366 INFO Thread-1 (start_background_loop) bot: run() active
2026-04-17 12:08:22.384 INFO Thread-1 (start_background_loop) ka90008: queued 1662 program history rows (date=20260417 stk=450080)
2026-04-17 12:08:22.504 INFO Thread-1 (start_background_loop) stream: REG attached (0B, 0F, 0w)
2026-04-17 12:18:31.457 WARNING MainThread stale: no 0B for 15s (last_0B=2026-04-17T03:18:16.452597+00:00 last_0F=2026-04-17T03:18:06.653454+00:00 gui_tick_q=0 gui_rank_q=0)
2026-04-17 12:48:25.064 INFO Thread-1 (start_background_loop) bot: starting (ticker=012450)
2026-04-17 12:48:27.002 INFO Thread-1 (start_background_loop) bot: connected
2026-04-17 12:48:27.005 INFO Thread-1 (start_background_loop) bot: run() active
2026-04-17 12:48:29.434 INFO Thread-1 (start_background_loop) ka90008: queued 2107 program history rows (date=20260417 stk=012450)
2026-04-17 12:48:29.516 INFO Thread-1 (start_background_loop) stream: REG attached (0B, 0F, 0w)
2026-04-17 12:53:36.933 INFO Thread-1 (start_background_loop) bot: starting (ticker=058470)
2026-04-17 12:53:38.891 INFO Thread-1 (start_background_loop) bot: connected
2026-04-17 12:53:38.892 INFO Thread-1 (start_background_loop) bot: run() active
2026-04-17 12:53:40.512 INFO Thread-1 (start_background_loop) ka90008: queued 1217 program history rows (date=20260417 stk=058470)
2026-04-17 12:53:40.634 INFO Thread-1 (start_background_loop) stream: REG attached (0B, 0F, 0w)
2026-04-17 12:54:35.258 INFO MainThread chart_export: UI click tf=min5 ticker=058470
2026-04-17 12:54:35.271 INFO Thread-1 (start_background_loop) chart_export: build start tf=min5 code=058470 end_ymd=20260417
2026-04-17 12:54:59.496 INFO Thread-1 (start_background_loop) chart_export: ka10059 done pages=61 investor_dates=6002 volume_dates=6002
2026-04-17 12:54:59.496 INFO Thread-1 (start_background_loop) chart_export: ka10080 request_until start stk_cd=058470 tic_scope=5 start_ymd=20260410
2026-04-17 12:54:59.923 INFO Thread-1 (start_background_loop) chart_export: ka10080 done stk_cd=058470 tic_scope=5 rows=900
2026-04-17 12:54:59.924 INFO Thread-1 (start_background_loop) chart_export: ka10080 request_until start stk_cd=NXT:058470_NX tic_scope=5 start_ymd=20260410
2026-04-17 12:55:00.297 INFO Thread-1 (start_background_loop) chart_export: ka10080 done stk_cd=NXT:058470_NX tic_scope=5 rows=1
2026-04-17 12:55:00.298 INFO Thread-1 (start_background_loop) chart_export: NXT skip (no mergeable rows) rows=1 stk_cd=NXT:058470_NX (NXT:code_NX)
2026-04-17 12:55:00.299 INFO Thread-1 (start_background_loop) chart_export: ka10080 request_until start stk_cd=058470_NX tic_scope=5 start_ymd=20260410
2026-04-17 12:55:00.744 INFO Thread-1 (start_background_loop) chart_export: ka10080 done stk_cd=058470_NX tic_scope=5 rows=900
2026-04-17 12:55:00.746 INFO Thread-1 (start_background_loop) chart_export: NXT volume merge source rows=900 stk_cd=058470_NX (code_NX)
2026-04-17 12:55:00.748 INFO Thread-1 (start_background_loop) chart_export: ka10080 volume = KRX/plain + NXT (summed trde_qty per cntr_tm)
2026-04-17 12:55:00.755 INFO Thread-1 (start_background_loop) chart_export: 5m datetime index +5m (bar end KST)
2026-04-17 12:55:00.756 INFO Thread-1 (start_background_loop) chart_export: 5m dataframe rows=437
2026-04-17 12:55:00.760 WARNING Thread-1 (start_background_loop) chart_export: volume=ka10080 raw (day 20260417 sum=350817 vs ka10059=230590; rel_err1=0.521 rel_err×1000=1520.389)
2026-04-17 12:55:00.777 INFO Thread-1 (start_background_loop) chart_export: build finished tf=min5 out_chars=42021
2026-04-17 13:04:00.255 INFO Thread-1 (start_background_loop) bot: starting (ticker=058470)
2026-04-17 13:04:05.152 CRITICAL Thread-1 (start_background_loop) bot: crashed: 
Traceback (most recent call last):
  File "D:\auto_scraper_for_wealth\myenv2\Lib\site-packages\kiwoom\api.py", line 108, in connect
    await super().connect(self._appkey, self._secretkey, headers)
  File "D:\auto_scraper_for_wealth\myenv2\Lib\site-packages\kiwoom\http\client.py", line 98, in connect
    raise RuntimeError(f"Failed to get token: {msg}")
RuntimeError: Failed to get token: 
== Request ==
URL : https://api.kiwoom.com/oauth2/token
Headers : {
    "cont-yn": "N",
    "next-key": "",
    "api-id": ""
}
Data : {
    "grant_type": "client_credentials",
    "appkey": "PnA1EOmZe71U6zqMyP6XXwmWx-blKl4MXCrRNgfpFNU",
    "secretkey": "3d26y_XIE-TMdQONKWe_LF0O9Dl0wyVhL2fb_sXFew0"
}
== Response ==
Code : 200
Headers : {
    "next-key": null,
    "cont-yn": null,
    "api-id": null
}
Response : {
    "return_msg": "인증에 실패했습니다[8050:지정단말기 인증에 실패했습니다]",
    "return_code": 3
}


The above exception was the direct cause of the following exception:

Traceback (most recent call last):
  File "D:\auto_scraper_for_wealth\foreign_trend.py", line 890, in start_background_loop
    asyncio.run(run_bot_async())
  File "C:\Users\koysr\AppData\Local\Programs\Python\Python311\Lib\asyncio\runners.py", line 190, in run
    return runner.run(main)
           ^^^^^^^^^^^^^^^^
  File "C:\Users\koysr\AppData\Local\Programs\Python\Python311\Lib\asyncio\runners.py", line 118, in run
    return self._loop.run_until_complete(task)
           ^^^^^^^^^^^^^^^^^^^^^^^^^^^^^^^^^^^
  File "C:\Users\koysr\AppData\Local\Programs\Python\Python311\Lib\asyncio\base_events.py", line 653, in run_until_complete
    return future.result()
           ^^^^^^^^^^^^^^^
  File "D:\auto_scraper_for_wealth\foreign_trend.py", line 845, in run_bot_async
    await bot.connect()
  File "D:\auto_scraper_for_wealth\myenv2\Lib\site-packages\kiwoom\bot.py", line 78, in connect
    await self.api.connect(headers)
  File "D:\auto_scraper_for_wealth\myenv2\Lib\site-packages\kiwoom\api.py", line 126, in connect
    raise Exception from err
Exception
2026-04-17 13:04:39.834 INFO Thread-1 (start_background_loop) bot: starting (ticker=058470)
2026-04-17 13:04:41.435 CRITICAL Thread-1 (start_background_loop) bot: crashed: 
Traceback (most recent call last):
  File "D:\auto_scraper_for_wealth\myenv2\Lib\site-packages\kiwoom\api.py", line 108, in connect
    await super().connect(self._appkey, self._secretkey, headers)
  File "D:\auto_scraper_for_wealth\myenv2\Lib\site-packages\kiwoom\http\client.py", line 98, in connect
    raise RuntimeError(f"Failed to get token: {msg}")
RuntimeError: Failed to get token: 
== Request ==
URL : https://api.kiwoom.com/oauth2/token
Headers : {
    "cont-yn": "N",
    "next-key": "",
    "api-id": ""
}
Data : {
    "grant_type": "client_credentials",
    "appkey": "PnA1EOmZe71U6zqMyP6XXwmWx-blKl4MXCrRNgfpFNU",
    "secretkey": "3d26y_XIE-TMdQONKWe_LF0O9Dl0wyVhL2fb_sXFew0"
}
== Response ==
Code : 200
Headers : {
    "next-key": null,
    "cont-yn": null,
    "api-id": null
}
Response : {
    "return_msg": "인증에 실패했습니다[8050:지정단말기 인증에 실패했습니다]",
    "return_code": 3
}


The above exception was the direct cause of the following exception:

Traceback (most recent call last):
  File "D:\auto_scraper_for_wealth\foreign_trend.py", line 890, in start_background_loop
    asyncio.run(run_bot_async())
  File "C:\Users\koysr\AppData\Local\Programs\Python\Python311\Lib\asyncio\runners.py", line 190, in run
    return runner.run(main)
           ^^^^^^^^^^^^^^^^
  File "C:\Users\koysr\AppData\Local\Programs\Python\Python311\Lib\asyncio\runners.py", line 118, in run
    return self._loop.run_until_complete(task)
           ^^^^^^^^^^^^^^^^^^^^^^^^^^^^^^^^^^^
  File "C:\Users\koysr\AppData\Local\Programs\Python\Python311\Lib\asyncio\base_events.py", line 653, in run_until_complete
    return future.result()
           ^^^^^^^^^^^^^^^
  File "D:\auto_scraper_for_wealth\foreign_trend.py", line 845, in run_bot_async
    await bot.connect()
  File "D:\auto_scraper_for_wealth\myenv2\Lib\site-packages\kiwoom\bot.py", line 78, in connect
    await self.api.connect(headers)
  File "D:\auto_scraper_for_wealth\myenv2\Lib\site-packages\kiwoom\api.py", line 126, in connect
    raise Exception from err
Exception
2026-04-17 13:50:53.590 INFO Thread-1 (start_background_loop) bot: starting (ticker=000210)
2026-04-17 13:50:55.347 INFO Thread-1 (start_background_loop) bot: connected
2026-04-17 13:50:55.365 INFO Thread-1 (start_background_loop) bot: run() active
2026-04-17 13:50:57.745 INFO Thread-1 (start_background_loop) ka90008: queued 1814 program history rows (date=20260417 stk=000210)
2026-04-17 13:50:57.900 INFO Thread-1 (start_background_loop) stream: REG attached (0B, 0F, 0w)
2026-04-17 13:51:29.432 INFO MainThread chart_export: UI click tf=min5 ticker=000210
2026-04-17 13:51:29.434 INFO Thread-1 (start_background_loop) chart_export: build start tf=min5 code=000210 end_ymd=20260417
2026-04-17 13:52:09.566 INFO Thread-1 (start_background_loop) chart_export: ka10059 done pages=109 investor_dates=10829 volume_dates=10829
2026-04-17 13:52:09.568 INFO Thread-1 (start_background_loop) chart_export: ka10080 request_until start stk_cd=000210 tic_scope=5 start_ymd=20260410
2026-04-17 13:52:09.772 INFO Thread-1 (start_background_loop) chart_export: ka10080 done stk_cd=000210 tic_scope=5 rows=900
2026-04-17 13:52:09.772 INFO Thread-1 (start_background_loop) chart_export: ka10080 request_until start stk_cd=NXT:000210_NX tic_scope=5 start_ymd=20260410
2026-04-17 13:52:09.952 INFO Thread-1 (start_background_loop) chart_export: ka10080 done stk_cd=NXT:000210_NX tic_scope=5 rows=1
2026-04-17 13:52:09.953 INFO Thread-1 (start_background_loop) chart_export: NXT skip (no mergeable rows) rows=1 stk_cd=NXT:000210_NX (NXT:code_NX)
2026-04-17 13:52:09.953 INFO Thread-1 (start_background_loop) chart_export: ka10080 request_until start stk_cd=000210_NX tic_scope=5 start_ymd=20260410
2026-04-17 13:52:10.165 INFO Thread-1 (start_background_loop) chart_export: ka10080 done stk_cd=000210_NX tic_scope=5 rows=900
2026-04-17 13:52:10.166 INFO Thread-1 (start_background_loop) chart_export: NXT volume merge source rows=900 stk_cd=000210_NX (code_NX)
2026-04-17 13:52:10.169 INFO Thread-1 (start_background_loop) chart_export: ka10080 volume = KRX/plain + NXT (summed trde_qty per cntr_tm)
2026-04-17 13:52:10.191 INFO Thread-1 (start_background_loop) chart_export: 5m datetime index +5m (bar end KST)
2026-04-17 13:52:10.192 INFO Thread-1 (start_background_loop) chart_export: 5m dataframe rows=446
2026-04-17 13:52:10.198 WARNING Thread-1 (start_background_loop) chart_export: volume=ka10080 raw (day 20260417 sum=104886 vs ka10059=76273; rel_err1=0.375 rel_err×1000=1374.139)
2026-04-17 13:52:10.220 INFO Thread-1 (start_background_loop) chart_export: build finished tf=min5 out_chars=39254
2026-04-17 13:55:19.108 WARNING MainThread stale: no 0B for 15s (last_0B=2026-04-17T04:55:04.103919+00:00 last_0F=2026-04-17T04:54:17.696359+00:00 gui_tick_q=0 gui_rank_q=0)
2026-04-17 13:56:10.000 WARNING MainThread stale: no 0B for 15s (last_0B=2026-04-17T04:55:54.995679+00:00 last_0F=2026-04-17T04:55:22.694901+00:00 gui_tick_q=0 gui_rank_q=0)
2026-04-17 13:57:42.693 WARNING MainThread stale: no 0B for 15s (last_0B=2026-04-17T04:57:27.693000+00:00 last_0F=2026-04-17T04:57:38.694732+00:00 gui_tick_q=0 gui_rank_q=0)
2026-04-17 13:58:48.195 WARNING MainThread stale: no 0B for 15s (last_0B=2026-04-17T04:58:33.192462+00:00 last_0F=2026-04-17T04:58:46.392355+00:00 gui_tick_q=0 gui_rank_q=0)
2026-04-17 14:01:38.794 WARNING MainThread stale: no 0B for 15s (last_0B=2026-04-17T05:01:23.791750+00:00 last_0F=2026-04-17T05:01:00.092353+00:00 gui_tick_q=0 gui_rank_q=0)
2026-04-17 14:07:11.694 WARNING MainThread stale: no 0B for 15s (last_0B=2026-04-17T05:06:56.692231+00:00 last_0F=2026-04-17T05:06:33.487644+00:00 gui_tick_q=0 gui_rank_q=0)
2026-04-17 14:08:19.498 WARNING MainThread stale: no 0B for 15s (last_0B=2026-04-17T05:08:04.495751+00:00 last_0F=2026-04-17T05:07:40.196984+00:00 gui_tick_q=0 gui_rank_q=0)
2026-04-17 14:08:57.087 WARNING MainThread stale: no 0B for 15s (last_0B=2026-04-17T05:08:42.085514+00:00 last_0F=2026-04-17T05:08:47.388308+00:00 gui_tick_q=0 gui_rank_q=0)
2026-04-17 14:10:15.690 WARNING MainThread stale: no 0B for 15s (last_0B=2026-04-17T05:10:00.686485+00:00 last_0F=2026-04-17T05:09:52.285837+00:00 gui_tick_q=0 gui_rank_q=0)
2026-04-17 14:11:33.088 WARNING MainThread stale: no 0B for 15s (last_0B=2026-04-17T05:11:18.084861+00:00 last_0F=2026-04-17T05:10:57.184293+00:00 gui_tick_q=0 gui_rank_q=0)
2026-04-17 14:12:57.494 WARNING MainThread stale: no 0B for 15s (last_0B=2026-04-17T05:12:42.490661+00:00 last_0F=2026-04-17T05:12:03.784853+00:00 gui_tick_q=0 gui_rank_q=0)
2026-04-17 14:13:51.588 WARNING MainThread stale: no 0B for 15s (last_0B=2026-04-17T05:13:36.583914+00:00 last_0F=2026-04-17T05:13:09.284199+00:00 gui_tick_q=0 gui_rank_q=0)
2026-04-17 14:14:31.485 WARNING MainThread stale: no 0B for 15s (last_0B=2026-04-17T05:14:16.482234+00:00 last_0F=2026-04-17T05:14:16.886028+00:00 gui_tick_q=0 gui_rank_q=0)
2026-04-17 14:15:02.786 WARNING MainThread stale: no 0B for 15s (last_0B=2026-04-17T05:14:47.782439+00:00 last_0F=2026-04-17T05:14:16.886028+00:00 gui_tick_q=0 gui_rank_q=0)
2026-04-17 14:16:21.581 WARNING MainThread stale: no 0B for 15s (last_0B=2026-04-17T05:16:06.580800+00:00 last_0F=2026-04-17T05:15:23.682339+00:00 gui_tick_q=0 gui_rank_q=0)
2026-04-17 14:17:24.782 WARNING MainThread stale: no 0B for 15s (last_0B=2026-04-17T05:17:09.782427+00:00 last_0F=2026-04-17T05:16:30.580908+00:00 gui_tick_q=0 gui_rank_q=0)
2026-04-17 14:18:19.092 WARNING MainThread stale: no 0B for 15s (last_0B=2026-04-17T05:18:04.089906+00:00 last_0F=2026-04-17T05:17:34.382202+00:00 gui_tick_q=0 gui_rank_q=0)
2026-04-17 14:19:00.485 WARNING MainThread stale: no 0B for 15s (last_0B=2026-04-17T05:18:45.481102+00:00 last_0F=2026-04-17T05:18:40.781607+00:00 gui_tick_q=0 gui_rank_q=0)
2026-04-17 14:20:15.680 WARNING MainThread stale: no 0B for 15s (last_0B=2026-04-17T05:20:00.680668+00:00 last_0F=2026-04-17T05:19:47.581278+00:00 gui_tick_q=0 gui_rank_q=0)
2026-04-17 14:22:52.081 WARNING MainThread stale: no 0B for 15s (last_0B=2026-04-17T05:22:37.078452+00:00 last_0F=2026-04-17T05:21:57.178930+00:00 gui_tick_q=0 gui_rank_q=0)
2026-04-17 14:24:34.081 WARNING MainThread stale: no 0B for 15s (last_0B=2026-04-17T05:24:19.077094+00:00 last_0F=2026-04-17T05:24:10.479940+00:00 gui_tick_q=0 gui_rank_q=0)
2026-04-17 14:26:20.279 WARNING MainThread stale: no 0B for 15s (last_0B=2026-04-17T05:26:05.275596+00:00 last_0F=2026-04-17T05:25:15.858227+00:00 gui_tick_q=0 gui_rank_q=0)
2026-04-17 14:28:04.685 WARNING MainThread stale: no 0B for 15s (last_0B=2026-04-17T05:27:49.682024+00:00 last_0F=2026-04-17T05:27:25.576596+00:00 gui_tick_q=0 gui_rank_q=0)
2026-04-17 14:28:56.984 WARNING MainThread stale: no 0B for 15s (last_0B=2026-04-17T05:28:41.979944+00:00 last_0F=2026-04-17T05:28:31.475601+00:00 gui_tick_q=0 gui_rank_q=0)
2026-04-17 14:31:12.076 WARNING MainThread stale: no 0B for 15s (last_0B=2026-04-17T05:30:57.074407+00:00 last_0F=2026-04-17T05:30:43.078475+00:00 gui_tick_q=0 gui_rank_q=0)
2026-04-17 14:31:54.479 WARNING MainThread stale: no 0B for 15s (last_0B=2026-04-17T05:31:39.474663+00:00 last_0F=2026-04-17T05:31:52.174246+00:00 gui_tick_q=0 gui_rank_q=0)
2026-04-17 14:33:25.976 WARNING MainThread stale: no 0B for 15s (last_0B=2026-04-17T05:33:10.973116+00:00 last_0F=2026-04-17T05:32:56.573710+00:00 gui_tick_q=0 gui_rank_q=0)
2026-04-17 14:33:55.976 WARNING MainThread stale: no 0B for 17s (last_0B=2026-04-17T05:33:38.371732+00:00 last_0F=2026-04-17T05:32:56.573710+00:00 gui_tick_q=0 gui_rank_q=0)
2026-04-17 14:34:34.074 WARNING MainThread stale: no 0B for 15s (last_0B=2026-04-17T05:34:19.071090+00:00 last_0F=2026-04-17T05:34:02.083098+00:00 gui_tick_q=0 gui_rank_q=0)
2026-04-17 14:36:31.271 WARNING MainThread stale: no 0B for 15s (last_0B=2026-04-17T05:36:16.269650+00:00 last_0F=2026-04-17T05:36:12.769250+00:00 gui_tick_q=0 gui_rank_q=0)
2026-04-17 14:39:02.972 WARNING MainThread stale: no 0B for 15s (last_0B=2026-04-17T05:38:47.970366+00:00 last_0F=2026-04-17T05:38:25.269194+00:00 gui_tick_q=0 gui_rank_q=0)
2026-04-17 14:40:29.473 WARNING MainThread stale: no 0B for 15s (last_0B=2026-04-17T05:40:14.467360+00:00 last_0F=2026-04-17T05:39:30.367116+00:00 gui_tick_q=0 gui_rank_q=0)
2026-04-17 14:40:59.474 WARNING MainThread stale: no 0B for 27s (last_0B=2026-04-17T05:40:32.267857+00:00 last_0F=2026-04-17T05:40:36.168355+00:00 gui_tick_q=0 gui_rank_q=0)
2026-04-17 14:42:23.969 WARNING MainThread stale: no 0B for 15s (last_0B=2026-04-17T05:42:08.968586+00:00 last_0F=2026-04-17T05:41:43.967473+00:00 gui_tick_q=0 gui_rank_q=0)
2026-04-17 14:43:10.471 WARNING MainThread stale: no 0B for 15s (last_0B=2026-04-17T05:42:55.466031+00:00 last_0F=2026-04-17T05:42:51.667709+00:00 gui_tick_q=0 gui_rank_q=0)
2026-04-17 14:43:40.472 WARNING MainThread stale: no 0B for 23s (last_0B=2026-04-17T05:43:16.966494+00:00 last_0F=2026-04-17T05:42:51.667709+00:00 gui_tick_q=0 gui_rank_q=0)
2026-04-17 14:44:42.070 WARNING MainThread stale: no 0B for 15s (last_0B=2026-04-17T05:44:27.068768+00:00 last_0F=2026-04-17T05:43:56.967101+00:00 gui_tick_q=0 gui_rank_q=0)
2026-04-17 14:45:24.069 WARNING MainThread stale: no 0B for 15s (last_0B=2026-04-17T05:45:09.065140+00:00 last_0F=2026-04-17T05:45:02.265230+00:00 gui_tick_q=0 gui_rank_q=0)
2026-04-17 14:46:07.746 WARNING MainThread stale: no 0B for 15s (last_0B=2026-04-17T05:45:52.745084+00:00 last_0F=2026-04-17T05:45:02.265230+00:00 gui_tick_q=0 gui_rank_q=0)
2026-04-17 14:47:10.465 WARNING MainThread stale: no 0B for 15s (last_0B=2026-04-17T05:46:55.464067+00:00 last_0F=2026-04-17T05:46:12.164223+00:00 gui_tick_q=0 gui_rank_q=0)
2026-04-17 14:48:09.266 WARNING MainThread stale: no 0B for 15s (last_0B=2026-04-17T05:47:54.263623+00:00 last_0F=2026-04-17T05:47:18.263612+00:00 gui_tick_q=0 gui_rank_q=0)
2026-04-17 14:48:39.264 WARNING MainThread stale: no 0B for 21s (last_0B=2026-04-17T05:48:17.476739+00:00 last_0F=2026-04-17T05:48:24.762993+00:00 gui_tick_q=0 gui_rank_q=0)
2026-04-17 14:49:36.769 WARNING MainThread stale: no 0B for 15s (last_0B=2026-04-17T05:49:21.765081+00:00 last_0F=2026-04-17T05:49:32.564958+00:00 gui_tick_q=0 gui_rank_q=0)
2026-04-17 14:52:10.364 WARNING MainThread stale: no 0B for 15s (last_0B=2026-04-17T05:51:55.362582+00:00 last_0F=2026-04-17T05:51:45.460773+00:00 gui_tick_q=0 gui_rank_q=0)
2026-04-17 14:53:55.462 WARNING MainThread stale: no 0B for 15s (last_0B=2026-04-17T05:53:40.460179+00:00 last_0F=2026-04-17T05:52:53.362132+00:00 gui_tick_q=0 gui_rank_q=0)
2026-04-17 14:54:48.462 WARNING MainThread stale: no 0B for 15s (last_0B=2026-04-17T05:54:33.459344+00:00 last_0F=2026-04-17T05:54:00.959881+00:00 gui_tick_q=0 gui_rank_q=0)
2026-04-17 14:56:00.762 WARNING MainThread stale: no 0B for 15s (last_0B=2026-04-17T05:55:45.760225+00:00 last_0F=2026-04-17T05:55:08.658994+00:00 gui_tick_q=0 gui_rank_q=0)
2026-04-17 14:56:53.061 WARNING MainThread stale: no 0B for 15s (last_0B=2026-04-17T05:56:38.058376+00:00 last_0F=2026-04-17T05:56:16.659095+00:00 gui_tick_q=0 gui_rank_q=0)
2026-04-17 14:58:04.263 WARNING MainThread stale: no 0B for 15s (last_0B=2026-04-17T05:57:49.260368+00:00 last_0F=2026-04-17T05:57:24.157442+00:00 gui_tick_q=0 gui_rank_q=0)
2026-04-17 14:59:00.561 WARNING MainThread stale: no 0B for 15s (last_0B=2026-04-17T05:58:45.558241+00:00 last_0F=2026-04-17T05:58:32.856683+00:00 gui_tick_q=0 gui_rank_q=0)
2026-04-17 15:00:28.556 WARNING MainThread stale: no 0B for 15s (last_0B=2026-04-17T06:00:13.555513+00:00 last_0F=2026-04-17T05:59:41.057506+00:00 gui_tick_q=0 gui_rank_q=0)
2026-04-17 15:01:21.456 WARNING MainThread stale: no 0B for 15s (last_0B=2026-04-17T06:01:06.455452+00:00 last_0F=2026-04-17T06:00:51.755484+00:00 gui_tick_q=0 gui_rank_q=0)
2026-04-17 15:02:00.757 WARNING MainThread stale: no 0B for 15s (last_0B=2026-04-17T06:01:45.754544+00:00 last_0F=2026-04-17T06:00:51.755484+00:00 gui_tick_q=0 gui_rank_q=0)
2026-04-17 15:04:03.658 WARNING MainThread stale: no 0B for 15s (last_0B=2026-04-17T06:03:48.653424+00:00 last_0F=2026-04-17T06:03:14.253921+00:00 gui_tick_q=0 gui_rank_q=0)
2026-04-17 15:04:43.555 WARNING MainThread stale: no 0B for 15s (last_0B=2026-04-17T06:04:28.552532+00:00 last_0F=2026-04-17T06:04:23.653674+00:00 gui_tick_q=0 gui_rank_q=0)
2026-04-17 15:05:35.654 WARNING MainThread stale: no 0B for 15s (last_0B=2026-04-17T06:05:20.652419+00:00 last_0F=2026-04-17T06:05:32.753102+00:00 gui_tick_q=0 gui_rank_q=0)
2026-04-17 15:06:28.486 INFO Thread-1 (start_background_loop) bot: starting (ticker=051910)
2026-04-17 15:06:31.316 INFO Thread-1 (start_background_loop) bot: connected
2026-04-17 15:06:31.317 INFO Thread-1 (start_background_loop) bot: run() active
2026-04-17 15:06:36.362 INFO Thread-1 (start_background_loop) ka90008: queued 3003 program history rows (date=20260417 stk=051910)
2026-04-17 15:06:36.480 INFO Thread-1 (start_background_loop) stream: REG attached (0B, 0F, 0w)
2026-04-19 16:49:48.387 INFO Thread-1 (start_background_loop) bot: starting (ticker=012450)
2026-04-19 16:49:49.644 INFO Thread-1 (start_background_loop) bot: connected
2026-04-19 16:49:49.657 INFO Thread-1 (start_background_loop) bot: run() active
2026-04-19 16:49:53.526 INFO Thread-1 (start_background_loop) ka90008: queued 3511 program history rows (date=20260419 stk=012450)
2026-04-19 16:49:53.725 INFO Thread-1 (start_background_loop) ka10014: queued 41 short-selling rows (20260218–20260419 stk=012450)
2026-04-19 16:49:53.807 INFO Thread-1 (start_background_loop) stream: REG attached (0B, 0F, 0w)
2026-04-19 16:49:53.900 INFO MainThread chart_export: UI click tf=min5 ticker=012450
2026-04-19 16:49:53.903 INFO Thread-1 (start_background_loop) chart_export: build start tf=min5 code=012450 end_ymd=20260419
2026-04-19 16:50:31.128 INFO Thread-1 (start_background_loop) chart_export: ka10059 done pages=102 investor_dates=10124 volume_dates=10124
2026-04-19 16:50:31.140 INFO Thread-1 (start_background_loop) chart_export: ka10080 request_until start stk_cd=012450 tic_scope=5 start_ymd=20260412
2026-04-19 16:50:31.553 INFO Thread-1 (start_background_loop) chart_export: ka10080 done stk_cd=012450 tic_scope=5 rows=900
2026-04-19 16:50:31.556 INFO Thread-1 (start_background_loop) chart_export: ka10080 request_until start stk_cd=NXT:012450_NX tic_scope=5 start_ymd=20260412
2026-04-19 16:50:31.931 INFO Thread-1 (start_background_loop) chart_export: ka10080 done stk_cd=NXT:012450_NX tic_scope=5 rows=1
2026-04-19 16:50:31.933 INFO Thread-1 (start_background_loop) chart_export: NXT skip (no mergeable rows) rows=1 stk_cd=NXT:012450_NX (NXT:code_NX)
2026-04-19 16:50:31.935 INFO Thread-1 (start_background_loop) chart_export: ka10080 request_until start stk_cd=012450_NX tic_scope=5 start_ymd=20260412
2026-04-19 16:50:32.349 INFO Thread-1 (start_background_loop) chart_export: ka10080 done stk_cd=012450_NX tic_scope=5 rows=900
2026-04-19 16:50:32.350 INFO Thread-1 (start_background_loop) chart_export: NXT volume merge source rows=900 stk_cd=012450_NX (code_NX)
2026-04-19 16:50:32.352 INFO Thread-1 (start_background_loop) chart_export: ka10080 volume = KRX/plain + NXT (summed trde_qty per cntr_tm)
2026-04-19 16:50:32.361 INFO Thread-1 (start_background_loop) chart_export: 5m datetime index +5m (bar end KST)
2026-04-19 16:50:32.362 INFO Thread-1 (start_background_loop) chart_export: 5m dataframe rows=389
2026-04-19 16:50:32.377 WARNING Thread-1 (start_background_loop) chart_export: volume=ka10080 raw (day 20260417 sum=332065 vs ka10059=272895; rel_err1=0.217 rel_err×1000=1215.823)
2026-04-19 16:50:32.387 INFO Thread-1 (start_background_loop) chart_export: 5m HTS-check 2026-04-17 14:20 volume_shares=3982
2026-04-19 16:50:32.391 INFO Thread-1 (start_background_loop) chart_export: 5m HTS-check 2026-04-17 14:25 volume_shares=4095
2026-04-19 16:50:32.395 INFO Thread-1 (start_background_loop) chart_export: 5m HTS-check 2026-04-17 14:30 volume_shares=3102
2026-04-19 16:50:32.408 INFO Thread-1 (start_background_loop) chart_export: build finished tf=min5 out_chars=39905
2026-04-19 17:13:50.170 INFO Thread-1 (start_background_loop) bot: starting (ticker=373220)
2026-04-19 17:13:52.421 INFO Thread-1 (start_background_loop) bot: connected
2026-04-19 17:13:52.424 INFO Thread-1 (start_background_loop) bot: run() active
2026-04-19 17:13:55.176 INFO MainThread chart_export: UI click tf=min5 ticker=373220
2026-04-19 17:13:55.177 INFO Thread-1 (start_background_loop) chart_export: build start tf=min5 code=373220 end_ymd=20260419
2026-04-19 17:13:57.188 INFO Thread-1 (start_background_loop) ka90008: queued 3389 program history rows (date=20260419 stk=373220)
2026-04-19 17:13:57.561 INFO Thread-1 (start_background_loop) ka10014: queued 41 short-selling rows (20260218–20260419 stk=373220)
2026-04-19 17:13:57.648 INFO Thread-1 (start_background_loop) stream: REG attached (0B, 0F, 0w)
2026-04-19 17:13:58.498 INFO Thread-1 (start_background_loop) chart_export: ka10059 done pages=11 investor_dates=1031 volume_dates=1031
2026-04-19 17:13:58.499 INFO Thread-1 (start_background_loop) chart_export: ka10080 request_until start stk_cd=373220 tic_scope=5 start_ymd=20260412
2026-04-19 17:13:58.733 INFO Thread-1 (start_background_loop) chart_export: ka10080 done stk_cd=373220 tic_scope=5 rows=900
2026-04-19 17:13:58.734 INFO Thread-1 (start_background_loop) chart_export: ka10080 request_until start stk_cd=NXT:373220_NX tic_scope=5 start_ymd=20260412
2026-04-19 17:13:58.898 INFO Thread-1 (start_background_loop) chart_export: ka10080 done stk_cd=NXT:373220_NX tic_scope=5 rows=1
2026-04-19 17:13:58.899 INFO Thread-1 (start_background_loop) chart_export: NXT skip (no mergeable rows) rows=1 stk_cd=NXT:373220_NX (NXT:code_NX)
2026-04-19 17:13:58.900 INFO Thread-1 (start_background_loop) chart_export: ka10080 request_until start stk_cd=373220_NX tic_scope=5 start_ymd=20260412
2026-04-19 17:13:59.144 INFO Thread-1 (start_background_loop) chart_export: ka10080 done stk_cd=373220_NX tic_scope=5 rows=900
2026-04-19 17:13:59.145 INFO Thread-1 (start_background_loop) chart_export: NXT volume merge source rows=900 stk_cd=373220_NX (code_NX)
2026-04-19 17:13:59.147 INFO Thread-1 (start_background_loop) chart_export: ka10080 volume = KRX/plain + NXT (summed trde_qty per cntr_tm)
2026-04-19 17:13:59.154 INFO Thread-1 (start_background_loop) chart_export: 5m datetime index +5m (bar end KST)
2026-04-19 17:13:59.155 INFO Thread-1 (start_background_loop) chart_export: 5m dataframe rows=389
2026-04-19 17:13:59.159 WARNING Thread-1 (start_background_loop) chart_export: volume=ka10080 raw (day 20260417 sum=478894 vs ka10059=336530; rel_err1=0.423 rel_err×1000=1422.035)
2026-04-19 17:13:59.166 INFO Thread-1 (start_background_loop) chart_export: 5m HTS-check 2026-04-17 14:20 volume_shares=3841
2026-04-19 17:13:59.168 INFO Thread-1 (start_background_loop) chart_export: 5m HTS-check 2026-04-17 14:25 volume_shares=5711
2026-04-19 17:13:59.170 INFO Thread-1 (start_background_loop) chart_export: 5m HTS-check 2026-04-17 14:30 volume_shares=3850
2026-04-19 17:13:59.178 INFO Thread-1 (start_background_loop) chart_export: build finished tf=min5 out_chars=37164
2026-04-19 17:22:00.188 INFO Thread-1 (start_background_loop) bot: starting (ticker=051910)
2026-04-19 17:22:02.385 INFO Thread-1 (start_background_loop) bot: connected
2026-04-19 17:22:02.389 INFO Thread-1 (start_background_loop) bot: run() active
2026-04-19 17:22:05.820 INFO Thread-1 (start_background_loop) ka90008: queued 3127 program history rows (date=20260419 stk=051910)
2026-04-19 17:22:06.030 INFO Thread-1 (start_background_loop) ka10014: queued 41 short-selling rows (20260218–20260419 stk=051910)
2026-04-19 17:22:06.126 INFO Thread-1 (start_background_loop) stream: REG attached (0B, 0F, 0w)
2026-04-19 17:22:27.293 INFO MainThread chart_export: UI click tf=min5 ticker=051910
2026-04-19 17:22:27.295 INFO Thread-1 (start_background_loop) chart_export: build start tf=min5 code=051910 end_ymd=20260419
2026-04-19 17:22:52.046 INFO Thread-1 (start_background_loop) chart_export: ka10059 done pages=62 investor_dates=6164 volume_dates=6164
2026-04-19 17:22:52.047 INFO Thread-1 (start_background_loop) chart_export: ka10080 request_until start stk_cd=051910 tic_scope=5 start_ymd=20260412
2026-04-19 17:22:52.447 INFO Thread-1 (start_background_loop) chart_export: ka10080 done stk_cd=051910 tic_scope=5 rows=900
2026-04-19 17:22:52.449 INFO Thread-1 (start_background_loop) chart_export: ka10080 request_until start stk_cd=NXT:051910_NX tic_scope=5 start_ymd=20260412
2026-04-19 17:22:52.830 INFO Thread-1 (start_background_loop) chart_export: ka10080 done stk_cd=NXT:051910_NX tic_scope=5 rows=1
2026-04-19 17:22:52.832 INFO Thread-1 (start_background_loop) chart_export: NXT skip (no mergeable rows) rows=1 stk_cd=NXT:051910_NX (NXT:code_NX)
2026-04-19 17:22:52.833 INFO Thread-1 (start_background_loop) chart_export: ka10080 request_until start stk_cd=051910_NX tic_scope=5 start_ymd=20260412
2026-04-19 17:22:53.256 INFO Thread-1 (start_background_loop) chart_export: ka10080 done stk_cd=051910_NX tic_scope=5 rows=900
2026-04-19 17:22:53.257 INFO Thread-1 (start_background_loop) chart_export: NXT volume merge source rows=900 stk_cd=051910_NX (code_NX)
2026-04-19 17:22:53.260 INFO Thread-1 (start_background_loop) chart_export: ka10080 volume = KRX/plain + NXT (summed trde_qty per cntr_tm)
2026-04-19 17:22:53.271 INFO Thread-1 (start_background_loop) chart_export: 5m datetime index +5m (bar end KST)
2026-04-19 17:22:53.272 INFO Thread-1 (start_background_loop) chart_export: 5m dataframe rows=389
2026-04-19 17:22:53.276 WARNING Thread-1 (start_background_loop) chart_export: volume=ka10080 raw (day 20260417 sum=242549 vs ka10059=188824; rel_err1=0.285 rel_err×1000=1283.524)
2026-04-19 17:22:53.283 INFO Thread-1 (start_background_loop) chart_export: 5m HTS-check 2026-04-17 14:20 volume_shares=1339
2026-04-19 17:22:53.285 INFO Thread-1 (start_background_loop) chart_export: 5m HTS-check 2026-04-17 14:25 volume_shares=1191
2026-04-19 17:22:53.287 INFO Thread-1 (start_background_loop) chart_export: 5m HTS-check 2026-04-17 14:30 volume_shares=1586
2026-04-19 17:22:53.296 INFO Thread-1 (start_background_loop) chart_export: build finished tf=min5 out_chars=37123
2026-04-19 17:59:24.022 INFO Thread-1 (start_background_loop) bot: starting (ticker=058470)
2026-04-19 17:59:26.026 INFO Thread-1 (start_background_loop) bot: connected
2026-04-19 17:59:26.028 INFO Thread-1 (start_background_loop) bot: run() active
2026-04-19 17:59:28.453 INFO Thread-1 (start_background_loop) ka90008: queued 2018 program history rows (date=20260419 stk=058470)
2026-04-19 17:59:28.652 INFO Thread-1 (start_background_loop) ka10014: queued 41 short-selling rows (20260218–20260419 stk=058470)
2026-04-19 17:59:28.732 INFO Thread-1 (start_background_loop) stream: REG attached (0B, 0F, 0w)
2026-04-19 17:59:29.434 INFO MainThread chart_export: UI click tf=min5 ticker=058470
2026-04-19 17:59:29.436 INFO Thread-1 (start_background_loop) chart_export: build start tf=min5 code=058470 end_ymd=20260419
2026-04-19 17:59:49.454 INFO Thread-1 (start_background_loop) chart_export: ka10059 done pages=61 investor_dates=6002 volume_dates=6002
2026-04-19 17:59:49.456 INFO Thread-1 (start_background_loop) chart_export: ka10080 request_until start stk_cd=058470 tic_scope=5 start_ymd=20260412
2026-04-19 17:59:49.912 INFO Thread-1 (start_background_loop) chart_export: ka10080 done stk_cd=058470 tic_scope=5 rows=900
2026-04-19 17:59:49.913 INFO Thread-1 (start_background_loop) chart_export: ka10080 request_until start stk_cd=NXT:058470_NX tic_scope=5 start_ymd=20260412
2026-04-19 17:59:50.249 INFO Thread-1 (start_background_loop) chart_export: ka10080 done stk_cd=NXT:058470_NX tic_scope=5 rows=1
2026-04-19 17:59:50.250 INFO Thread-1 (start_background_loop) chart_export: NXT skip (no mergeable rows) rows=1 stk_cd=NXT:058470_NX (NXT:code_NX)
2026-04-19 17:59:50.252 INFO Thread-1 (start_background_loop) chart_export: ka10080 request_until start stk_cd=058470_NX tic_scope=5 start_ymd=20260412
2026-04-19 17:59:50.701 INFO Thread-1 (start_background_loop) chart_export: ka10080 done stk_cd=058470_NX tic_scope=5 rows=900
2026-04-19 17:59:50.702 INFO Thread-1 (start_background_loop) chart_export: NXT volume merge source rows=900 stk_cd=058470_NX (code_NX)
2026-04-19 17:59:50.705 INFO Thread-1 (start_background_loop) chart_export: ka10080 volume = KRX/plain + NXT (summed trde_qty per cntr_tm)
2026-04-19 17:59:50.717 INFO Thread-1 (start_background_loop) chart_export: 5m datetime index +5m (bar end KST)
2026-04-19 17:59:50.717 INFO Thread-1 (start_background_loop) chart_export: 5m dataframe rows=389
2026-04-19 17:59:50.724 WARNING Thread-1 (start_background_loop) chart_export: volume=ka10080 raw (day 20260417 sum=625505 vs ka10059=436657; rel_err1=0.432 rel_err×1000=1431.486)
2026-04-19 17:59:50.731 INFO Thread-1 (start_background_loop) chart_export: 5m HTS-check 2026-04-17 14:20 volume_shares=7441
2026-04-19 17:59:50.733 INFO Thread-1 (start_background_loop) chart_export: 5m HTS-check 2026-04-17 14:25 volume_shares=5014
2026-04-19 17:59:50.736 INFO Thread-1 (start_background_loop) chart_export: 5m HTS-check 2026-04-17 14:30 volume_shares=3924
2026-04-19 17:59:50.746 INFO Thread-1 (start_background_loop) chart_export: build finished tf=min5 out_chars=37236
2026-04-19 18:04:48.258 ERROR Thread-1 (start_background_loop) ka10002 poll: 429, message='null', url='https://api.kiwoom.com/api/dostk/stkinfo'
Traceback (most recent call last):
  File "D:\auto_scraper_for_wealth\foreign_trend.py", line 808, in ka10002_poll_loop
    res = await bot.api.request(
          ^^^^^^^^^^^^^^^^^^^^^^
  File "D:\auto_scraper_for_wealth\myenv2\Lib\site-packages\kiwoom\http\client.py", line 228, in request
    res: Response = await self.post(endpoint, api_id, headers=headers, data=data)
                    ^^^^^^^^^^^^^^^^^^^^^^^^^^^^^^^^^^^^^^^^^^^^^^^^^^^^^^^^^^^^^
  File "D:\auto_scraper_for_wealth\myenv2\Lib\site-packages\kiwoom\http\debug.py", line 79, in wrapper
    res.raise_for_status()
  File "D:\auto_scraper_for_wealth\myenv2\Lib\site-packages\aiohttp\client_reqrep.py", line 636, in raise_for_status
    raise ClientResponseError(
aiohttp.client_exceptions.ClientResponseError: 429, message='null', url='https://api.kiwoom.com/api/dostk/stkinfo'
2026-04-20 11:31:25.533 INFO Thread-1 (start_background_loop) bot: starting (ticker=096770)
2026-04-20 11:31:26.902 INFO Thread-1 (start_background_loop) bot: connected
2026-04-20 11:31:26.928 INFO Thread-1 (start_background_loop) bot: run() active
2026-04-20 11:31:28.531 INFO Thread-1 (start_background_loop) ka90008: queued 1236 program history rows (date=20260420 stk=096770)
2026-04-20 11:31:28.732 INFO Thread-1 (start_background_loop) ka10014: queued 41 short-selling rows (20260219–20260420 stk=096770)
2026-04-20 11:31:28.816 INFO Thread-1 (start_background_loop) stream: REG attached (0B, 0F, 0w)
2026-04-20 11:31:32.925 INFO MainThread chart_export: UI click tf=min5 ticker=096770
2026-04-20 11:31:32.927 INFO Thread-1 (start_background_loop) chart_export: build start tf=min5 code=096770 end_ymd=20260420
2026-04-20 11:31:49.938 INFO Thread-1 (start_background_loop) chart_export: ka10059 done pages=47 investor_dates=4619 volume_dates=4619
2026-04-20 11:31:49.940 INFO Thread-1 (start_background_loop) chart_export: ka10080 request_until start stk_cd=096770 tic_scope=5 start_ymd=20260413
2026-04-20 11:31:50.358 INFO Thread-1 (start_background_loop) chart_export: ka10080 done stk_cd=096770 tic_scope=5 rows=900
2026-04-20 11:31:50.359 INFO Thread-1 (start_background_loop) chart_export: ka10080 request_until start stk_cd=NXT:096770_NX tic_scope=5 start_ymd=20260413
2026-04-20 11:31:50.776 INFO Thread-1 (start_background_loop) chart_export: ka10080 done stk_cd=NXT:096770_NX tic_scope=5 rows=1
2026-04-20 11:31:50.777 INFO Thread-1 (start_background_loop) chart_export: NXT skip (no mergeable rows) rows=1 stk_cd=NXT:096770_NX (NXT:code_NX)
2026-04-20 11:31:50.778 INFO Thread-1 (start_background_loop) chart_export: ka10080 request_until start stk_cd=096770_NX tic_scope=5 start_ymd=20260413
2026-04-20 11:31:51.181 INFO Thread-1 (start_background_loop) chart_export: ka10080 done stk_cd=096770_NX tic_scope=5 rows=900
2026-04-20 11:31:51.182 INFO Thread-1 (start_background_loop) chart_export: NXT volume merge source rows=900 stk_cd=096770_NX (code_NX)
2026-04-20 11:31:51.185 INFO Thread-1 (start_background_loop) chart_export: ka10080 volume = KRX/plain + NXT (summed trde_qty per cntr_tm)
2026-04-20 11:31:51.198 INFO Thread-1 (start_background_loop) chart_export: 5m datetime index +5m (bar end KST)
2026-04-20 11:31:51.199 INFO Thread-1 (start_background_loop) chart_export: 5m dataframe rows=421
2026-04-20 11:31:51.215 WARNING Thread-1 (start_background_loop) chart_export: volume=ka10080 raw (day 20260420 sum=261604 vs ka10059=165550; rel_err1=0.580 rel_err×1000=1579.211)
2026-04-20 11:31:51.241 INFO Thread-1 (start_background_loop) chart_export: build finished tf=min5 out_chars=40357
2026-04-20 11:36:16.035 WARNING MainThread stale: no 0B for 15s (last_0B=2026-04-20T02:36:01.031916+00:00 last_0F=2026-04-20T02:35:25.031424+00:00 gui_tick_q=0 gui_rank_q=0)
2026-04-20 11:39:55.622 WARNING MainThread stale: no 0B for 15s (last_0B=2026-04-20T02:39:40.617406+00:00 last_0F=2026-04-20T02:39:50.931867+00:00 gui_tick_q=0 gui_rank_q=0)
2026-04-20 11:48:56.626 WARNING MainThread stale: no 0B for 15s (last_0B=2026-04-20T02:48:41.622432+00:00 last_0F=2026-04-20T02:48:41.421649+00:00 gui_tick_q=0 gui_rank_q=0)
2026-04-20 11:51:46.951 INFO Thread-1 (start_background_loop) bot: starting (ticker=058470)
2026-04-20 11:51:48.198 INFO Thread-1 (start_background_loop) bot: connected
2026-04-20 11:51:48.198 INFO Thread-1 (start_background_loop) bot: run() active
2026-04-20 11:51:49.201 INFO Thread-1 (start_background_loop) ka90008: queued 878 program history rows (date=20260420 stk=058470)
2026-04-20 11:51:49.397 INFO Thread-1 (start_background_loop) ka10014: queued 41 short-selling rows (20260219–20260420 stk=058470)
2026-04-20 11:51:49.479 INFO Thread-1 (start_background_loop) stream: REG attached (0B, 0F, 0w)
2026-04-20 11:53:11.209 WARNING MainThread stale: no 0B for 15s (last_0B=2026-04-20T02:52:56.205787+00:00 last_0F=None gui_tick_q=0 gui_rank_q=0)
2026-04-20 11:57:57.405 WARNING MainThread stale: no 0B for 15s (last_0B=2026-04-20T02:57:42.404767+00:00 last_0F=2026-04-20T02:57:50.002566+00:00 gui_tick_q=0 gui_rank_q=0)
2026-04-20 12:07:48.504 WARNING MainThread stale: no 0B for 15s (last_0B=2026-04-20T03:07:33.502384+00:00 last_0F=2026-04-20T03:06:54.434324+00:00 gui_tick_q=0 gui_rank_q=0)
2026-04-20 12:18:59.589 WARNING MainThread stale: no 0B for 15s (last_0B=2026-04-20T03:18:44.585928+00:00 last_0F=2026-04-20T03:17:54.786093+00:00 gui_tick_q=0 gui_rank_q=0)
2026-04-20 13:05:51.815 ERROR Thread-1 (start_background_loop) ka10002 poll: Timeout on reading data from socket
Traceback (most recent call last):
  File "D:\auto_scraper_for_wealth\foreign_trend.py", line 808, in ka10002_poll_loop
    res = await bot.api.request(
          ^^^^^^^^^^^^^^^^^^^^^^
  File "D:\auto_scraper_for_wealth\myenv2\Lib\site-packages\kiwoom\http\client.py", line 228, in request
    res: Response = await self.post(endpoint, api_id, headers=headers, data=data)
                    ^^^^^^^^^^^^^^^^^^^^^^^^^^^^^^^^^^^^^^^^^^^^^^^^^^^^^^^^^^^^^
  File "D:\auto_scraper_for_wealth\myenv2\Lib\site-packages\kiwoom\http\debug.py", line 67, in wrapper
    res: ClientResponse = await fn(api, endpoint, api_id, headers, data)
                          ^^^^^^^^^^^^^^^^^^^^^^^^^^^^^^^^^^^^^^^^^^^^^^
  File "D:\auto_scraper_for_wealth\myenv2\Lib\site-packages\kiwoom\http\client.py", line 207, in post
    return await self._session.post(self.host + endpoint, headers=headers, json=data)
           ^^^^^^^^^^^^^^^^^^^^^^^^^^^^^^^^^^^^^^^^^^^^^^^^^^^^^^^^^^^^^^^^^^^^^^^^^^
  File "D:\auto_scraper_for_wealth\myenv2\Lib\site-packages\aiohttp\client.py", line 788, in _request
    resp = await handler(req)
           ^^^^^^^^^^^^^^^^^^
  File "D:\auto_scraper_for_wealth\myenv2\Lib\site-packages\aiohttp\client.py", line 766, in _connect_and_send_request
    await resp.start(conn)
  File "D:\auto_scraper_for_wealth\myenv2\Lib\site-packages\aiohttp\client_reqrep.py", line 539, in start
    message, payload = await protocol.read()  # type: ignore[union-attr]
                       ^^^^^^^^^^^^^^^^^^^^^
  File "D:\auto_scraper_for_wealth\myenv2\Lib\site-packages\aiohttp\streams.py", line 707, in read
    await self._waiter
aiohttp.client_exceptions.SocketTimeoutError: Timeout on reading data from socket
2026-04-20 13:06:01.822 WARNING MainThread stale: no 0B for 15s (last_0B=2026-04-20T04:05:46.813995+00:00 last_0F=2026-04-20T04:04:05.951977+00:00 gui_tick_q=0 gui_rank_q=0)
2026-04-20 13:06:08.595 ERROR Thread-1 (start_background_loop) ka10002 poll: 
Traceback (most recent call last):
  File "D:\auto_scraper_for_wealth\myenv2\Lib\site-packages\aiohttp\client.py", line 788, in _request
    resp = await handler(req)
           ^^^^^^^^^^^^^^^^^^
  File "D:\auto_scraper_for_wealth\myenv2\Lib\site-packages\aiohttp\client.py", line 742, in _connect_and_send_request
    conn = await self._connector.connect(
           ^^^^^^^^^^^^^^^^^^^^^^^^^^^^^^
  File "D:\auto_scraper_for_wealth\myenv2\Lib\site-packages\aiohttp\connector.py", line 672, in connect
    proto = await self._create_connection(req, traces, timeout)
            ^^^^^^^^^^^^^^^^^^^^^^^^^^^^^^^^^^^^^^^^^^^^^^^^^^^
  File "D:\auto_scraper_for_wealth\myenv2\Lib\site-packages\aiohttp\connector.py", line 1251, in _create_connection
    _, proto = await self._create_direct_connection(req, traces, timeout)
               ^^^^^^^^^^^^^^^^^^^^^^^^^^^^^^^^^^^^^^^^^^^^^^^^^^^^^^^^^^
  File "D:\auto_scraper_for_wealth\myenv2\Lib\site-packages\aiohttp\connector.py", line 1574, in _create_direct_connection
    hosts = await self._resolve_host(host, port, traces=traces)
            ^^^^^^^^^^^^^^^^^^^^^^^^^^^^^^^^^^^^^^^^^^^^^^^^^^^
  File "D:\auto_scraper_for_wealth\myenv2\Lib\site-packages\aiohttp\connector.py", line 1190, in _resolve_host
    return await asyncio.shield(resolved_host_task)
           ^^^^^^^^^^^^^^^^^^^^^^^^^^^^^^^^^^^^^^^^
asyncio.exceptions.CancelledError

The above exception was the direct cause of the following exception:

Traceback (most recent call last):
  File "D:\auto_scraper_for_wealth\foreign_trend.py", line 808, in ka10002_poll_loop
    res = await bot.api.request(
          ^^^^^^^^^^^^^^^^^^^^^^
  File "D:\auto_scraper_for_wealth\myenv2\Lib\site-packages\kiwoom\http\client.py", line 228, in request
    res: Response = await self.post(endpoint, api_id, headers=headers, data=data)
                    ^^^^^^^^^^^^^^^^^^^^^^^^^^^^^^^^^^^^^^^^^^^^^^^^^^^^^^^^^^^^^
  File "D:\auto_scraper_for_wealth\myenv2\Lib\site-packages\kiwoom\http\debug.py", line 67, in wrapper
    res: ClientResponse = await fn(api, endpoint, api_id, headers, data)
                          ^^^^^^^^^^^^^^^^^^^^^^^^^^^^^^^^^^^^^^^^^^^^^^
  File "D:\auto_scraper_for_wealth\myenv2\Lib\site-packages\kiwoom\http\client.py", line 207, in post
    return await self._session.post(self.host + endpoint, headers=headers, json=data)
           ^^^^^^^^^^^^^^^^^^^^^^^^^^^^^^^^^^^^^^^^^^^^^^^^^^^^^^^^^^^^^^^^^^^^^^^^^^
  File "D:\auto_scraper_for_wealth\myenv2\Lib\site-packages\aiohttp\client.py", line 632, in _request
    with timer:
  File "D:\auto_scraper_for_wealth\myenv2\Lib\site-packages\aiohttp\helpers.py", line 713, in __exit__
    raise asyncio.TimeoutError from exc_val
TimeoutError
2026-04-20 13:06:14.777 ERROR Thread-1 (start_background_loop) ka10002 poll: Cannot connect to host api.kiwoom.com:443 ssl:default [getaddrinfo failed]
Traceback (most recent call last):
  File "D:\auto_scraper_for_wealth\myenv2\Lib\site-packages\aiohttp\connector.py", line 1574, in _create_direct_connection
    hosts = await self._resolve_host(host, port, traces=traces)
            ^^^^^^^^^^^^^^^^^^^^^^^^^^^^^^^^^^^^^^^^^^^^^^^^^^^
  File "D:\auto_scraper_for_wealth\myenv2\Lib\site-packages\aiohttp\connector.py", line 1190, in _resolve_host
    return await asyncio.shield(resolved_host_task)
           ^^^^^^^^^^^^^^^^^^^^^^^^^^^^^^^^^^^^^^^^
  File "D:\auto_scraper_for_wealth\myenv2\Lib\site-packages\aiohttp\connector.py", line 1221, in _resolve_host_with_throttle
    addrs = await self._resolver.resolve(host, port, family=self._family)
            ^^^^^^^^^^^^^^^^^^^^^^^^^^^^^^^^^^^^^^^^^^^^^^^^^^^^^^^^^^^^^
  File "D:\auto_scraper_for_wealth\myenv2\Lib\site-packages\aiohttp\resolver.py", line 40, in resolve
    infos = await self._loop.getaddrinfo(
            ^^^^^^^^^^^^^^^^^^^^^^^^^^^^^
  File "C:\Users\koysr\AppData\Local\Programs\Python\Python311\Lib\asyncio\base_events.py", line 867, in getaddrinfo
    return await self.run_in_executor(
           ^^^^^^^^^^^^^^^^^^^^^^^^^^^
  File "C:\Users\koysr\AppData\Local\Programs\Python\Python311\Lib\concurrent\futures\thread.py", line 58, in run
    result = self.fn(*self.args, **self.kwargs)
             ^^^^^^^^^^^^^^^^^^^^^^^^^^^^^^^^^^
  File "C:\Users\koysr\AppData\Local\Programs\Python\Python311\Lib\socket.py", line 962, in getaddrinfo
    for res in _socket.getaddrinfo(host, port, family, type, proto, flags):
               ^^^^^^^^^^^^^^^^^^^^^^^^^^^^^^^^^^^^^^^^^^^^^^^^^^^^^^^^^^^
socket.gaierror: [Errno 11001] getaddrinfo failed

The above exception was the direct cause of the following exception:

Traceback (most recent call last):
  File "D:\auto_scraper_for_wealth\foreign_trend.py", line 808, in ka10002_poll_loop
    res = await bot.api.request(
          ^^^^^^^^^^^^^^^^^^^^^^
  File "D:\auto_scraper_for_wealth\myenv2\Lib\site-packages\kiwoom\http\client.py", line 228, in request
    res: Response = await self.post(endpoint, api_id, headers=headers, data=data)
                    ^^^^^^^^^^^^^^^^^^^^^^^^^^^^^^^^^^^^^^^^^^^^^^^^^^^^^^^^^^^^^
  File "D:\auto_scraper_for_wealth\myenv2\Lib\site-packages\kiwoom\http\debug.py", line 67, in wrapper
    res: ClientResponse = await fn(api, endpoint, api_id, headers, data)
                          ^^^^^^^^^^^^^^^^^^^^^^^^^^^^^^^^^^^^^^^^^^^^^^
  File "D:\auto_scraper_for_wealth\myenv2\Lib\site-packages\kiwoom\http\client.py", line 207, in post
    return await self._session.post(self.host + endpoint, headers=headers, json=data)
           ^^^^^^^^^^^^^^^^^^^^^^^^^^^^^^^^^^^^^^^^^^^^^^^^^^^^^^^^^^^^^^^^^^^^^^^^^^
  File "D:\auto_scraper_for_wealth\myenv2\Lib\site-packages\aiohttp\client.py", line 788, in _request
    resp = await handler(req)
           ^^^^^^^^^^^^^^^^^^
  File "D:\auto_scraper_for_wealth\myenv2\Lib\site-packages\aiohttp\client.py", line 742, in _connect_and_send_request
    conn = await self._connector.connect(
           ^^^^^^^^^^^^^^^^^^^^^^^^^^^^^^
  File "D:\auto_scraper_for_wealth\myenv2\Lib\site-packages\aiohttp\connector.py", line 672, in connect
    proto = await self._create_connection(req, traces, timeout)
            ^^^^^^^^^^^^^^^^^^^^^^^^^^^^^^^^^^^^^^^^^^^^^^^^^^^
  File "D:\auto_scraper_for_wealth\myenv2\Lib\site-packages\aiohttp\connector.py", line 1251, in _create_connection
    _, proto = await self._create_direct_connection(req, traces, timeout)
               ^^^^^^^^^^^^^^^^^^^^^^^^^^^^^^^^^^^^^^^^^^^^^^^^^^^^^^^^^^
  File "D:\auto_scraper_for_wealth\myenv2\Lib\site-packages\aiohttp\connector.py", line 1580, in _create_direct_connection
    raise ClientConnectorDNSError(req.connection_key, exc) from exc
aiohttp.client_exceptions.ClientConnectorDNSError: Cannot connect to host api.kiwoom.com:443 ssl:default [getaddrinfo failed]
2026-04-20 13:06:21.299 ERROR Thread-1 (start_background_loop) ka10002 poll: Cannot connect to host api.kiwoom.com:443 ssl:default [getaddrinfo failed]
Traceback (most recent call last):
  File "D:\auto_scraper_for_wealth\myenv2\Lib\site-packages\aiohttp\connector.py", line 1574, in _create_direct_connection
    hosts = await self._resolve_host(host, port, traces=traces)
            ^^^^^^^^^^^^^^^^^^^^^^^^^^^^^^^^^^^^^^^^^^^^^^^^^^^
  File "D:\auto_scraper_for_wealth\myenv2\Lib\site-packages\aiohttp\connector.py", line 1190, in _resolve_host
    return await asyncio.shield(resolved_host_task)
           ^^^^^^^^^^^^^^^^^^^^^^^^^^^^^^^^^^^^^^^^
  File "D:\auto_scraper_for_wealth\myenv2\Lib\site-packages\aiohttp\connector.py", line 1221, in _resolve_host_with_throttle
    addrs = await self._resolver.resolve(host, port, family=self._family)
            ^^^^^^^^^^^^^^^^^^^^^^^^^^^^^^^^^^^^^^^^^^^^^^^^^^^^^^^^^^^^^
  File "D:\auto_scraper_for_wealth\myenv2\Lib\site-packages\aiohttp\resolver.py", line 40, in resolve
    infos = await self._loop.getaddrinfo(
            ^^^^^^^^^^^^^^^^^^^^^^^^^^^^^
  File "C:\Users\koysr\AppData\Local\Programs\Python\Python311\Lib\asyncio\base_events.py", line 867, in getaddrinfo
    return await self.run_in_executor(
           ^^^^^^^^^^^^^^^^^^^^^^^^^^^
  File "C:\Users\koysr\AppData\Local\Programs\Python\Python311\Lib\concurrent\futures\thread.py", line 58, in run
    result = self.fn(*self.args, **self.kwargs)
             ^^^^^^^^^^^^^^^^^^^^^^^^^^^^^^^^^^
  File "C:\Users\koysr\AppData\Local\Programs\Python\Python311\Lib\socket.py", line 962, in getaddrinfo
    for res in _socket.getaddrinfo(host, port, family, type, proto, flags):
               ^^^^^^^^^^^^^^^^^^^^^^^^^^^^^^^^^^^^^^^^^^^^^^^^^^^^^^^^^^^
socket.gaierror: [Errno 11001] getaddrinfo failed

The above exception was the direct cause of the following exception:

Traceback (most recent call last):
  File "D:\auto_scraper_for_wealth\foreign_trend.py", line 808, in ka10002_poll_loop
    res = await bot.api.request(
          ^^^^^^^^^^^^^^^^^^^^^^
  File "D:\auto_scraper_for_wealth\myenv2\Lib\site-packages\kiwoom\http\client.py", line 228, in request
    res: Response = await self.post(endpoint, api_id, headers=headers, data=data)
                    ^^^^^^^^^^^^^^^^^^^^^^^^^^^^^^^^^^^^^^^^^^^^^^^^^^^^^^^^^^^^^
  File "D:\auto_scraper_for_wealth\myenv2\Lib\site-packages\kiwoom\http\debug.py", line 67, in wrapper
    res: ClientResponse = await fn(api, endpoint, api_id, headers, data)
                          ^^^^^^^^^^^^^^^^^^^^^^^^^^^^^^^^^^^^^^^^^^^^^^
  File "D:\auto_scraper_for_wealth\myenv2\Lib\site-packages\kiwoom\http\client.py", line 207, in post
    return await self._session.post(self.host + endpoint, headers=headers, json=data)
           ^^^^^^^^^^^^^^^^^^^^^^^^^^^^^^^^^^^^^^^^^^^^^^^^^^^^^^^^^^^^^^^^^^^^^^^^^^
  File "D:\auto_scraper_for_wealth\myenv2\Lib\site-packages\aiohttp\client.py", line 788, in _request
    resp = await handler(req)
           ^^^^^^^^^^^^^^^^^^
  File "D:\auto_scraper_for_wealth\myenv2\Lib\site-packages\aiohttp\client.py", line 742, in _connect_and_send_request
    conn = await self._connector.connect(
           ^^^^^^^^^^^^^^^^^^^^^^^^^^^^^^
  File "D:\auto_scraper_for_wealth\myenv2\Lib\site-packages\aiohttp\connector.py", line 672, in connect
    proto = await self._create_connection(req, traces, timeout)
            ^^^^^^^^^^^^^^^^^^^^^^^^^^^^^^^^^^^^^^^^^^^^^^^^^^^
  File "D:\auto_scraper_for_wealth\myenv2\Lib\site-packages\aiohttp\connector.py", line 1251, in _create_connection
    _, proto = await self._create_direct_connection(req, traces, timeout)
               ^^^^^^^^^^^^^^^^^^^^^^^^^^^^^^^^^^^^^^^^^^^^^^^^^^^^^^^^^^
  File "D:\auto_scraper_for_wealth\myenv2\Lib\site-packages\aiohttp\connector.py", line 1580, in _create_direct_connection
    raise ClientConnectorDNSError(req.connection_key, exc) from exc
aiohttp.client_exceptions.ClientConnectorDNSError: Cannot connect to host api.kiwoom.com:443 ssl:default [getaddrinfo failed]
2026-04-20 13:06:31.825 WARNING MainThread stale: no 0B for 45s (last_0B=2026-04-20T04:05:46.813995+00:00 last_0F=2026-04-20T04:04:05.951977+00:00 gui_tick_q=0 gui_rank_q=0)
2026-04-20 13:06:33.854 ERROR Thread-1 (start_background_loop) ka10002 poll: API.connect() takes from 1 to 2 positional arguments but 3 were given
Traceback (most recent call last):
  File "D:\auto_scraper_for_wealth\foreign_trend.py", line 808, in ka10002_poll_loop
    res = await bot.api.request(
          ^^^^^^^^^^^^^^^^^^^^^^
  File "D:\auto_scraper_for_wealth\myenv2\Lib\site-packages\kiwoom\http\client.py", line 239, in request
    await self.connect(self._appkey, self._secretkey)
          ^^^^^^^^^^^^^^^^^^^^^^^^^^^^^^^^^^^^^^^^^^^
TypeError: API.connect() takes from 1 to 2 positional arguments but 3 were given
2026-04-20 13:06:40.071 ERROR Thread-1 (start_background_loop) ka10002 poll: API.connect() takes from 1 to 2 positional arguments but 3 were given
Traceback (most recent call last):
  File "D:\auto_scraper_for_wealth\foreign_trend.py", line 808, in ka10002_poll_loop
    res = await bot.api.request(
          ^^^^^^^^^^^^^^^^^^^^^^
  File "D:\auto_scraper_for_wealth\myenv2\Lib\site-packages\kiwoom\http\client.py", line 239, in request
    await self.connect(self._appkey, self._secretkey)
          ^^^^^^^^^^^^^^^^^^^^^^^^^^^^^^^^^^^^^^^^^^^
TypeError: API.connect() takes from 1 to 2 positional arguments but 3 were given
2026-04-20 13:06:46.209 ERROR Thread-1 (start_background_loop) ka10002 poll: API.connect() takes from 1 to 2 positional arguments but 3 were given
Traceback (most recent call last):
  File "D:\auto_scraper_for_wealth\foreign_trend.py", line 808, in ka10002_poll_loop
    res = await bot.api.request(
          ^^^^^^^^^^^^^^^^^^^^^^
  File "D:\auto_scraper_for_wealth\myenv2\Lib\site-packages\kiwoom\http\client.py", line 239, in request
    await self.connect(self._appkey, self._secretkey)
          ^^^^^^^^^^^^^^^^^^^^^^^^^^^^^^^^^^^^^^^^^^^
TypeError: API.connect() takes from 1 to 2 positional arguments but 3 were given
2026-04-20 13:06:52.328 ERROR Thread-1 (start_background_loop) ka10002 poll: API.connect() takes from 1 to 2 positional arguments but 3 were given
Traceback (most recent call last):
  File "D:\auto_scraper_for_wealth\foreign_trend.py", line 808, in ka10002_poll_loop
    res = await bot.api.request(
          ^^^^^^^^^^^^^^^^^^^^^^
  File "D:\auto_scraper_for_wealth\myenv2\Lib\site-packages\kiwoom\http\client.py", line 239, in request
    await self.connect(self._appkey, self._secretkey)
          ^^^^^^^^^^^^^^^^^^^^^^^^^^^^^^^^^^^^^^^^^^^
TypeError: API.connect() takes from 1 to 2 positional arguments but 3 were given
2026-04-20 13:06:58.437 ERROR Thread-1 (start_background_loop) ka10002 poll: API.connect() takes from 1 to 2 positional arguments but 3 were given
Traceback (most recent call last):
  File "D:\auto_scraper_for_wealth\foreign_trend.py", line 808, in ka10002_poll_loop
    res = await bot.api.request(
          ^^^^^^^^^^^^^^^^^^^^^^
  File "D:\auto_scraper_for_wealth\myenv2\Lib\site-packages\kiwoom\http\client.py", line 239, in request
    await self.connect(self._appkey, self._secretkey)
          ^^^^^^^^^^^^^^^^^^^^^^^^^^^^^^^^^^^^^^^^^^^
TypeError: API.connect() takes from 1 to 2 positional arguments but 3 were given
2026-04-20 13:07:01.828 WARNING MainThread stale: no 0B for 75s (last_0B=2026-04-20T04:05:46.813995+00:00 last_0F=2026-04-20T04:04:05.951977+00:00 gui_tick_q=0 gui_rank_q=0)
2026-04-20 13:07:04.453 ERROR Thread-1 (start_background_loop) ka10002 poll: API.connect() takes from 1 to 2 positional arguments but 3 were given
Traceback (most recent call last):
  File "D:\auto_scraper_for_wealth\foreign_trend.py", line 808, in ka10002_poll_loop
    res = await bot.api.request(
          ^^^^^^^^^^^^^^^^^^^^^^
  File "D:\auto_scraper_for_wealth\myenv2\Lib\site-packages\kiwoom\http\client.py", line 239, in request
    await self.connect(self._appkey, self._secretkey)
          ^^^^^^^^^^^^^^^^^^^^^^^^^^^^^^^^^^^^^^^^^^^
TypeError: API.connect() takes from 1 to 2 positional arguments but 3 were given
2026-04-20 13:07:10.515 ERROR Thread-1 (start_background_loop) ka10002 poll: API.connect() takes from 1 to 2 positional arguments but 3 were given
Traceback (most recent call last):
  File "D:\auto_scraper_for_wealth\foreign_trend.py", line 808, in ka10002_poll_loop
    res = await bot.api.request(
          ^^^^^^^^^^^^^^^^^^^^^^
  File "D:\auto_scraper_for_wealth\myenv2\Lib\site-packages\kiwoom\http\client.py", line 239, in request
    await self.connect(self._appkey, self._secretkey)
          ^^^^^^^^^^^^^^^^^^^^^^^^^^^^^^^^^^^^^^^^^^^
TypeError: API.connect() takes from 1 to 2 positional arguments but 3 were given
2026-04-20 13:07:16.563 ERROR Thread-1 (start_background_loop) ka10002 poll: API.connect() takes from 1 to 2 positional arguments but 3 were given
Traceback (most recent call last):
  File "D:\auto_scraper_for_wealth\foreign_trend.py", line 808, in ka10002_poll_loop
    res = await bot.api.request(
          ^^^^^^^^^^^^^^^^^^^^^^
  File "D:\auto_scraper_for_wealth\myenv2\Lib\site-packages\kiwoom\http\client.py", line 239, in request
    await self.connect(self._appkey, self._secretkey)
          ^^^^^^^^^^^^^^^^^^^^^^^^^^^^^^^^^^^^^^^^^^^
TypeError: API.connect() takes from 1 to 2 positional arguments but 3 were given
2026-04-20 13:07:22.598 ERROR Thread-1 (start_background_loop) ka10002 poll: API.connect() takes from 1 to 2 positional arguments but 3 were given
Traceback (most recent call last):
  File "D:\auto_scraper_for_wealth\foreign_trend.py", line 808, in ka10002_poll_loop
    res = await bot.api.request(
          ^^^^^^^^^^^^^^^^^^^^^^
  File "D:\auto_scraper_for_wealth\myenv2\Lib\site-packages\kiwoom\http\client.py", line 239, in request
    await self.connect(self._appkey, self._secretkey)
          ^^^^^^^^^^^^^^^^^^^^^^^^^^^^^^^^^^^^^^^^^^^
TypeError: API.connect() takes from 1 to 2 positional arguments but 3 were given
2026-04-20 13:07:28.661 ERROR Thread-1 (start_background_loop) ka10002 poll: API.connect() takes from 1 to 2 positional arguments but 3 were given
Traceback (most recent call last):
  File "D:\auto_scraper_for_wealth\foreign_trend.py", line 808, in ka10002_poll_loop
    res = await bot.api.request(
          ^^^^^^^^^^^^^^^^^^^^^^
  File "D:\auto_scraper_for_wealth\myenv2\Lib\site-packages\kiwoom\http\client.py", line 239, in request
    await self.connect(self._appkey, self._secretkey)
          ^^^^^^^^^^^^^^^^^^^^^^^^^^^^^^^^^^^^^^^^^^^
TypeError: API.connect() takes from 1 to 2 positional arguments but 3 were given
2026-04-20 13:07:31.832 WARNING MainThread stale: no 0B for 105s (last_0B=2026-04-20T04:05:46.813995+00:00 last_0F=2026-04-20T04:04:05.951977+00:00 gui_tick_q=0 gui_rank_q=0)
2026-04-20 13:07:34.672 ERROR Thread-1 (start_background_loop) ka10002 poll: API.connect() takes from 1 to 2 positional arguments but 3 were given
Traceback (most recent call last):
  File "D:\auto_scraper_for_wealth\foreign_trend.py", line 808, in ka10002_poll_loop
    res = await bot.api.request(
          ^^^^^^^^^^^^^^^^^^^^^^
  File "D:\auto_scraper_for_wealth\myenv2\Lib\site-packages\kiwoom\http\client.py", line 239, in request
    await self.connect(self._appkey, self._secretkey)
          ^^^^^^^^^^^^^^^^^^^^^^^^^^^^^^^^^^^^^^^^^^^
TypeError: API.connect() takes from 1 to 2 positional arguments but 3 were given
2026-04-20 13:07:40.698 ERROR Thread-1 (start_background_loop) ka10002 poll: API.connect() takes from 1 to 2 positional arguments but 3 were given
Traceback (most recent call last):
  File "D:\auto_scraper_for_wealth\foreign_trend.py", line 808, in ka10002_poll_loop
    res = await bot.api.request(
          ^^^^^^^^^^^^^^^^^^^^^^
  File "D:\auto_scraper_for_wealth\myenv2\Lib\site-packages\kiwoom\http\client.py", line 239, in request
    await self.connect(self._appkey, self._secretkey)
          ^^^^^^^^^^^^^^^^^^^^^^^^^^^^^^^^^^^^^^^^^^^
TypeError: API.connect() takes from 1 to 2 positional arguments but 3 were given
2026-04-20 13:07:46.729 ERROR Thread-1 (start_background_loop) ka10002 poll: API.connect() takes from 1 to 2 positional arguments but 3 were given
Traceback (most recent call last):
  File "D:\auto_scraper_for_wealth\foreign_trend.py", line 808, in ka10002_poll_loop
    res = await bot.api.request(
          ^^^^^^^^^^^^^^^^^^^^^^
  File "D:\auto_scraper_for_wealth\myenv2\Lib\site-packages\kiwoom\http\client.py", line 239, in request
    await self.connect(self._appkey, self._secretkey)
          ^^^^^^^^^^^^^^^^^^^^^^^^^^^^^^^^^^^^^^^^^^^
TypeError: API.connect() takes from 1 to 2 positional arguments but 3 were given
2026-04-20 13:07:52.750 ERROR Thread-1 (start_background_loop) ka10002 poll: API.connect() takes from 1 to 2 positional arguments but 3 were given
Traceback (most recent call last):
  File "D:\auto_scraper_for_wealth\foreign_trend.py", line 808, in ka10002_poll_loop
    res = await bot.api.request(
          ^^^^^^^^^^^^^^^^^^^^^^
  File "D:\auto_scraper_for_wealth\myenv2\Lib\site-packages\kiwoom\http\client.py", line 239, in request
    await self.connect(self._appkey, self._secretkey)
          ^^^^^^^^^^^^^^^^^^^^^^^^^^^^^^^^^^^^^^^^^^^
TypeError: API.connect() takes from 1 to 2 positional arguments but 3 were given
2026-04-20 13:07:58.779 ERROR Thread-1 (start_background_loop) ka10002 poll: API.connect() takes from 1 to 2 positional arguments but 3 were given
Traceback (most recent call last):
  File "D:\auto_scraper_for_wealth\foreign_trend.py", line 808, in ka10002_poll_loop
    res = await bot.api.request(
          ^^^^^^^^^^^^^^^^^^^^^^
  File "D:\auto_scraper_for_wealth\myenv2\Lib\site-packages\kiwoom\http\client.py", line 239, in request
    await self.connect(self._appkey, self._secretkey)
          ^^^^^^^^^^^^^^^^^^^^^^^^^^^^^^^^^^^^^^^^^^^
TypeError: API.connect() takes from 1 to 2 positional arguments but 3 were given
2026-04-20 13:08:01.838 WARNING MainThread stale: no 0B for 135s (last_0B=2026-04-20T04:05:46.813995+00:00 last_0F=2026-04-20T04:04:05.951977+00:00 gui_tick_q=0 gui_rank_q=0)
2026-04-20 13:08:04.810 ERROR Thread-1 (start_background_loop) ka10002 poll: API.connect() takes from 1 to 2 positional arguments but 3 were given
Traceback (most recent call last):
  File "D:\auto_scraper_for_wealth\foreign_trend.py", line 808, in ka10002_poll_loop
    res = await bot.api.request(
          ^^^^^^^^^^^^^^^^^^^^^^
  File "D:\auto_scraper_for_wealth\myenv2\Lib\site-packages\kiwoom\http\client.py", line 239, in request
    await self.connect(self._appkey, self._secretkey)
          ^^^^^^^^^^^^^^^^^^^^^^^^^^^^^^^^^^^^^^^^^^^
TypeError: API.connect() takes from 1 to 2 positional arguments but 3 were given
2026-04-20 13:08:10.845 ERROR Thread-1 (start_background_loop) ka10002 poll: API.connect() takes from 1 to 2 positional arguments but 3 were given
Traceback (most recent call last):
  File "D:\auto_scraper_for_wealth\foreign_trend.py", line 808, in ka10002_poll_loop
    res = await bot.api.request(
          ^^^^^^^^^^^^^^^^^^^^^^
  File "D:\auto_scraper_for_wealth\myenv2\Lib\site-packages\kiwoom\http\client.py", line 239, in request
    await self.connect(self._appkey, self._secretkey)
          ^^^^^^^^^^^^^^^^^^^^^^^^^^^^^^^^^^^^^^^^^^^
TypeError: API.connect() takes from 1 to 2 positional arguments but 3 were given
2026-04-20 13:08:16.865 ERROR Thread-1 (start_background_loop) ka10002 poll: API.connect() takes from 1 to 2 positional arguments but 3 were given
Traceback (most recent call last):
  File "D:\auto_scraper_for_wealth\foreign_trend.py", line 808, in ka10002_poll_loop
    res = await bot.api.request(
          ^^^^^^^^^^^^^^^^^^^^^^
  File "D:\auto_scraper_for_wealth\myenv2\Lib\site-packages\kiwoom\http\client.py", line 239, in request
    await self.connect(self._appkey, self._secretkey)
          ^^^^^^^^^^^^^^^^^^^^^^^^^^^^^^^^^^^^^^^^^^^
TypeError: API.connect() takes from 1 to 2 positional arguments but 3 were given
2026-04-20 13:08:22.887 ERROR Thread-1 (start_background_loop) ka10002 poll: API.connect() takes from 1 to 2 positional arguments but 3 were given
Traceback (most recent call last):
  File "D:\auto_scraper_for_wealth\foreign_trend.py", line 808, in ka10002_poll_loop
    res = await bot.api.request(
          ^^^^^^^^^^^^^^^^^^^^^^
  File "D:\auto_scraper_for_wealth\myenv2\Lib\site-packages\kiwoom\http\client.py", line 239, in request
    await self.connect(self._appkey, self._secretkey)
          ^^^^^^^^^^^^^^^^^^^^^^^^^^^^^^^^^^^^^^^^^^^
TypeError: API.connect() takes from 1 to 2 positional arguments but 3 were given
2026-04-20 13:08:28.923 ERROR Thread-1 (start_background_loop) ka10002 poll: API.connect() takes from 1 to 2 positional arguments but 3 were given
Traceback (most recent call last):
  File "D:\auto_scraper_for_wealth\foreign_trend.py", line 808, in ka10002_poll_loop
    res = await bot.api.request(
          ^^^^^^^^^^^^^^^^^^^^^^
  File "D:\auto_scraper_for_wealth\myenv2\Lib\site-packages\kiwoom\http\client.py", line 239, in request
    await self.connect(self._appkey, self._secretkey)
          ^^^^^^^^^^^^^^^^^^^^^^^^^^^^^^^^^^^^^^^^^^^
TypeError: API.connect() takes from 1 to 2 positional arguments but 3 were given
2026-04-20 13:08:31.854 WARNING MainThread stale: no 0B for 165s (last_0B=2026-04-20T04:05:46.813995+00:00 last_0F=2026-04-20T04:04:05.951977+00:00 gui_tick_q=0 gui_rank_q=0)
2026-04-20 13:08:34.957 ERROR Thread-1 (start_background_loop) ka10002 poll: API.connect() takes from 1 to 2 positional arguments but 3 were given
Traceback (most recent call last):
  File "D:\auto_scraper_for_wealth\foreign_trend.py", line 808, in ka10002_poll_loop
    res = await bot.api.request(
          ^^^^^^^^^^^^^^^^^^^^^^
  File "D:\auto_scraper_for_wealth\myenv2\Lib\site-packages\kiwoom\http\client.py", line 239, in request
    await self.connect(self._appkey, self._secretkey)
          ^^^^^^^^^^^^^^^^^^^^^^^^^^^^^^^^^^^^^^^^^^^
TypeError: API.connect() takes from 1 to 2 positional arguments but 3 were given
2026-04-20 13:08:40.984 ERROR Thread-1 (start_background_loop) ka10002 poll: API.connect() takes from 1 to 2 positional arguments but 3 were given
Traceback (most recent call last):
  File "D:\auto_scraper_for_wealth\foreign_trend.py", line 808, in ka10002_poll_loop
    res = await bot.api.request(
          ^^^^^^^^^^^^^^^^^^^^^^
  File "D:\auto_scraper_for_wealth\myenv2\Lib\site-packages\kiwoom\http\client.py", line 239, in request
    await self.connect(self._appkey, self._secretkey)
          ^^^^^^^^^^^^^^^^^^^^^^^^^^^^^^^^^^^^^^^^^^^
TypeError: API.connect() takes from 1 to 2 positional arguments but 3 were given
2026-04-20 13:08:47.044 ERROR Thread-1 (start_background_loop) ka10002 poll: API.connect() takes from 1 to 2 positional arguments but 3 were given
Traceback (most recent call last):
  File "D:\auto_scraper_for_wealth\foreign_trend.py", line 808, in ka10002_poll_loop
    res = await bot.api.request(
          ^^^^^^^^^^^^^^^^^^^^^^
  File "D:\auto_scraper_for_wealth\myenv2\Lib\site-packages\kiwoom\http\client.py", line 239, in request
    await self.connect(self._appkey, self._secretkey)
          ^^^^^^^^^^^^^^^^^^^^^^^^^^^^^^^^^^^^^^^^^^^
TypeError: API.connect() takes from 1 to 2 positional arguments but 3 were given
2026-04-20 13:08:53.131 ERROR Thread-1 (start_background_loop) ka10002 poll: API.connect() takes from 1 to 2 positional arguments but 3 were given
Traceback (most recent call last):
  File "D:\auto_scraper_for_wealth\foreign_trend.py", line 808, in ka10002_poll_loop
    res = await bot.api.request(
          ^^^^^^^^^^^^^^^^^^^^^^
  File "D:\auto_scraper_for_wealth\myenv2\Lib\site-packages\kiwoom\http\client.py", line 239, in request
    await self.connect(self._appkey, self._secretkey)
          ^^^^^^^^^^^^^^^^^^^^^^^^^^^^^^^^^^^^^^^^^^^
TypeError: API.connect() takes from 1 to 2 positional arguments but 3 were given
2026-04-20 13:08:59.153 ERROR Thread-1 (start_background_loop) ka10002 poll: API.connect() takes from 1 to 2 positional arguments but 3 were given
Traceback (most recent call last):
  File "D:\auto_scraper_for_wealth\foreign_trend.py", line 808, in ka10002_poll_loop
    res = await bot.api.request(
          ^^^^^^^^^^^^^^^^^^^^^^
  File "D:\auto_scraper_for_wealth\myenv2\Lib\site-packages\kiwoom\http\client.py", line 239, in request
    await self.connect(self._appkey, self._secretkey)
          ^^^^^^^^^^^^^^^^^^^^^^^^^^^^^^^^^^^^^^^^^^^
TypeError: API.connect() takes from 1 to 2 positional arguments but 3 were given
2026-04-20 13:09:01.858 WARNING MainThread stale: no 0B for 195s (last_0B=2026-04-20T04:05:46.813995+00:00 last_0F=2026-04-20T04:04:05.951977+00:00 gui_tick_q=0 gui_rank_q=0)
2026-04-20 13:09:05.183 ERROR Thread-1 (start_background_loop) ka10002 poll: API.connect() takes from 1 to 2 positional arguments but 3 were given
Traceback (most recent call last):
  File "D:\auto_scraper_for_wealth\foreign_trend.py", line 808, in ka10002_poll_loop
    res = await bot.api.request(
          ^^^^^^^^^^^^^^^^^^^^^^
  File "D:\auto_scraper_for_wealth\myenv2\Lib\site-packages\kiwoom\http\client.py", line 239, in request
    await self.connect(self._appkey, self._secretkey)
          ^^^^^^^^^^^^^^^^^^^^^^^^^^^^^^^^^^^^^^^^^^^
TypeError: API.connect() takes from 1 to 2 positional arguments but 3 were given
2026-04-20 13:09:11.179 ERROR Thread-1 (start_background_loop) ka10002 poll: API.connect() takes from 1 to 2 positional arguments but 3 were given
Traceback (most recent call last):
  File "D:\auto_scraper_for_wealth\foreign_trend.py", line 808, in ka10002_poll_loop
    res = await bot.api.request(
          ^^^^^^^^^^^^^^^^^^^^^^
  File "D:\auto_scraper_for_wealth\myenv2\Lib\site-packages\kiwoom\http\client.py", line 239, in request
    await self.connect(self._appkey, self._secretkey)
          ^^^^^^^^^^^^^^^^^^^^^^^^^^^^^^^^^^^^^^^^^^^
TypeError: API.connect() takes from 1 to 2 positional arguments but 3 were given
2026-04-20 13:09:17.331 ERROR Thread-1 (start_background_loop) ka10002 poll: API.connect() takes from 1 to 2 positional arguments but 3 were given
Traceback (most recent call last):
  File "D:\auto_scraper_for_wealth\foreign_trend.py", line 808, in ka10002_poll_loop
    res = await bot.api.request(
          ^^^^^^^^^^^^^^^^^^^^^^
  File "D:\auto_scraper_for_wealth\myenv2\Lib\site-packages\kiwoom\http\client.py", line 239, in request
    await self.connect(self._appkey, self._secretkey)
          ^^^^^^^^^^^^^^^^^^^^^^^^^^^^^^^^^^^^^^^^^^^
TypeError: API.connect() takes from 1 to 2 positional arguments but 3 were given
2026-04-20 13:09:23.413 ERROR Thread-1 (start_background_loop) ka10002 poll: API.connect() takes from 1 to 2 positional arguments but 3 were given
Traceback (most recent call last):
  File "D:\auto_scraper_for_wealth\foreign_trend.py", line 808, in ka10002_poll_loop
    res = await bot.api.request(
          ^^^^^^^^^^^^^^^^^^^^^^
  File "D:\auto_scraper_for_wealth\myenv2\Lib\site-packages\kiwoom\http\client.py", line 239, in request
    await self.connect(self._appkey, self._secretkey)
          ^^^^^^^^^^^^^^^^^^^^^^^^^^^^^^^^^^^^^^^^^^^
TypeError: API.connect() takes from 1 to 2 positional arguments but 3 were given
2026-04-20 13:09:29.451 ERROR Thread-1 (start_background_loop) ka10002 poll: API.connect() takes from 1 to 2 positional arguments but 3 were given
Traceback (most recent call last):
  File "D:\auto_scraper_for_wealth\foreign_trend.py", line 808, in ka10002_poll_loop
    res = await bot.api.request(
          ^^^^^^^^^^^^^^^^^^^^^^
  File "D:\auto_scraper_for_wealth\myenv2\Lib\site-packages\kiwoom\http\client.py", line 239, in request
    await self.connect(self._appkey, self._secretkey)
          ^^^^^^^^^^^^^^^^^^^^^^^^^^^^^^^^^^^^^^^^^^^
TypeError: API.connect() takes from 1 to 2 positional arguments but 3 were given
2026-04-20 13:09:31.863 WARNING MainThread stale: no 0B for 225s (last_0B=2026-04-20T04:05:46.813995+00:00 last_0F=2026-04-20T04:04:05.951977+00:00 gui_tick_q=0 gui_rank_q=0)
2026-04-20 13:09:35.492 ERROR Thread-1 (start_background_loop) ka10002 poll: API.connect() takes from 1 to 2 positional arguments but 3 were given
Traceback (most recent call last):
  File "D:\auto_scraper_for_wealth\foreign_trend.py", line 808, in ka10002_poll_loop
    res = await bot.api.request(
          ^^^^^^^^^^^^^^^^^^^^^^
  File "D:\auto_scraper_for_wealth\myenv2\Lib\site-packages\kiwoom\http\client.py", line 239, in request
    await self.connect(self._appkey, self._secretkey)
          ^^^^^^^^^^^^^^^^^^^^^^^^^^^^^^^^^^^^^^^^^^^
TypeError: API.connect() takes from 1 to 2 positional arguments but 3 were given
2026-04-20 13:09:41.537 ERROR Thread-1 (start_background_loop) ka10002 poll: API.connect() takes from 1 to 2 positional arguments but 3 were given
Traceback (most recent call last):
  File "D:\auto_scraper_for_wealth\foreign_trend.py", line 808, in ka10002_poll_loop
    res = await bot.api.request(
          ^^^^^^^^^^^^^^^^^^^^^^
  File "D:\auto_scraper_for_wealth\myenv2\Lib\site-packages\kiwoom\http\client.py", line 239, in request
    await self.connect(self._appkey, self._secretkey)
          ^^^^^^^^^^^^^^^^^^^^^^^^^^^^^^^^^^^^^^^^^^^
TypeError: API.connect() takes from 1 to 2 positional arguments but 3 were given
2026-04-20 13:09:47.554 ERROR Thread-1 (start_background_loop) ka10002 poll: API.connect() takes from 1 to 2 positional arguments but 3 were given
Traceback (most recent call last):
  File "D:\auto_scraper_for_wealth\foreign_trend.py", line 808, in ka10002_poll_loop
    res = await bot.api.request(
          ^^^^^^^^^^^^^^^^^^^^^^
  File "D:\auto_scraper_for_wealth\myenv2\Lib\site-packages\kiwoom\http\client.py", line 239, in request
    await self.connect(self._appkey, self._secretkey)
          ^^^^^^^^^^^^^^^^^^^^^^^^^^^^^^^^^^^^^^^^^^^
TypeError: API.connect() takes from 1 to 2 positional arguments but 3 were given
2026-04-20 13:09:53.590 ERROR Thread-1 (start_background_loop) ka10002 poll: API.connect() takes from 1 to 2 positional arguments but 3 were given
Traceback (most recent call last):
  File "D:\auto_scraper_for_wealth\foreign_trend.py", line 808, in ka10002_poll_loop
    res = await bot.api.request(
          ^^^^^^^^^^^^^^^^^^^^^^
  File "D:\auto_scraper_for_wealth\myenv2\Lib\site-packages\kiwoom\http\client.py", line 239, in request
    await self.connect(self._appkey, self._secretkey)
          ^^^^^^^^^^^^^^^^^^^^^^^^^^^^^^^^^^^^^^^^^^^
TypeError: API.connect() takes from 1 to 2 positional arguments but 3 were given
2026-04-20 13:09:59.630 ERROR Thread-1 (start_background_loop) ka10002 poll: API.connect() takes from 1 to 2 positional arguments but 3 were given
Traceback (most recent call last):
  File "D:\auto_scraper_for_wealth\foreign_trend.py", line 808, in ka10002_poll_loop
    res = await bot.api.request(
          ^^^^^^^^^^^^^^^^^^^^^^
  File "D:\auto_scraper_for_wealth\myenv2\Lib\site-packages\kiwoom\http\client.py", line 239, in request
    await self.connect(self._appkey, self._secretkey)
          ^^^^^^^^^^^^^^^^^^^^^^^^^^^^^^^^^^^^^^^^^^^
TypeError: API.connect() takes from 1 to 2 positional arguments but 3 were given
2026-04-20 13:10:01.866 WARNING MainThread stale: no 0B for 255s (last_0B=2026-04-20T04:05:46.813995+00:00 last_0F=2026-04-20T04:04:05.951977+00:00 gui_tick_q=0 gui_rank_q=0)
2026-04-20 13:10:05.663 ERROR Thread-1 (start_background_loop) ka10002 poll: API.connect() takes from 1 to 2 positional arguments but 3 were given
Traceback (most recent call last):
  File "D:\auto_scraper_for_wealth\foreign_trend.py", line 808, in ka10002_poll_loop
    res = await bot.api.request(
          ^^^^^^^^^^^^^^^^^^^^^^
  File "D:\auto_scraper_for_wealth\myenv2\Lib\site-packages\kiwoom\http\client.py", line 239, in request
    await self.connect(self._appkey, self._secretkey)
          ^^^^^^^^^^^^^^^^^^^^^^^^^^^^^^^^^^^^^^^^^^^
TypeError: API.connect() takes from 1 to 2 positional arguments but 3 were given
2026-04-20 13:10:11.683 ERROR Thread-1 (start_background_loop) ka10002 poll: API.connect() takes from 1 to 2 positional arguments but 3 were given
Traceback (most recent call last):
  File "D:\auto_scraper_for_wealth\foreign_trend.py", line 808, in ka10002_poll_loop
    res = await bot.api.request(
          ^^^^^^^^^^^^^^^^^^^^^^
  File "D:\auto_scraper_for_wealth\myenv2\Lib\site-packages\kiwoom\http\client.py", line 239, in request
    await self.connect(self._appkey, self._secretkey)
          ^^^^^^^^^^^^^^^^^^^^^^^^^^^^^^^^^^^^^^^^^^^
TypeError: API.connect() takes from 1 to 2 positional arguments but 3 were given
2026-04-20 13:10:17.744 ERROR Thread-1 (start_background_loop) ka10002 poll: API.connect() takes from 1 to 2 positional arguments but 3 were given
Traceback (most recent call last):
  File "D:\auto_scraper_for_wealth\foreign_trend.py", line 808, in ka10002_poll_loop
    res = await bot.api.request(
          ^^^^^^^^^^^^^^^^^^^^^^
  File "D:\auto_scraper_for_wealth\myenv2\Lib\site-packages\kiwoom\http\client.py", line 239, in request
    await self.connect(self._appkey, self._secretkey)
          ^^^^^^^^^^^^^^^^^^^^^^^^^^^^^^^^^^^^^^^^^^^
TypeError: API.connect() takes from 1 to 2 positional arguments but 3 were given
2026-04-20 13:10:23.770 ERROR Thread-1 (start_background_loop) ka10002 poll: API.connect() takes from 1 to 2 positional arguments but 3 were given
Traceback (most recent call last):
  File "D:\auto_scraper_for_wealth\foreign_trend.py", line 808, in ka10002_poll_loop
    res = await bot.api.request(
          ^^^^^^^^^^^^^^^^^^^^^^
  File "D:\auto_scraper_for_wealth\myenv2\Lib\site-packages\kiwoom\http\client.py", line 239, in request
    await self.connect(self._appkey, self._secretkey)
          ^^^^^^^^^^^^^^^^^^^^^^^^^^^^^^^^^^^^^^^^^^^
TypeError: API.connect() takes from 1 to 2 positional arguments but 3 were given
2026-04-20 13:10:29.814 ERROR Thread-1 (start_background_loop) ka10002 poll: API.connect() takes from 1 to 2 positional arguments but 3 were given
Traceback (most recent call last):
  File "D:\auto_scraper_for_wealth\foreign_trend.py", line 808, in ka10002_poll_loop
    res = await bot.api.request(
          ^^^^^^^^^^^^^^^^^^^^^^
  File "D:\auto_scraper_for_wealth\myenv2\Lib\site-packages\kiwoom\http\client.py", line 239, in request
    await self.connect(self._appkey, self._secretkey)
          ^^^^^^^^^^^^^^^^^^^^^^^^^^^^^^^^^^^^^^^^^^^
TypeError: API.connect() takes from 1 to 2 positional arguments but 3 were given
2026-04-20 13:10:31.874 WARNING MainThread stale: no 0B for 285s (last_0B=2026-04-20T04:05:46.813995+00:00 last_0F=2026-04-20T04:04:05.951977+00:00 gui_tick_q=0 gui_rank_q=0)
2026-04-20 13:10:35.853 ERROR Thread-1 (start_background_loop) ka10002 poll: API.connect() takes from 1 to 2 positional arguments but 3 were given
Traceback (most recent call last):
  File "D:\auto_scraper_for_wealth\foreign_trend.py", line 808, in ka10002_poll_loop
    res = await bot.api.request(
          ^^^^^^^^^^^^^^^^^^^^^^
  File "D:\auto_scraper_for_wealth\myenv2\Lib\site-packages\kiwoom\http\client.py", line 239, in request
    await self.connect(self._appkey, self._secretkey)
          ^^^^^^^^^^^^^^^^^^^^^^^^^^^^^^^^^^^^^^^^^^^
TypeError: API.connect() takes from 1 to 2 positional arguments but 3 were given
2026-04-20 13:10:41.882 ERROR Thread-1 (start_background_loop) ka10002 poll: API.connect() takes from 1 to 2 positional arguments but 3 were given
Traceback (most recent call last):
  File "D:\auto_scraper_for_wealth\foreign_trend.py", line 808, in ka10002_poll_loop
    res = await bot.api.request(
          ^^^^^^^^^^^^^^^^^^^^^^
  File "D:\auto_scraper_for_wealth\myenv2\Lib\site-packages\kiwoom\http\client.py", line 239, in request
    await self.connect(self._appkey, self._secretkey)
          ^^^^^^^^^^^^^^^^^^^^^^^^^^^^^^^^^^^^^^^^^^^
TypeError: API.connect() takes from 1 to 2 positional arguments but 3 were given
2026-04-20 13:10:47.979 ERROR Thread-1 (start_background_loop) ka10002 poll: API.connect() takes from 1 to 2 positional arguments but 3 were given
Traceback (most recent call last):
  File "D:\auto_scraper_for_wealth\foreign_trend.py", line 808, in ka10002_poll_loop
    res = await bot.api.request(
          ^^^^^^^^^^^^^^^^^^^^^^
  File "D:\auto_scraper_for_wealth\myenv2\Lib\site-packages\kiwoom\http\client.py", line 239, in request
    await self.connect(self._appkey, self._secretkey)
          ^^^^^^^^^^^^^^^^^^^^^^^^^^^^^^^^^^^^^^^^^^^
TypeError: API.connect() takes from 1 to 2 positional arguments but 3 were given
2026-04-20 13:10:54.036 ERROR Thread-1 (start_background_loop) ka10002 poll: API.connect() takes from 1 to 2 positional arguments but 3 were given
Traceback (most recent call last):
  File "D:\auto_scraper_for_wealth\foreign_trend.py", line 808, in ka10002_poll_loop
    res = await bot.api.request(
          ^^^^^^^^^^^^^^^^^^^^^^
  File "D:\auto_scraper_for_wealth\myenv2\Lib\site-packages\kiwoom\http\client.py", line 239, in request
    await self.connect(self._appkey, self._secretkey)
          ^^^^^^^^^^^^^^^^^^^^^^^^^^^^^^^^^^^^^^^^^^^
TypeError: API.connect() takes from 1 to 2 positional arguments but 3 were given
2026-04-20 13:11:00.066 ERROR Thread-1 (start_background_loop) ka10002 poll: API.connect() takes from 1 to 2 positional arguments but 3 were given
Traceback (most recent call last):
  File "D:\auto_scraper_for_wealth\foreign_trend.py", line 808, in ka10002_poll_loop
    res = await bot.api.request(
          ^^^^^^^^^^^^^^^^^^^^^^
  File "D:\auto_scraper_for_wealth\myenv2\Lib\site-packages\kiwoom\http\client.py", line 239, in request
    await self.connect(self._appkey, self._secretkey)
          ^^^^^^^^^^^^^^^^^^^^^^^^^^^^^^^^^^^^^^^^^^^
TypeError: API.connect() takes from 1 to 2 positional arguments but 3 were given
2026-04-20 13:11:01.887 WARNING MainThread stale: no 0B for 315s (last_0B=2026-04-20T04:05:46.813995+00:00 last_0F=2026-04-20T04:04:05.951977+00:00 gui_tick_q=0 gui_rank_q=0)
2026-04-20 13:11:06.112 ERROR Thread-1 (start_background_loop) ka10002 poll: API.connect() takes from 1 to 2 positional arguments but 3 were given
Traceback (most recent call last):
  File "D:\auto_scraper_for_wealth\foreign_trend.py", line 808, in ka10002_poll_loop
    res = await bot.api.request(
          ^^^^^^^^^^^^^^^^^^^^^^
  File "D:\auto_scraper_for_wealth\myenv2\Lib\site-packages\kiwoom\http\client.py", line 239, in request
    await self.connect(self._appkey, self._secretkey)
          ^^^^^^^^^^^^^^^^^^^^^^^^^^^^^^^^^^^^^^^^^^^
TypeError: API.connect() takes from 1 to 2 positional arguments but 3 were given
2026-04-20 13:11:12.138 ERROR Thread-1 (start_background_loop) ka10002 poll: API.connect() takes from 1 to 2 positional arguments but 3 were given
Traceback (most recent call last):
  File "D:\auto_scraper_for_wealth\foreign_trend.py", line 808, in ka10002_poll_loop
    res = await bot.api.request(
          ^^^^^^^^^^^^^^^^^^^^^^
  File "D:\auto_scraper_for_wealth\myenv2\Lib\site-packages\kiwoom\http\client.py", line 239, in request
    await self.connect(self._appkey, self._secretkey)
          ^^^^^^^^^^^^^^^^^^^^^^^^^^^^^^^^^^^^^^^^^^^
TypeError: API.connect() takes from 1 to 2 positional arguments but 3 were given
2026-04-20 13:11:18.189 ERROR Thread-1 (start_background_loop) ka10002 poll: API.connect() takes from 1 to 2 positional arguments but 3 were given
Traceback (most recent call last):
  File "D:\auto_scraper_for_wealth\foreign_trend.py", line 808, in ka10002_poll_loop
    res = await bot.api.request(
          ^^^^^^^^^^^^^^^^^^^^^^
  File "D:\auto_scraper_for_wealth\myenv2\Lib\site-packages\kiwoom\http\client.py", line 239, in request
    await self.connect(self._appkey, self._secretkey)
          ^^^^^^^^^^^^^^^^^^^^^^^^^^^^^^^^^^^^^^^^^^^
TypeError: API.connect() takes from 1 to 2 positional arguments but 3 were given
2026-04-20 13:11:24.242 ERROR Thread-1 (start_background_loop) ka10002 poll: API.connect() takes from 1 to 2 positional arguments but 3 were given
Traceback (most recent call last):
  File "D:\auto_scraper_for_wealth\foreign_trend.py", line 808, in ka10002_poll_loop
    res = await bot.api.request(
          ^^^^^^^^^^^^^^^^^^^^^^
  File "D:\auto_scraper_for_wealth\myenv2\Lib\site-packages\kiwoom\http\client.py", line 239, in request
    await self.connect(self._appkey, self._secretkey)
          ^^^^^^^^^^^^^^^^^^^^^^^^^^^^^^^^^^^^^^^^^^^
TypeError: API.connect() takes from 1 to 2 positional arguments but 3 were given
2026-04-20 13:11:30.280 ERROR Thread-1 (start_background_loop) ka10002 poll: API.connect() takes from 1 to 2 positional arguments but 3 were given
Traceback (most recent call last):
  File "D:\auto_scraper_for_wealth\foreign_trend.py", line 808, in ka10002_poll_loop
    res = await bot.api.request(
          ^^^^^^^^^^^^^^^^^^^^^^
  File "D:\auto_scraper_for_wealth\myenv2\Lib\site-packages\kiwoom\http\client.py", line 239, in request
    await self.connect(self._appkey, self._secretkey)
          ^^^^^^^^^^^^^^^^^^^^^^^^^^^^^^^^^^^^^^^^^^^
TypeError: API.connect() takes from 1 to 2 positional arguments but 3 were given
2026-04-20 13:11:31.891 WARNING MainThread stale: no 0B for 345s (last_0B=2026-04-20T04:05:46.813995+00:00 last_0F=2026-04-20T04:04:05.951977+00:00 gui_tick_q=0 gui_rank_q=0)
2026-04-20 13:11:36.311 ERROR Thread-1 (start_background_loop) ka10002 poll: API.connect() takes from 1 to 2 positional arguments but 3 were given
Traceback (most recent call last):
  File "D:\auto_scraper_for_wealth\foreign_trend.py", line 808, in ka10002_poll_loop
    res = await bot.api.request(
          ^^^^^^^^^^^^^^^^^^^^^^
  File "D:\auto_scraper_for_wealth\myenv2\Lib\site-packages\kiwoom\http\client.py", line 239, in request
    await self.connect(self._appkey, self._secretkey)
          ^^^^^^^^^^^^^^^^^^^^^^^^^^^^^^^^^^^^^^^^^^^
TypeError: API.connect() takes from 1 to 2 positional arguments but 3 were given
2026-04-20 13:11:42.583 ERROR Thread-1 (start_background_loop) ka10002 poll: API.connect() takes from 1 to 2 positional arguments but 3 were given
Traceback (most recent call last):
  File "D:\auto_scraper_for_wealth\foreign_trend.py", line 808, in ka10002_poll_loop
    res = await bot.api.request(
          ^^^^^^^^^^^^^^^^^^^^^^
  File "D:\auto_scraper_for_wealth\myenv2\Lib\site-packages\kiwoom\http\client.py", line 239, in request
    await self.connect(self._appkey, self._secretkey)
          ^^^^^^^^^^^^^^^^^^^^^^^^^^^^^^^^^^^^^^^^^^^
TypeError: API.connect() takes from 1 to 2 positional arguments but 3 were given
2026-04-20 13:11:48.629 ERROR Thread-1 (start_background_loop) ka10002 poll: API.connect() takes from 1 to 2 positional arguments but 3 were given
Traceback (most recent call last):
  File "D:\auto_scraper_for_wealth\foreign_trend.py", line 808, in ka10002_poll_loop
    res = await bot.api.request(
          ^^^^^^^^^^^^^^^^^^^^^^
  File "D:\auto_scraper_for_wealth\myenv2\Lib\site-packages\kiwoom\http\client.py", line 239, in request
    await self.connect(self._appkey, self._secretkey)
          ^^^^^^^^^^^^^^^^^^^^^^^^^^^^^^^^^^^^^^^^^^^
TypeError: API.connect() takes from 1 to 2 positional arguments but 3 were given
2026-04-20 13:11:54.661 ERROR Thread-1 (start_background_loop) ka10002 poll: API.connect() takes from 1 to 2 positional arguments but 3 were given
Traceback (most recent call last):
  File "D:\auto_scraper_for_wealth\foreign_trend.py", line 808, in ka10002_poll_loop
    res = await bot.api.request(
          ^^^^^^^^^^^^^^^^^^^^^^
  File "D:\auto_scraper_for_wealth\myenv2\Lib\site-packages\kiwoom\http\client.py", line 239, in request
    await self.connect(self._appkey, self._secretkey)
          ^^^^^^^^^^^^^^^^^^^^^^^^^^^^^^^^^^^^^^^^^^^
TypeError: API.connect() takes from 1 to 2 positional arguments but 3 were given
2026-04-20 13:12:00.731 ERROR Thread-1 (start_background_loop) ka10002 poll: API.connect() takes from 1 to 2 positional arguments but 3 were given
Traceback (most recent call last):
  File "D:\auto_scraper_for_wealth\foreign_trend.py", line 808, in ka10002_poll_loop
    res = await bot.api.request(
          ^^^^^^^^^^^^^^^^^^^^^^
  File "D:\auto_scraper_for_wealth\myenv2\Lib\site-packages\kiwoom\http\client.py", line 239, in request
    await self.connect(self._appkey, self._secretkey)
          ^^^^^^^^^^^^^^^^^^^^^^^^^^^^^^^^^^^^^^^^^^^
TypeError: API.connect() takes from 1 to 2 positional arguments but 3 were given
2026-04-20 13:12:01.893 WARNING MainThread stale: no 0B for 375s (last_0B=2026-04-20T04:05:46.813995+00:00 last_0F=2026-04-20T04:04:05.951977+00:00 gui_tick_q=0 gui_rank_q=0)
2026-04-20 13:12:06.754 ERROR Thread-1 (start_background_loop) ka10002 poll: API.connect() takes from 1 to 2 positional arguments but 3 were given
Traceback (most recent call last):
  File "D:\auto_scraper_for_wealth\foreign_trend.py", line 808, in ka10002_poll_loop
    res = await bot.api.request(
          ^^^^^^^^^^^^^^^^^^^^^^
  File "D:\auto_scraper_for_wealth\myenv2\Lib\site-packages\kiwoom\http\client.py", line 239, in request
    await self.connect(self._appkey, self._secretkey)
          ^^^^^^^^^^^^^^^^^^^^^^^^^^^^^^^^^^^^^^^^^^^
TypeError: API.connect() takes from 1 to 2 positional arguments but 3 were given
2026-04-20 13:12:12.831 ERROR Thread-1 (start_background_loop) ka10002 poll: API.connect() takes from 1 to 2 positional arguments but 3 were given
Traceback (most recent call last):
  File "D:\auto_scraper_for_wealth\foreign_trend.py", line 808, in ka10002_poll_loop
    res = await bot.api.request(
          ^^^^^^^^^^^^^^^^^^^^^^
  File "D:\auto_scraper_for_wealth\myenv2\Lib\site-packages\kiwoom\http\client.py", line 239, in request
    await self.connect(self._appkey, self._secretkey)
          ^^^^^^^^^^^^^^^^^^^^^^^^^^^^^^^^^^^^^^^^^^^
TypeError: API.connect() takes from 1 to 2 positional arguments but 3 were given
2026-04-20 13:12:18.900 ERROR Thread-1 (start_background_loop) ka10002 poll: API.connect() takes from 1 to 2 positional arguments but 3 were given
Traceback (most recent call last):
  File "D:\auto_scraper_for_wealth\foreign_trend.py", line 808, in ka10002_poll_loop
    res = await bot.api.request(
          ^^^^^^^^^^^^^^^^^^^^^^
  File "D:\auto_scraper_for_wealth\myenv2\Lib\site-packages\kiwoom\http\client.py", line 239, in request
    await self.connect(self._appkey, self._secretkey)
          ^^^^^^^^^^^^^^^^^^^^^^^^^^^^^^^^^^^^^^^^^^^
TypeError: API.connect() takes from 1 to 2 positional arguments but 3 were given
2026-04-20 13:12:24.966 ERROR Thread-1 (start_background_loop) ka10002 poll: API.connect() takes from 1 to 2 positional arguments but 3 were given
Traceback (most recent call last):
  File "D:\auto_scraper_for_wealth\foreign_trend.py", line 808, in ka10002_poll_loop
    res = await bot.api.request(
          ^^^^^^^^^^^^^^^^^^^^^^
  File "D:\auto_scraper_for_wealth\myenv2\Lib\site-packages\kiwoom\http\client.py", line 239, in request
    await self.connect(self._appkey, self._secretkey)
          ^^^^^^^^^^^^^^^^^^^^^^^^^^^^^^^^^^^^^^^^^^^
TypeError: API.connect() takes from 1 to 2 positional arguments but 3 were given
2026-04-20 13:12:30.997 ERROR Thread-1 (start_background_loop) ka10002 poll: API.connect() takes from 1 to 2 positional arguments but 3 were given
Traceback (most recent call last):
  File "D:\auto_scraper_for_wealth\foreign_trend.py", line 808, in ka10002_poll_loop
    res = await bot.api.request(
          ^^^^^^^^^^^^^^^^^^^^^^
  File "D:\auto_scraper_for_wealth\myenv2\Lib\site-packages\kiwoom\http\client.py", line 239, in request
    await self.connect(self._appkey, self._secretkey)
          ^^^^^^^^^^^^^^^^^^^^^^^^^^^^^^^^^^^^^^^^^^^
TypeError: API.connect() takes from 1 to 2 positional arguments but 3 were given
2026-04-20 13:12:31.908 WARNING MainThread stale: no 0B for 405s (last_0B=2026-04-20T04:05:46.813995+00:00 last_0F=2026-04-20T04:04:05.951977+00:00 gui_tick_q=0 gui_rank_q=0)
2026-04-20 13:12:37.362 ERROR Thread-1 (start_background_loop) ka10002 poll: API.connect() takes from 1 to 2 positional arguments but 3 were given
Traceback (most recent call last):
  File "D:\auto_scraper_for_wealth\foreign_trend.py", line 808, in ka10002_poll_loop
    res = await bot.api.request(
          ^^^^^^^^^^^^^^^^^^^^^^
  File "D:\auto_scraper_for_wealth\myenv2\Lib\site-packages\kiwoom\http\client.py", line 239, in request
    await self.connect(self._appkey, self._secretkey)
          ^^^^^^^^^^^^^^^^^^^^^^^^^^^^^^^^^^^^^^^^^^^
TypeError: API.connect() takes from 1 to 2 positional arguments but 3 were given
2026-04-20 13:12:43.383 ERROR Thread-1 (start_background_loop) ka10002 poll: API.connect() takes from 1 to 2 positional arguments but 3 were given
Traceback (most recent call last):
  File "D:\auto_scraper_for_wealth\foreign_trend.py", line 808, in ka10002_poll_loop
    res = await bot.api.request(
          ^^^^^^^^^^^^^^^^^^^^^^
  File "D:\auto_scraper_for_wealth\myenv2\Lib\site-packages\kiwoom\http\client.py", line 239, in request
    await self.connect(self._appkey, self._secretkey)
          ^^^^^^^^^^^^^^^^^^^^^^^^^^^^^^^^^^^^^^^^^^^
TypeError: API.connect() takes from 1 to 2 positional arguments but 3 were given
2026-04-20 13:12:49.402 ERROR Thread-1 (start_background_loop) ka10002 poll: API.connect() takes from 1 to 2 positional arguments but 3 were given
Traceback (most recent call last):
  File "D:\auto_scraper_for_wealth\foreign_trend.py", line 808, in ka10002_poll_loop
    res = await bot.api.request(
          ^^^^^^^^^^^^^^^^^^^^^^
  File "D:\auto_scraper_for_wealth\myenv2\Lib\site-packages\kiwoom\http\client.py", line 239, in request
    await self.connect(self._appkey, self._secretkey)
          ^^^^^^^^^^^^^^^^^^^^^^^^^^^^^^^^^^^^^^^^^^^
TypeError: API.connect() takes from 1 to 2 positional arguments but 3 were given
2026-04-20 13:12:55.477 ERROR Thread-1 (start_background_loop) ka10002 poll: API.connect() takes from 1 to 2 positional arguments but 3 were given
Traceback (most recent call last):
  File "D:\auto_scraper_for_wealth\foreign_trend.py", line 808, in ka10002_poll_loop
    res = await bot.api.request(
          ^^^^^^^^^^^^^^^^^^^^^^
  File "D:\auto_scraper_for_wealth\myenv2\Lib\site-packages\kiwoom\http\client.py", line 239, in request
    await self.connect(self._appkey, self._secretkey)
          ^^^^^^^^^^^^^^^^^^^^^^^^^^^^^^^^^^^^^^^^^^^
TypeError: API.connect() takes from 1 to 2 positional arguments but 3 were given
2026-04-20 13:13:01.498 ERROR Thread-1 (start_background_loop) ka10002 poll: API.connect() takes from 1 to 2 positional arguments but 3 were given
Traceback (most recent call last):
  File "D:\auto_scraper_for_wealth\foreign_trend.py", line 808, in ka10002_poll_loop
    res = await bot.api.request(
          ^^^^^^^^^^^^^^^^^^^^^^
  File "D:\auto_scraper_for_wealth\myenv2\Lib\site-packages\kiwoom\http\client.py", line 239, in request
    await self.connect(self._appkey, self._secretkey)
          ^^^^^^^^^^^^^^^^^^^^^^^^^^^^^^^^^^^^^^^^^^^
TypeError: API.connect() takes from 1 to 2 positional arguments but 3 were given
2026-04-20 13:13:01.911 WARNING MainThread stale: no 0B for 435s (last_0B=2026-04-20T04:05:46.813995+00:00 last_0F=2026-04-20T04:04:05.951977+00:00 gui_tick_q=0 gui_rank_q=0)
2026-04-20 13:13:07.533 ERROR Thread-1 (start_background_loop) ka10002 poll: API.connect() takes from 1 to 2 positional arguments but 3 were given
Traceback (most recent call last):
  File "D:\auto_scraper_for_wealth\foreign_trend.py", line 808, in ka10002_poll_loop
    res = await bot.api.request(
          ^^^^^^^^^^^^^^^^^^^^^^
  File "D:\auto_scraper_for_wealth\myenv2\Lib\site-packages\kiwoom\http\client.py", line 239, in request
    await self.connect(self._appkey, self._secretkey)
          ^^^^^^^^^^^^^^^^^^^^^^^^^^^^^^^^^^^^^^^^^^^
TypeError: API.connect() takes from 1 to 2 positional arguments but 3 were given
2026-04-20 13:13:13.561 ERROR Thread-1 (start_background_loop) ka10002 poll: API.connect() takes from 1 to 2 positional arguments but 3 were given
Traceback (most recent call last):
  File "D:\auto_scraper_for_wealth\foreign_trend.py", line 808, in ka10002_poll_loop
    res = await bot.api.request(
          ^^^^^^^^^^^^^^^^^^^^^^
  File "D:\auto_scraper_for_wealth\myenv2\Lib\site-packages\kiwoom\http\client.py", line 239, in request
    await self.connect(self._appkey, self._secretkey)
          ^^^^^^^^^^^^^^^^^^^^^^^^^^^^^^^^^^^^^^^^^^^
TypeError: API.connect() takes from 1 to 2 positional arguments but 3 were given
2026-04-20 13:13:19.587 ERROR Thread-1 (start_background_loop) ka10002 poll: API.connect() takes from 1 to 2 positional arguments but 3 were given
Traceback (most recent call last):
  File "D:\auto_scraper_for_wealth\foreign_trend.py", line 808, in ka10002_poll_loop
    res = await bot.api.request(
          ^^^^^^^^^^^^^^^^^^^^^^
  File "D:\auto_scraper_for_wealth\myenv2\Lib\site-packages\kiwoom\http\client.py", line 239, in request
    await self.connect(self._appkey, self._secretkey)
          ^^^^^^^^^^^^^^^^^^^^^^^^^^^^^^^^^^^^^^^^^^^
TypeError: API.connect() takes from 1 to 2 positional arguments but 3 were given
2026-04-20 13:13:25.628 ERROR Thread-1 (start_background_loop) ka10002 poll: API.connect() takes from 1 to 2 positional arguments but 3 were given
Traceback (most recent call last):
  File "D:\auto_scraper_for_wealth\foreign_trend.py", line 808, in ka10002_poll_loop
    res = await bot.api.request(
          ^^^^^^^^^^^^^^^^^^^^^^
  File "D:\auto_scraper_for_wealth\myenv2\Lib\site-packages\kiwoom\http\client.py", line 239, in request
    await self.connect(self._appkey, self._secretkey)
          ^^^^^^^^^^^^^^^^^^^^^^^^^^^^^^^^^^^^^^^^^^^
TypeError: API.connect() takes from 1 to 2 positional arguments but 3 were given
2026-04-20 13:13:31.672 ERROR Thread-1 (start_background_loop) ka10002 poll: API.connect() takes from 1 to 2 positional arguments but 3 were given
Traceback (most recent call last):
  File "D:\auto_scraper_for_wealth\foreign_trend.py", line 808, in ka10002_poll_loop
    res = await bot.api.request(
          ^^^^^^^^^^^^^^^^^^^^^^
  File "D:\auto_scraper_for_wealth\myenv2\Lib\site-packages\kiwoom\http\client.py", line 239, in request
    await self.connect(self._appkey, self._secretkey)
          ^^^^^^^^^^^^^^^^^^^^^^^^^^^^^^^^^^^^^^^^^^^
TypeError: API.connect() takes from 1 to 2 positional arguments but 3 were given
2026-04-20 13:13:31.914 WARNING MainThread stale: no 0B for 465s (last_0B=2026-04-20T04:05:46.813995+00:00 last_0F=2026-04-20T04:04:05.951977+00:00 gui_tick_q=0 gui_rank_q=0)
2026-04-20 13:13:37.727 ERROR Thread-1 (start_background_loop) ka10002 poll: API.connect() takes from 1 to 2 positional arguments but 3 were given
Traceback (most recent call last):
  File "D:\auto_scraper_for_wealth\foreign_trend.py", line 808, in ka10002_poll_loop
    res = await bot.api.request(
          ^^^^^^^^^^^^^^^^^^^^^^
  File "D:\auto_scraper_for_wealth\myenv2\Lib\site-packages\kiwoom\http\client.py", line 239, in request
    await self.connect(self._appkey, self._secretkey)
          ^^^^^^^^^^^^^^^^^^^^^^^^^^^^^^^^^^^^^^^^^^^
TypeError: API.connect() takes from 1 to 2 positional arguments but 3 were given
2026-04-20 13:13:43.747 ERROR Thread-1 (start_background_loop) ka10002 poll: API.connect() takes from 1 to 2 positional arguments but 3 were given
Traceback (most recent call last):
  File "D:\auto_scraper_for_wealth\foreign_trend.py", line 808, in ka10002_poll_loop
    res = await bot.api.request(
          ^^^^^^^^^^^^^^^^^^^^^^
  File "D:\auto_scraper_for_wealth\myenv2\Lib\site-packages\kiwoom\http\client.py", line 239, in request
    await self.connect(self._appkey, self._secretkey)
          ^^^^^^^^^^^^^^^^^^^^^^^^^^^^^^^^^^^^^^^^^^^
TypeError: API.connect() takes from 1 to 2 positional arguments but 3 were given
2026-04-20 13:13:49.778 ERROR Thread-1 (start_background_loop) ka10002 poll: API.connect() takes from 1 to 2 positional arguments but 3 were given
Traceback (most recent call last):
  File "D:\auto_scraper_for_wealth\foreign_trend.py", line 808, in ka10002_poll_loop
    res = await bot.api.request(
          ^^^^^^^^^^^^^^^^^^^^^^
  File "D:\auto_scraper_for_wealth\myenv2\Lib\site-packages\kiwoom\http\client.py", line 239, in request
    await self.connect(self._appkey, self._secretkey)
          ^^^^^^^^^^^^^^^^^^^^^^^^^^^^^^^^^^^^^^^^^^^
TypeError: API.connect() takes from 1 to 2 positional arguments but 3 were given
2026-04-20 13:13:55.822 ERROR Thread-1 (start_background_loop) ka10002 poll: API.connect() takes from 1 to 2 positional arguments but 3 were given
Traceback (most recent call last):
  File "D:\auto_scraper_for_wealth\foreign_trend.py", line 808, in ka10002_poll_loop
    res = await bot.api.request(
          ^^^^^^^^^^^^^^^^^^^^^^
  File "D:\auto_scraper_for_wealth\myenv2\Lib\site-packages\kiwoom\http\client.py", line 239, in request
    await self.connect(self._appkey, self._secretkey)
          ^^^^^^^^^^^^^^^^^^^^^^^^^^^^^^^^^^^^^^^^^^^
TypeError: API.connect() takes from 1 to 2 positional arguments but 3 were given
2026-04-20 13:14:01.916 WARNING MainThread stale: no 0B for 495s (last_0B=2026-04-20T04:05:46.813995+00:00 last_0F=2026-04-20T04:04:05.951977+00:00 gui_tick_q=0 gui_rank_q=0)
2026-04-20 13:14:02.157 ERROR Thread-1 (start_background_loop) ka10002 poll: API.connect() takes from 1 to 2 positional arguments but 3 were given
Traceback (most recent call last):
  File "D:\auto_scraper_for_wealth\foreign_trend.py", line 808, in ka10002_poll_loop
    res = await bot.api.request(
          ^^^^^^^^^^^^^^^^^^^^^^
  File "D:\auto_scraper_for_wealth\myenv2\Lib\site-packages\kiwoom\http\client.py", line 239, in request
    await self.connect(self._appkey, self._secretkey)
          ^^^^^^^^^^^^^^^^^^^^^^^^^^^^^^^^^^^^^^^^^^^
TypeError: API.connect() takes from 1 to 2 positional arguments but 3 were given
2026-04-20 13:14:08.203 ERROR Thread-1 (start_background_loop) ka10002 poll: API.connect() takes from 1 to 2 positional arguments but 3 were given
Traceback (most recent call last):
  File "D:\auto_scraper_for_wealth\foreign_trend.py", line 808, in ka10002_poll_loop
    res = await bot.api.request(
          ^^^^^^^^^^^^^^^^^^^^^^
  File "D:\auto_scraper_for_wealth\myenv2\Lib\site-packages\kiwoom\http\client.py", line 239, in request
    await self.connect(self._appkey, self._secretkey)
          ^^^^^^^^^^^^^^^^^^^^^^^^^^^^^^^^^^^^^^^^^^^
TypeError: API.connect() takes from 1 to 2 positional arguments but 3 were given
2026-04-20 13:14:14.242 ERROR Thread-1 (start_background_loop) ka10002 poll: API.connect() takes from 1 to 2 positional arguments but 3 were given
Traceback (most recent call last):
  File "D:\auto_scraper_for_wealth\foreign_trend.py", line 808, in ka10002_poll_loop
    res = await bot.api.request(
          ^^^^^^^^^^^^^^^^^^^^^^
  File "D:\auto_scraper_for_wealth\myenv2\Lib\site-packages\kiwoom\http\client.py", line 239, in request
    await self.connect(self._appkey, self._secretkey)
          ^^^^^^^^^^^^^^^^^^^^^^^^^^^^^^^^^^^^^^^^^^^
TypeError: API.connect() takes from 1 to 2 positional arguments but 3 were given
2026-04-20 13:14:20.377 ERROR Thread-1 (start_background_loop) ka10002 poll: API.connect() takes from 1 to 2 positional arguments but 3 were given
Traceback (most recent call last):
  File "D:\auto_scraper_for_wealth\foreign_trend.py", line 808, in ka10002_poll_loop
    res = await bot.api.request(
          ^^^^^^^^^^^^^^^^^^^^^^
  File "D:\auto_scraper_for_wealth\myenv2\Lib\site-packages\kiwoom\http\client.py", line 239, in request
    await self.connect(self._appkey, self._secretkey)
          ^^^^^^^^^^^^^^^^^^^^^^^^^^^^^^^^^^^^^^^^^^^
TypeError: API.connect() takes from 1 to 2 positional arguments but 3 were given
2026-04-20 13:14:26.492 ERROR Thread-1 (start_background_loop) ka10002 poll: API.connect() takes from 1 to 2 positional arguments but 3 were given
Traceback (most recent call last):
  File "D:\auto_scraper_for_wealth\foreign_trend.py", line 808, in ka10002_poll_loop
    res = await bot.api.request(
          ^^^^^^^^^^^^^^^^^^^^^^
  File "D:\auto_scraper_for_wealth\myenv2\Lib\site-packages\kiwoom\http\client.py", line 239, in request
    await self.connect(self._appkey, self._secretkey)
          ^^^^^^^^^^^^^^^^^^^^^^^^^^^^^^^^^^^^^^^^^^^
TypeError: API.connect() takes from 1 to 2 positional arguments but 3 were given
2026-04-20 13:14:31.924 WARNING MainThread stale: no 0B for 525s (last_0B=2026-04-20T04:05:46.813995+00:00 last_0F=2026-04-20T04:04:05.951977+00:00 gui_tick_q=0 gui_rank_q=0)
2026-04-20 13:14:32.513 ERROR Thread-1 (start_background_loop) ka10002 poll: API.connect() takes from 1 to 2 positional arguments but 3 were given
Traceback (most recent call last):
  File "D:\auto_scraper_for_wealth\foreign_trend.py", line 808, in ka10002_poll_loop
    res = await bot.api.request(
          ^^^^^^^^^^^^^^^^^^^^^^
  File "D:\auto_scraper_for_wealth\myenv2\Lib\site-packages\kiwoom\http\client.py", line 239, in request
    await self.connect(self._appkey, self._secretkey)
          ^^^^^^^^^^^^^^^^^^^^^^^^^^^^^^^^^^^^^^^^^^^
TypeError: API.connect() takes from 1 to 2 positional arguments but 3 were given
2026-04-20 13:14:38.541 ERROR Thread-1 (start_background_loop) ka10002 poll: API.connect() takes from 1 to 2 positional arguments but 3 were given
Traceback (most recent call last):
  File "D:\auto_scraper_for_wealth\foreign_trend.py", line 808, in ka10002_poll_loop
    res = await bot.api.request(
          ^^^^^^^^^^^^^^^^^^^^^^
  File "D:\auto_scraper_for_wealth\myenv2\Lib\site-packages\kiwoom\http\client.py", line 239, in request
    await self.connect(self._appkey, self._secretkey)
          ^^^^^^^^^^^^^^^^^^^^^^^^^^^^^^^^^^^^^^^^^^^
TypeError: API.connect() takes from 1 to 2 positional arguments but 3 were given
2026-04-20 13:14:44.569 ERROR Thread-1 (start_background_loop) ka10002 poll: API.connect() takes from 1 to 2 positional arguments but 3 were given
Traceback (most recent call last):
  File "D:\auto_scraper_for_wealth\foreign_trend.py", line 808, in ka10002_poll_loop
    res = await bot.api.request(
          ^^^^^^^^^^^^^^^^^^^^^^
  File "D:\auto_scraper_for_wealth\myenv2\Lib\site-packages\kiwoom\http\client.py", line 239, in request
    await self.connect(self._appkey, self._secretkey)
          ^^^^^^^^^^^^^^^^^^^^^^^^^^^^^^^^^^^^^^^^^^^
TypeError: API.connect() takes from 1 to 2 positional arguments but 3 were given
2026-04-20 13:16:21.919 INFO Thread-1 (start_background_loop) bot: starting (ticker=058470)
2026-04-20 13:16:24.069 CRITICAL Thread-1 (start_background_loop) bot: crashed: 
Traceback (most recent call last):
  File "D:\auto_scraper_for_wealth\myenv2\Lib\site-packages\kiwoom\api.py", line 108, in connect
    await super().connect(self._appkey, self._secretkey, headers)
  File "D:\auto_scraper_for_wealth\myenv2\Lib\site-packages\kiwoom\http\client.py", line 98, in connect
    raise RuntimeError(f"Failed to get token: {msg}")
RuntimeError: Failed to get token: 
== Request ==
URL : https://api.kiwoom.com/oauth2/token
Headers : {
    "cont-yn": "N",
    "next-key": "",
    "api-id": ""
}
Data : {
    "grant_type": "client_credentials",
    "appkey": "PnA1EOmZe71U6zqMyP6XXwmWx-blKl4MXCrRNgfpFNU",
    "secretkey": "3d26y_XIE-TMdQONKWe_LF0O9Dl0wyVhL2fb_sXFew0"
}
== Response ==
Code : 200
Headers : {
    "next-key": null,
    "cont-yn": null,
    "api-id": null
}
Response : {
    "return_msg": "인증에 실패했습니다[8050:지정단말기 인증에 실패했습니다]",
    "return_code": 3
}


The above exception was the direct cause of the following exception:

Traceback (most recent call last):
  File "D:\auto_scraper_for_wealth\foreign_trend.py", line 986, in start_background_loop
    asyncio.run(run_bot_async())
  File "C:\Users\koysr\AppData\Local\Programs\Python\Python311\Lib\asyncio\runners.py", line 190, in run
    return runner.run(main)
           ^^^^^^^^^^^^^^^^
  File "C:\Users\koysr\AppData\Local\Programs\Python\Python311\Lib\asyncio\runners.py", line 118, in run
    return self._loop.run_until_complete(task)
           ^^^^^^^^^^^^^^^^^^^^^^^^^^^^^^^^^^^
  File "C:\Users\koysr\AppData\Local\Programs\Python\Python311\Lib\asyncio\base_events.py", line 653, in run_until_complete
    return future.result()
           ^^^^^^^^^^^^^^^
  File "D:\auto_scraper_for_wealth\foreign_trend.py", line 916, in run_bot_async
    await bot.connect()
  File "D:\auto_scraper_for_wealth\myenv2\Lib\site-packages\kiwoom\bot.py", line 78, in connect
    await self.api.connect(headers)
  File "D:\auto_scraper_for_wealth\myenv2\Lib\site-packages\kiwoom\api.py", line 126, in connect
    raise Exception from err
Exception
2026-04-20 15:48:22.119 INFO Thread-1 (start_background_loop) bot: starting (ticker=058470)
2026-04-20 15:48:24.928 INFO Thread-1 (start_background_loop) bot: connected
2026-04-20 15:48:24.930 INFO Thread-1 (start_background_loop) bot: run() active
2026-04-20 15:48:27.539 INFO Thread-1 (start_background_loop) ka90008: queued 2213 program history rows (date=20260420 stk=058470)
2026-04-20 15:48:27.736 INFO Thread-1 (start_background_loop) ka10014: queued 42 short-selling rows (20260219–20260420 stk=058470)
2026-04-20 15:48:27.819 INFO Thread-1 (start_background_loop) stream: REG attached (0B, 0F, 0w)
2026-04-20 15:48:50.000 INFO MainThread chart_export: UI click tf=min5 ticker=058470
2026-04-20 15:48:50.002 INFO Thread-1 (start_background_loop) chart_export: build start tf=min5 code=058470 end_ymd=20260420
2026-04-20 15:49:14.343 INFO Thread-1 (start_background_loop) chart_export: ka10059 done pages=61 investor_dates=6003 volume_dates=6003
2026-04-20 15:49:14.344 INFO Thread-1 (start_background_loop) chart_export: ka10080 request_until start stk_cd=058470 tic_scope=5 start_ymd=20260413
2026-04-20 15:49:14.785 INFO Thread-1 (start_background_loop) chart_export: ka10080 done stk_cd=058470 tic_scope=5 rows=900
2026-04-20 15:49:14.787 INFO Thread-1 (start_background_loop) chart_export: ka10080 request_until start stk_cd=NXT:058470_NX tic_scope=5 start_ymd=20260413
2026-04-20 15:49:15.143 INFO Thread-1 (start_background_loop) chart_export: ka10080 done stk_cd=NXT:058470_NX tic_scope=5 rows=1
2026-04-20 15:49:15.144 INFO Thread-1 (start_background_loop) chart_export: NXT skip (no mergeable rows) rows=1 stk_cd=NXT:058470_NX (NXT:code_NX)
2026-04-20 15:49:15.145 INFO Thread-1 (start_background_loop) chart_export: ka10080 request_until start stk_cd=058470_NX tic_scope=5 start_ymd=20260413
2026-04-20 15:49:15.562 INFO Thread-1 (start_background_loop) chart_export: ka10080 done stk_cd=058470_NX tic_scope=5 rows=900
2026-04-20 15:49:15.564 INFO Thread-1 (start_background_loop) chart_export: NXT volume merge source rows=900 stk_cd=058470_NX (code_NX)
2026-04-20 15:49:15.567 INFO Thread-1 (start_background_loop) chart_export: ka10080 volume = KRX/plain + NXT (summed trde_qty per cntr_tm)
2026-04-20 15:49:15.592 INFO Thread-1 (start_background_loop) chart_export: 5m datetime index +5m (bar end KST)
2026-04-20 15:49:15.594 INFO Thread-1 (start_background_loop) chart_export: 5m dataframe rows=467
2026-04-20 15:49:15.602 WARNING Thread-1 (start_background_loop) chart_export: volume=ka10080 raw (day 20260420 sum=807817 vs ka10059=551812; rel_err1=0.464 rel_err×1000=1462.935)
2026-04-20 15:49:15.613 INFO Thread-1 (start_background_loop) chart_export: 5m HTS-check 2026-04-20 14:20 volume_shares=5511
2026-04-20 15:49:15.615 INFO Thread-1 (start_background_loop) chart_export: 5m HTS-check 2026-04-20 14:25 volume_shares=7919
2026-04-20 15:49:15.617 INFO Thread-1 (start_background_loop) chart_export: 5m HTS-check 2026-04-20 14:30 volume_shares=8014
2026-04-20 15:49:15.629 INFO Thread-1 (start_background_loop) chart_export: build finished tf=min5 out_chars=44923
2026-04-20 15:51:33.945 WARNING MainThread stale: no 0B for 15s (last_0B=2026-04-20T06:51:18.941887+00:00 last_0F=None gui_tick_q=0 gui_rank_q=0)
2026-04-20 15:52:03.947 WARNING MainThread stale: no 0B for 45s (last_0B=2026-04-20T06:51:18.941887+00:00 last_0F=None gui_tick_q=0 gui_rank_q=0)
2026-04-20 15:52:33.952 WARNING MainThread stale: no 0B for 75s (last_0B=2026-04-20T06:51:18.941887+00:00 last_0F=None gui_tick_q=0 gui_rank_q=0)
2026-04-20 15:53:03.952 WARNING MainThread stale: no 0B for 105s (last_0B=2026-04-20T06:51:18.941887+00:00 last_0F=None gui_tick_q=0 gui_rank_q=0)
2026-04-20 15:53:33.957 WARNING MainThread stale: no 0B for 135s (last_0B=2026-04-20T06:51:18.941887+00:00 last_0F=None gui_tick_q=0 gui_rank_q=0)
2026-04-20 15:54:03.961 WARNING MainThread stale: no 0B for 165s (last_0B=2026-04-20T06:51:18.941887+00:00 last_0F=None gui_tick_q=0 gui_rank_q=0)
2026-04-20 15:54:33.963 WARNING MainThread stale: no 0B for 195s (last_0B=2026-04-20T06:51:18.941887+00:00 last_0F=None gui_tick_q=0 gui_rank_q=0)
2026-04-20 15:55:03.965 WARNING MainThread stale: no 0B for 225s (last_0B=2026-04-20T06:51:18.941887+00:00 last_0F=None gui_tick_q=0 gui_rank_q=0)
2026-04-20 15:55:33.966 WARNING MainThread stale: no 0B for 255s (last_0B=2026-04-20T06:51:18.941887+00:00 last_0F=None gui_tick_q=0 gui_rank_q=0)
2026-04-20 15:56:03.969 WARNING MainThread stale: no 0B for 285s (last_0B=2026-04-20T06:51:18.941887+00:00 last_0F=None gui_tick_q=0 gui_rank_q=0)
2026-04-20 15:56:33.971 WARNING MainThread stale: no 0B for 315s (last_0B=2026-04-20T06:51:18.941887+00:00 last_0F=None gui_tick_q=0 gui_rank_q=0)
2026-04-20 15:57:17.931 WARNING MainThread stale: no 0B for 15s (last_0B=2026-04-20T06:57:02.926912+00:00 last_0F=None gui_tick_q=0 gui_rank_q=0)
2026-04-20 15:57:47.935 WARNING MainThread stale: no 0B for 45s (last_0B=2026-04-20T06:57:02.926912+00:00 last_0F=None gui_tick_q=0 gui_rank_q=0)
2026-04-21 10:37:10.020 INFO Thread-1 (start_background_loop) bot: starting (ticker=096770)
2026-04-21 10:37:11.725 INFO Thread-1 (start_background_loop) bot: connected
2026-04-21 10:37:11.742 INFO Thread-1 (start_background_loop) bot: run() active
2026-04-21 10:37:12.716 INFO Thread-1 (start_background_loop) ka90008: queued 776 program history rows (date=20260421 stk=096770)
2026-04-21 10:37:12.927 INFO Thread-1 (start_background_loop) ka10014: queued 41 short-selling rows (20260220–20260421 stk=096770)
2026-04-21 10:37:13.011 INFO Thread-1 (start_background_loop) stream: REG attached (0B, 0F, 0w)
2026-04-21 10:38:35.165 INFO MainThread chart_export: UI click tf=min5 ticker=096770
2026-04-21 10:38:35.167 INFO Thread-1 (start_background_loop) chart_export: build start tf=min5 code=096770 end_ymd=20260421
2026-04-21 10:38:50.993 INFO Thread-1 (start_background_loop) chart_export: ka10059 done pages=47 investor_dates=4620 volume_dates=4620
2026-04-21 10:38:50.995 INFO Thread-1 (start_background_loop) chart_export: ka10080 request_until start stk_cd=096770 tic_scope=5 start_ymd=20260414
2026-04-21 10:38:51.419 INFO Thread-1 (start_background_loop) chart_export: ka10080 done stk_cd=096770 tic_scope=5 rows=900
2026-04-21 10:38:51.421 INFO Thread-1 (start_background_loop) chart_export: ka10080 request_until start stk_cd=NXT:096770_NX tic_scope=5 start_ymd=20260414
2026-04-21 10:38:51.789 INFO Thread-1 (start_background_loop) chart_export: ka10080 done stk_cd=NXT:096770_NX tic_scope=5 rows=1
2026-04-21 10:38:51.791 INFO Thread-1 (start_background_loop) chart_export: NXT skip (no mergeable rows) rows=1 stk_cd=NXT:096770_NX (NXT:code_NX)
2026-04-21 10:38:51.793 INFO Thread-1 (start_background_loop) chart_export: ka10080 request_until start stk_cd=096770_NX tic_scope=5 start_ymd=20260414
2026-04-21 10:38:52.208 INFO Thread-1 (start_background_loop) chart_export: ka10080 done stk_cd=096770_NX tic_scope=5 rows=900
2026-04-21 10:38:52.210 INFO Thread-1 (start_background_loop) chart_export: NXT volume merge source rows=900 stk_cd=096770_NX (code_NX)
2026-04-21 10:38:52.215 INFO Thread-1 (start_background_loop) chart_export: ka10080 volume = KRX/plain + NXT (summed trde_qty per cntr_tm)
2026-04-21 10:38:52.242 INFO Thread-1 (start_background_loop) chart_export: 5m datetime index +5m (bar end KST)
2026-04-21 10:38:52.244 INFO Thread-1 (start_background_loop) chart_export: 5m dataframe rows=410
2026-04-21 10:38:52.256 WARNING Thread-1 (start_background_loop) chart_export: volume=ka10080 raw (day 20260421 sum=528332 vs ka10059=361339; rel_err1=0.462 rel_err×1000=1461.151)
2026-04-21 10:38:52.308 INFO Thread-1 (start_background_loop) chart_export: build finished tf=min5 out_chars=39285
2026-04-21 10:52:45.144 INFO Thread-1 (start_background_loop) bot: starting (ticker=096770)
2026-04-21 10:52:47.191 INFO Thread-1 (start_background_loop) bot: connected
2026-04-21 10:52:47.192 INFO Thread-1 (start_background_loop) bot: run() active
2026-04-21 10:52:48.201 INFO Thread-1 (start_background_loop) ka90008: queued 910 program history rows (date=20260421 stk=096770)
2026-04-21 10:52:48.395 INFO Thread-1 (start_background_loop) ka10014: queued 41 short-selling rows (20260220–20260421 stk=096770)
2026-04-21 10:52:48.477 INFO Thread-1 (start_background_loop) stream: REG attached (0B, 0F on 096770; 0w on SOR:096770_AL)
2026-04-21 10:55:10.205 INFO Thread-1 (start_background_loop) bot: starting (ticker=096770)
2026-04-21 10:55:12.143 INFO Thread-1 (start_background_loop) bot: connected
2026-04-21 10:55:12.144 INFO Thread-1 (start_background_loop) bot: run() active
2026-04-21 10:55:17.174 INFO Thread-1 (start_background_loop) ka90008: queued 4404 program history rows (date=20260421 stk=096770)
2026-04-21 10:55:17.365 INFO Thread-1 (start_background_loop) ka10014: queued 41 short-selling rows (20260220–20260421 stk=096770)
2026-04-21 10:55:17.448 INFO Thread-1 (start_background_loop) stream: REG attached (0B, 0F on 096770; 0w on ['KRX:096770', 'NXT:096770_NX', 'SOR:096770_AL'])
2026-04-21 10:57:28.857 INFO Thread-1 (start_background_loop) bot: starting (ticker=096770)
2026-04-21 10:57:30.701 INFO Thread-1 (start_background_loop) bot: connected
2026-04-21 10:57:30.703 INFO Thread-1 (start_background_loop) bot: run() active
2026-04-21 10:57:35.720 INFO Thread-1 (start_background_loop) ka90008: queued 4482 program history rows (date=20260421 stk=096770)
2026-04-21 10:57:35.918 INFO Thread-1 (start_background_loop) ka10014: queued 41 short-selling rows (20260220–20260421 stk=096770)
2026-04-21 10:57:36.000 INFO Thread-1 (start_background_loop) stream: REG attached (0B, 0F on 096770; 0w on ['KRX:096770', 'NXT:096770_NX', 'SOR:096770_AL'])
2026-04-21 10:59:49.715 INFO Thread-1 (start_background_loop) bot: starting (ticker=096770)
2026-04-21 10:59:51.411 INFO Thread-1 (start_background_loop) bot: connected
2026-04-21 10:59:51.412 INFO Thread-1 (start_background_loop) bot: run() active
2026-04-21 10:59:52.444 INFO Thread-1 (start_background_loop) ka90008: queued 974 program history rows (date=20260421 stk=096770)
2026-04-21 10:59:52.613 INFO Thread-1 (start_background_loop) ka10014: queued 41 short-selling rows (20260220–20260421 stk=096770)
2026-04-21 10:59:52.698 INFO Thread-1 (start_background_loop) stream: REG attached (0B, 0F on 096770; 0w on SOR:096770_AL)
2026-04-21 11:12:26.512 INFO Thread-1 (start_background_loop) bot: starting (ticker=096770)
2026-04-21 11:12:28.481 INFO Thread-1 (start_background_loop) bot: connected
2026-04-21 11:12:28.481 INFO Thread-1 (start_background_loop) bot: run() active
2026-04-21 11:12:31.109 INFO Thread-1 (start_background_loop) ka90008: merged KRX=1092 NXT=1093 → combined=1093 (last KRX=85379 NXT=85355 sum=170734)
2026-04-21 11:12:31.110 INFO Thread-1 (start_background_loop) ka90008: queued 1093 combined program history rows (date=20260421 stk=096770 seed KRX=85379 NXT=85355 sum=170734)
2026-04-21 11:12:31.297 INFO Thread-1 (start_background_loop) ka10014: queued 41 short-selling rows (20260220–20260421 stk=096770)
2026-04-21 11:12:31.380 INFO Thread-1 (start_background_loop) stream: REG attached (0B, 0F on 096770; 0w on ['096770', '096770_NX'])
2026-04-21 11:21:06.541 INFO Thread-1 (start_background_loop) bot: starting (ticker=096770)
2026-04-21 11:21:08.576 INFO Thread-1 (start_background_loop) bot: connected
2026-04-21 11:21:08.576 INFO Thread-1 (start_background_loop) bot: run() active
2026-04-21 11:21:11.601 INFO Thread-1 (start_background_loop) ka90008: merged KRX=1173 NXT=1473 → combined=2474 (last KRX=103988 NXT=8705 sum=112693)
2026-04-21 11:21:11.602 INFO Thread-1 (start_background_loop) ka90008: queued 2474 combined program history rows (date=20260421 stk=096770 seed KRX=103988 NXT=8705 sum=112693)
2026-04-21 11:21:11.799 INFO Thread-1 (start_background_loop) ka10014: queued 41 short-selling rows (20260220–20260421 stk=096770)
2026-04-21 11:21:11.884 INFO Thread-1 (start_background_loop) stream: REG attached (0B, 0F on 096770; 0w on ['096770', '096770_NX'])
2026-04-21 11:29:09.990 INFO Thread-1 (start_background_loop) bot: starting (ticker=096770)
2026-04-21 11:29:11.940 INFO Thread-1 (start_background_loop) bot: connected
2026-04-21 11:29:11.941 INFO Thread-1 (start_background_loop) bot: run() active
2026-04-21 11:29:16.773 INFO Thread-1 (start_background_loop) ka90008: total(_AL)=142724 (2637 rows) NXT(_NX)=10846 (1574 rows) → derived KRX=131878
2026-04-21 11:29:16.774 INFO Thread-1 (start_background_loop) ka90008: queued 2637 combined program history rows (date=20260421 stk=096770 seed KRX=131878 NXT=10846 sum=142724)
2026-04-21 11:29:16.967 INFO Thread-1 (start_background_loop) ka10014: queued 41 short-selling rows (20260220–20260421 stk=096770)
2026-04-21 11:29:17.056 INFO Thread-1 (start_background_loop) stream: REG attached (0B, 0F on 096770; 0w on ['096770', '096770_NX'])
2026-04-21 11:29:19.414 INFO Thread-1 (start_background_loop) 0w: first live KRX FID 210=132507 (combined seen=['KRX'])
2026-04-21 11:29:28.713 INFO Thread-1 (start_background_loop) 0w: first live NXT FID 210=10846 (combined seen=['KRX', 'NXT'])
2026-04-21 12:38:58.256 INFO Thread-1 (start_background_loop) bot: starting (ticker=032640)
2026-04-21 12:38:59.912 INFO Thread-1 (start_background_loop) bot: connected
2026-04-21 12:38:59.920 INFO Thread-1 (start_background_loop) bot: run() active
2026-04-21 12:39:02.652 INFO Thread-1 (start_background_loop) ka90008: total(_AL)=93225 (2019 rows) NXT(_NX)=8060 (146 rows) → derived KRX=85165
2026-04-21 12:39:02.653 INFO Thread-1 (start_background_loop) ka90008: queued 2019 combined program history rows (date=20260421 stk=032640 seed KRX=85165 NXT=8060 sum=93225)
2026-04-21 12:39:02.827 INFO Thread-1 (start_background_loop) ka10014: queued 41 short-selling rows (20260220–20260421 stk=032640)
2026-04-21 12:39:02.908 INFO Thread-1 (start_background_loop) stream: REG attached (0B, 0F on 032640; 0w on ['032640', '032640_NX'])
2026-04-21 12:39:05.152 INFO Thread-1 (start_background_loop) 0w: first live KRX FID 210=-85165 (combined seen=['KRX'])
2026-04-21 12:39:37.549 INFO MainThread chart_export: UI click tf=min5 ticker=032640
2026-04-21 12:39:37.552 INFO Thread-1 (start_background_loop) chart_export: build start tf=min5 code=032640 end_ymd=20260421
2026-04-21 12:40:03.255 INFO Thread-1 (start_background_loop) chart_export: ka10059 done pages=64 investor_dates=6309 volume_dates=6309
2026-04-21 12:40:03.257 INFO Thread-1 (start_background_loop) chart_export: ka10080 request_until start stk_cd=032640 tic_scope=5 start_ymd=20260414
2026-04-21 12:40:03.662 INFO Thread-1 (start_background_loop) chart_export: ka10080 done stk_cd=032640 tic_scope=5 rows=900
2026-04-21 12:40:03.663 INFO Thread-1 (start_background_loop) chart_export: ka10080 request_until start stk_cd=NXT:032640_NX tic_scope=5 start_ymd=20260414
2026-04-21 12:40:04.055 INFO Thread-1 (start_background_loop) chart_export: ka10080 done stk_cd=NXT:032640_NX tic_scope=5 rows=1
2026-04-21 12:40:04.057 INFO Thread-1 (start_background_loop) chart_export: NXT skip (no mergeable rows) rows=1 stk_cd=NXT:032640_NX (NXT:code_NX)
2026-04-21 12:40:04.059 INFO Thread-1 (start_background_loop) chart_export: ka10080 request_until start stk_cd=032640_NX tic_scope=5 start_ymd=20260414
2026-04-21 12:40:04.471 INFO Thread-1 (start_background_loop) chart_export: ka10080 done stk_cd=032640_NX tic_scope=5 rows=900
2026-04-21 12:40:04.472 INFO Thread-1 (start_background_loop) chart_export: NXT volume merge source rows=900 stk_cd=032640_NX (code_NX)
2026-04-21 12:40:04.475 INFO Thread-1 (start_background_loop) chart_export: ka10080 volume = KRX/plain + NXT (summed trde_qty per cntr_tm)
2026-04-21 12:40:04.482 INFO Thread-1 (start_background_loop) chart_export: 5m datetime index +5m (bar end KST)
2026-04-21 12:40:04.483 INFO Thread-1 (start_background_loop) chart_export: 5m dataframe rows=433
2026-04-21 12:40:04.491 WARNING Thread-1 (start_background_loop) chart_export: volume=ka10080 raw (day 20260421 sum=368534 vs ka10059=326441; rel_err1=0.129 rel_err×1000=1127.945)
2026-04-21 12:40:04.508 INFO Thread-1 (start_background_loop) chart_export: build finished tf=min5 out_chars=38463
2026-04-21 12:40:34.652 WARNING MainThread stale: no 0B for 15s (last_0B=2026-04-21T03:40:19.649931+00:00 last_0F=2026-04-21T03:40:06.649844+00:00 gui_tick_q=0 gui_rank_q=0)
2026-04-21 12:42:37.347 INFO Thread-1 (start_background_loop) 0w: first live NXT FID 210=-8128 (combined seen=['KRX', 'NXT'])
2026-04-21 12:59:32.941 INFO Thread-1 (start_background_loop) bot: starting (ticker=241560)
2026-04-21 12:59:35.124 INFO Thread-1 (start_background_loop) bot: connected
2026-04-21 12:59:35.125 INFO Thread-1 (start_background_loop) bot: run() active
2026-04-21 12:59:37.675 INFO MainThread chart_export: UI click tf=min5 ticker=241560
2026-04-21 12:59:37.678 INFO Thread-1 (start_background_loop) chart_export: build start tf=min5 code=241560 end_ymd=20260421
2026-04-21 12:59:40.153 INFO Thread-1 (start_background_loop) ka90008: total(_AL)=14705 (2445 rows) NXT(_NX)=2366 (966 rows) → derived KRX=12339
2026-04-21 12:59:40.154 INFO Thread-1 (start_background_loop) ka90008: queued 2445 combined program history rows (date=20260421 stk=241560 seed KRX=12339 NXT=2366 sum=14705)
2026-04-21 12:59:40.541 INFO Thread-1 (start_background_loop) ka10014: queued 41 short-selling rows (20260220–20260421 stk=241560)
2026-04-21 12:59:40.628 INFO Thread-1 (start_background_loop) stream: REG attached (0B, 0F on 241560; 0w on ['241560', '241560_NX'])
2026-04-21 12:59:44.636 INFO Thread-1 (start_background_loop) 0w: first live KRX FID 210=-17072 (combined seen=['KRX'])
2026-04-21 12:59:45.132 INFO Thread-1 (start_background_loop) chart_export: ka10059 done pages=24 investor_dates=2310 volume_dates=2310
2026-04-21 12:59:45.134 INFO Thread-1 (start_background_loop) chart_export: ka10080 request_until start stk_cd=241560 tic_scope=5 start_ymd=20260414
2026-04-21 12:59:45.553 INFO Thread-1 (start_background_loop) chart_export: ka10080 done stk_cd=241560 tic_scope=5 rows=900
2026-04-21 12:59:45.555 INFO Thread-1 (start_background_loop) chart_export: ka10080 request_until start stk_cd=NXT:241560_NX tic_scope=5 start_ymd=20260414
2026-04-21 12:59:45.938 INFO Thread-1 (start_background_loop) chart_export: ka10080 done stk_cd=NXT:241560_NX tic_scope=5 rows=1
2026-04-21 12:59:45.940 INFO Thread-1 (start_background_loop) chart_export: NXT skip (no mergeable rows) rows=1 stk_cd=NXT:241560_NX (NXT:code_NX)
2026-04-21 12:59:45.941 INFO Thread-1 (start_background_loop) chart_export: ka10080 request_until start stk_cd=241560_NX tic_scope=5 start_ymd=20260414
2026-04-21 12:59:46.359 INFO Thread-1 (start_background_loop) chart_export: ka10080 done stk_cd=241560_NX tic_scope=5 rows=900
2026-04-21 12:59:46.360 INFO Thread-1 (start_background_loop) chart_export: NXT volume merge source rows=900 stk_cd=241560_NX (code_NX)
2026-04-21 12:59:46.362 INFO Thread-1 (start_background_loop) chart_export: ka10080 volume = KRX/plain + NXT (summed trde_qty per cntr_tm)
2026-04-21 12:59:46.370 INFO Thread-1 (start_background_loop) chart_export: 5m datetime index +5m (bar end KST)
2026-04-21 12:59:46.370 INFO Thread-1 (start_background_loop) chart_export: 5m dataframe rows=437
2026-04-21 12:59:46.375 WARNING Thread-1 (start_background_loop) chart_export: volume=ka10080 raw (day 20260421 sum=270325 vs ka10059=199165; rel_err1=0.357 rel_err×1000=1356.292)
2026-04-21 12:59:46.394 INFO Thread-1 (start_background_loop) chart_export: build finished tf=min5 out_chars=38559
2026-04-21 13:00:06.235 INFO Thread-1 (start_background_loop) 0w: first live NXT FID 210=2366 (combined seen=['KRX', 'NXT'])
2026-04-21 13:00:38.947 WARNING MainThread stale: no 0B for 15s (last_0B=2026-04-21T04:00:23.941208+00:00 last_0F=2026-04-21T04:00:00.336440+00:00 gui_tick_q=0 gui_rank_q=0)
2026-04-21 13:01:08.947 WARNING MainThread stale: no 0B for 15s (last_0B=2026-04-21T04:00:53.134398+00:00 last_0F=2026-04-21T04:00:00.336440+00:00 gui_tick_q=0 gui_rank_q=0)
2026-04-21 13:02:14.940 WARNING MainThread stale: no 0B for 15s (last_0B=2026-04-21T04:01:59.934831+00:00 last_0F=2026-04-21T04:01:09.934252+00:00 gui_tick_q=0 gui_rank_q=0)
2026-04-21 13:02:51.942 WARNING MainThread stale: no 0B for 15s (last_0B=2026-04-21T04:02:36.939144+00:00 last_0F=2026-04-21T04:02:18.863728+00:00 gui_tick_q=0 gui_rank_q=0)
2026-04-21 13:03:43.344 WARNING MainThread stale: no 0B for 15s (last_0B=2026-04-21T04:03:28.339077+00:00 last_0F=2026-04-21T04:03:20.733167+00:00 gui_tick_q=0 gui_rank_q=0)
2026-04-21 13:04:28.474 WARNING MainThread stale: no 0B for 15s (last_0B=2026-04-21T04:04:13.473710+00:00 last_0F=2026-04-21T04:04:23.033991+00:00 gui_tick_q=0 gui_rank_q=0)
2026-04-21 13:05:25.940 WARNING MainThread stale: no 0B for 15s (last_0B=2026-04-21T04:05:10.938921+00:00 last_0F=2026-04-21T04:04:23.033991+00:00 gui_tick_q=0 gui_rank_q=0)
2026-04-21 13:07:38.437 WARNING MainThread stale: no 0B for 15s (last_0B=2026-04-21T04:07:23.434832+00:00 last_0F=2026-04-21T04:07:37.629670+00:00 gui_tick_q=0 gui_rank_q=0)
2026-04-21 13:08:21.683 WARNING MainThread stale: no 0B for 15s (last_0B=2026-04-21T04:08:06.679392+00:00 last_0F=2026-04-21T04:07:37.629670+00:00 gui_tick_q=0 gui_rank_q=0)
2026-04-21 13:09:14.031 WARNING MainThread stale: no 0B for 15s (last_0B=2026-04-21T04:08:59.030436+00:00 last_0F=2026-04-21T04:08:39.832306+00:00 gui_tick_q=0 gui_rank_q=0)
2026-04-21 13:10:29.941 WARNING MainThread stale: no 0B for 15s (last_0B=2026-04-21T04:10:14.929485+00:00 last_0F=2026-04-21T04:09:44.729806+00:00 gui_tick_q=0 gui_rank_q=0)
2026-04-21 13:11:10.113 WARNING MainThread stale: no 0B for 15s (last_0B=2026-04-21T04:10:55.030964+00:00 last_0F=2026-04-21T04:10:48.787456+00:00 gui_tick_q=0 gui_rank_q=0)
2026-04-21 13:12:27.034 WARNING MainThread stale: no 0B for 15s (last_0B=2026-04-21T04:12:12.029312+00:00 last_0F=2026-04-21T04:11:54.328352+00:00 gui_tick_q=0 gui_rank_q=0)
2026-04-21 13:15:02.828 WARNING MainThread stale: no 0B for 15s (last_0B=2026-04-21T04:14:47.826050+00:00 last_0F=2026-04-21T04:14:04.326234+00:00 gui_tick_q=0 gui_rank_q=0)
2026-04-21 13:16:15.033 WARNING MainThread stale: no 0B for 15s (last_0B=2026-04-21T04:16:00.026152+00:00 last_0F=2026-04-21T04:15:09.726136+00:00 gui_tick_q=0 gui_rank_q=0)
2026-04-21 13:18:17.432 WARNING MainThread stale: no 0B for 15s (last_0B=2026-04-21T04:18:02.423156+00:00 last_0F=2026-04-21T04:17:19.723370+00:00 gui_tick_q=0 gui_rank_q=0)
2026-04-21 13:18:48.536 WARNING MainThread stale: no 0B for 15s (last_0B=2026-04-21T04:18:33.523106+00:00 last_0F=2026-04-21T04:18:25.222741+00:00 gui_tick_q=0 gui_rank_q=0)
2026-04-21 13:19:36.232 WARNING MainThread stale: no 0B for 15s (last_0B=2026-04-21T04:19:21.222749+00:00 last_0F=2026-04-21T04:19:31.422018+00:00 gui_tick_q=0 gui_rank_q=0)
2026-04-21 13:22:02.926 WARNING MainThread stale: no 0B for 15s (last_0B=2026-04-21T04:21:47.921620+00:00 last_0F=2026-04-21T04:21:40.820726+00:00 gui_tick_q=0 gui_rank_q=0)
2026-04-21 13:22:32.936 WARNING MainThread stale: no 0B for 15s (last_0B=2026-04-21T04:22:17.322009+00:00 last_0F=2026-04-21T04:21:40.820726+00:00 gui_tick_q=0 gui_rank_q=0)
2026-04-21 13:23:10.123 WARNING MainThread stale: no 0B for 15s (last_0B=2026-04-21T04:22:55.121464+00:00 last_0F=2026-04-21T04:22:46.722036+00:00 gui_tick_q=0 gui_rank_q=0)
2026-04-21 13:23:43.330 WARNING MainThread stale: no 0B for 15s (last_0B=2026-04-21T04:23:28.321777+00:00 last_0F=2026-04-21T04:22:46.722036+00:00 gui_tick_q=0 gui_rank_q=0)
2026-04-21 13:24:39.225 WARNING MainThread stale: no 0B for 15s (last_0B=2026-04-21T04:24:24.219072+00:00 last_0F=2026-04-21T04:23:49.422471+00:00 gui_tick_q=0 gui_rank_q=0)
2026-04-21 13:25:11.934 WARNING MainThread stale: no 0B for 15s (last_0B=2026-04-21T04:24:56.918877+00:00 last_0F=2026-04-21T04:24:54.522969+00:00 gui_tick_q=0 gui_rank_q=0)
2026-04-21 13:25:41.943 WARNING MainThread stale: no 0B for 29s (last_0B=2026-04-21T04:25:12.618459+00:00 last_0F=2026-04-21T04:24:54.522969+00:00 gui_tick_q=0 gui_rank_q=0)
2026-04-21 13:26:38.725 WARNING MainThread stale: no 0B for 15s (last_0B=2026-04-21T04:26:23.719132+00:00 last_0F=2026-04-21T04:25:59.921846+00:00 gui_tick_q=0 gui_rank_q=0)
2026-04-21 13:27:16.923 WARNING MainThread stale: no 0B for 15s (last_0B=2026-04-21T04:27:01.920253+00:00 last_0F=2026-04-21T04:27:06.917753+00:00 gui_tick_q=0 gui_rank_q=0)
2026-04-21 13:27:46.935 WARNING MainThread stale: no 0B for 21s (last_0B=2026-04-21T04:27:25.317479+00:00 last_0F=2026-04-21T04:27:06.917753+00:00 gui_tick_q=0 gui_rank_q=0)
2026-04-21 13:28:39.026 WARNING MainThread stale: no 0B for 15s (last_0B=2026-04-21T04:28:24.017734+00:00 last_0F=2026-04-21T04:28:14.421359+00:00 gui_tick_q=0 gui_rank_q=0)
2026-04-21 13:29:43.929 WARNING MainThread stale: no 0B for 15s (last_0B=2026-04-21T04:29:28.926466+00:00 last_0F=2026-04-21T04:29:19.426244+00:00 gui_tick_q=0 gui_rank_q=0)
2026-04-21 13:31:01.121 WARNING MainThread stale: no 0B for 15s (last_0B=2026-04-21T04:30:46.117298+00:00 last_0F=2026-04-21T04:30:25.322745+00:00 gui_tick_q=0 gui_rank_q=0)
2026-04-21 13:31:37.088 WARNING MainThread stale: no 0B for 15s (last_0B=2026-04-21T04:31:22.086512+00:00 last_0F=2026-04-21T04:31:35.733962+00:00 gui_tick_q=0 gui_rank_q=0)
2026-04-21 13:32:14.522 WARNING MainThread stale: no 0B for 15s (last_0B=2026-04-21T04:31:59.515068+00:00 last_0F=2026-04-21T04:31:35.733962+00:00 gui_tick_q=0 gui_rank_q=0)
2026-04-21 13:35:47.635 WARNING MainThread stale: no 0B for 15s (last_0B=2026-04-21T04:35:32.619473+00:00 last_0F=2026-04-21T04:34:51.104140+00:00 gui_tick_q=0 gui_rank_q=0)
2026-04-21 13:38:07.718 WARNING MainThread stale: no 0B for 15s (last_0B=2026-04-21T04:37:52.712941+00:00 last_0F=2026-04-21T04:38:07.211961+00:00 gui_tick_q=0 gui_rank_q=0)
2026-04-21 13:40:32.718 WARNING MainThread stale: no 0B for 15s (last_0B=2026-04-21T04:40:17.712026+00:00 last_0F=2026-04-21T04:40:16.111645+00:00 gui_tick_q=0 gui_rank_q=0)
2026-04-21 13:41:51.719 WARNING MainThread stale: no 0B for 15s (last_0B=2026-04-21T04:41:36.709734+00:00 last_0F=2026-04-21T04:41:20.726663+00:00 gui_tick_q=0 gui_rank_q=0)
2026-04-21 13:42:21.727 WARNING MainThread stale: no 0B for 45s (last_0B=2026-04-21T04:41:36.709734+00:00 last_0F=2026-04-21T04:41:20.726663+00:00 gui_tick_q=0 gui_rank_q=0)
2026-04-21 13:43:43.456 WARNING MainThread stale: no 0B for 15s (last_0B=2026-04-21T04:43:28.450238+00:00 last_0F=2026-04-21T04:43:31.109012+00:00 gui_tick_q=0 gui_rank_q=0)
2026-04-21 13:44:13.454 WARNING MainThread stale: no 0B for 17s (last_0B=2026-04-21T04:43:55.608425+00:00 last_0F=2026-04-21T04:43:31.109012+00:00 gui_tick_q=0 gui_rank_q=0)
2026-04-21 13:44:53.520 WARNING MainThread stale: no 0B for 15s (last_0B=2026-04-21T04:44:38.508562+00:00 last_0F=2026-04-21T04:44:37.015541+00:00 gui_tick_q=0 gui_rank_q=0)
2026-04-21 13:45:54.318 WARNING MainThread stale: no 0B for 15s (last_0B=2026-04-21T04:45:39.308724+00:00 last_0F=2026-04-21T04:45:41.817288+00:00 gui_tick_q=0 gui_rank_q=0)
2026-04-21 13:46:24.320 WARNING MainThread stale: no 0B for 45s (last_0B=2026-04-21T04:45:39.308724+00:00 last_0F=2026-04-21T04:45:41.817288+00:00 gui_tick_q=0 gui_rank_q=0)
2026-04-21 13:47:27.720 WARNING MainThread stale: no 0B for 15s (last_0B=2026-04-21T04:47:12.706937+00:00 last_0F=2026-04-21T04:46:47.922478+00:00 gui_tick_q=0 gui_rank_q=0)
2026-04-21 13:48:51.030 WARNING MainThread stale: no 0B for 15s (last_0B=2026-04-21T04:48:36.018744+00:00 last_0F=2026-04-21T04:47:53.606804+00:00 gui_tick_q=0 gui_rank_q=0)
2026-04-21 13:49:45.916 WARNING MainThread stale: no 0B for 15s (last_0B=2026-04-21T04:49:30.907788+00:00 last_0F=2026-04-21T04:48:55.906329+00:00 gui_tick_q=0 gui_rank_q=0)
2026-04-21 13:51:36.418 WARNING MainThread stale: no 0B for 15s (last_0B=2026-04-21T04:51:21.404516+00:00 last_0F=2026-04-21T04:51:06.209873+00:00 gui_tick_q=0 gui_rank_q=0)
2026-04-21 13:52:06.424 WARNING MainThread stale: no 0B for 21s (last_0B=2026-04-21T04:51:44.603892+00:00 last_0F=2026-04-21T04:51:06.209873+00:00 gui_tick_q=0 gui_rank_q=0)
2026-04-21 13:54:09.806 WARNING MainThread stale: no 0B for 15s (last_0B=2026-04-21T04:53:54.802470+00:00 last_0F=2026-04-21T04:53:19.104308+00:00 gui_tick_q=0 gui_rank_q=0)
2026-04-21 13:55:42.654 WARNING MainThread stale: no 0B for 15s (last_0B=2026-04-21T04:55:27.639964+00:00 last_0F=2026-04-21T04:55:30.102522+00:00 gui_tick_q=0 gui_rank_q=0)
2026-04-21 13:58:11.044 WARNING MainThread stale: no 0B for 15s (last_0B=2026-04-21T04:57:56.041459+00:00 last_0F=2026-04-21T04:57:40.401326+00:00 gui_tick_q=0 gui_rank_q=0)
2026-04-21 13:58:41.046 WARNING MainThread stale: no 0B for 23s (last_0B=2026-04-21T04:58:17.899709+00:00 last_0F=2026-04-21T04:57:40.401326+00:00 gui_tick_q=0 gui_rank_q=0)
2026-04-21 14:00:24.321 WARNING MainThread stale: no 0B for 15s (last_0B=2026-04-21T05:00:09.301632+00:00 last_0F=2026-04-21T04:59:48.500579+00:00 gui_tick_q=0 gui_rank_q=0)
2026-04-21 14:02:58.299 WARNING MainThread stale: no 0B for 15s (last_0B=2026-04-21T05:02:43.213520+00:00 last_0F=2026-04-21T05:02:04.398386+00:00 gui_tick_q=0 gui_rank_q=0)
2026-04-21 14:03:28.313 WARNING MainThread stale: no 0B for 18s (last_0B=2026-04-21T05:03:09.998315+00:00 last_0F=2026-04-21T05:03:09.597823+00:00 gui_tick_q=0 gui_rank_q=0)
2026-04-21 14:04:23.013 WARNING MainThread stale: no 0B for 15s (last_0B=2026-04-21T05:04:07.998224+00:00 last_0F=2026-04-21T05:04:16.896455+00:00 gui_tick_q=0 gui_rank_q=0)
2026-04-21 14:04:53.014 WARNING MainThread stale: no 0B for 16s (last_0B=2026-04-21T05:04:36.997330+00:00 last_0F=2026-04-21T05:04:16.896455+00:00 gui_tick_q=0 gui_rank_q=0)
2026-04-21 14:05:46.703 WARNING MainThread stale: no 0B for 15s (last_0B=2026-04-21T05:05:31.695951+00:00 last_0F=2026-04-21T05:05:21.397963+00:00 gui_tick_q=0 gui_rank_q=0)
2026-04-21 14:06:42.414 WARNING MainThread stale: no 0B for 15s (last_0B=2026-04-21T05:06:27.398067+00:00 last_0F=2026-04-21T05:06:26.797664+00:00 gui_tick_q=0 gui_rank_q=0)
2026-04-21 14:10:54.934 WARNING MainThread stale: no 0B for 15s (last_0B=2026-04-21T05:10:39.920169+00:00 last_0F=2026-04-21T05:10:48.394127+00:00 gui_tick_q=0 gui_rank_q=0)
2026-04-21 14:13:04.601 WARNING MainThread stale: no 0B for 15s (last_0B=2026-04-21T05:12:49.583541+00:00 last_0F=2026-04-21T05:12:59.691529+00:00 gui_tick_q=0 gui_rank_q=0)
2026-04-21 14:15:27.708 WARNING MainThread stale: no 0B for 15s (last_0B=2026-04-21T05:15:12.692493+00:00 last_0F=2026-04-21T05:15:12.690565+00:00 gui_tick_q=0 gui_rank_q=0)
2026-04-21 14:19:05.902 WARNING MainThread stale: no 0B for 15s (last_0B=2026-04-21T05:18:50.888662+00:00 last_0F=2026-04-21T05:18:28.489233+00:00 gui_tick_q=0 gui_rank_q=0)
2026-04-21 14:21:06.804 WARNING MainThread stale: no 0B for 15s (last_0B=2026-04-21T05:20:51.795894+00:00 last_0F=2026-04-21T05:20:37.287597+00:00 gui_tick_q=0 gui_rank_q=0)
2026-04-21 14:21:51.802 WARNING MainThread stale: no 0B for 15s (last_0B=2026-04-21T05:21:36.787110+00:00 last_0F=2026-04-21T05:21:43.086685+00:00 gui_tick_q=0 gui_rank_q=0)
2026-04-21 14:24:41.192 WARNING MainThread stale: no 0B for 15s (last_0B=2026-04-21T05:24:26.186487+00:00 last_0F=2026-04-21T05:23:54.086404+00:00 gui_tick_q=0 gui_rank_q=0)
2026-04-21 14:27:23.794 WARNING MainThread stale: no 0B for 15s (last_0B=2026-04-21T05:27:08.783595+00:00 last_0F=2026-04-21T05:27:09.184173+00:00 gui_tick_q=0 gui_rank_q=0)
2026-04-21 14:30:54.435 WARNING MainThread stale: no 0B for 15s (last_0B=2026-04-21T05:30:39.421617+00:00 last_0F=2026-04-21T05:30:21.481549+00:00 gui_tick_q=0 gui_rank_q=0)
2026-04-21 14:31:55.638 WARNING MainThread stale: no 0B for 15s (last_0B=2026-04-21T05:31:40.629961+00:00 last_0F=2026-04-21T05:31:31.881800+00:00 gui_tick_q=0 gui_rank_q=0)
2026-04-21 14:33:07.903 WARNING MainThread stale: no 0B for 15s (last_0B=2026-04-21T05:32:52.888822+00:00 last_0F=2026-04-21T05:32:37.581775+00:00 gui_tick_q=0 gui_rank_q=0)
2026-04-21 14:34:05.185 WARNING MainThread stale: no 0B for 15s (last_0B=2026-04-21T05:33:50.181191+00:00 last_0F=2026-04-21T05:33:42.579679+00:00 gui_tick_q=0 gui_rank_q=0)
2026-04-21 14:34:38.228 WARNING MainThread stale: no 0B for 15s (last_0B=2026-04-21T05:34:23.225945+00:00 last_0F=2026-04-21T05:33:42.579679+00:00 gui_tick_q=0 gui_rank_q=0)
2026-04-21 14:37:25.912 WARNING MainThread stale: no 0B for 15s (last_0B=2026-04-21T05:37:10.907734+00:00 last_0F=2026-04-21T05:36:57.483090+00:00 gui_tick_q=0 gui_rank_q=0)
2026-04-22 10:13:01.900 INFO Thread-1 (start_background_loop) bot: starting (ticker=241560)
2026-04-22 10:13:03.485 INFO Thread-1 (start_background_loop) bot: connected
2026-04-22 10:13:03.513 INFO Thread-1 (start_background_loop) bot: run() active
2026-04-22 10:13:05.544 INFO Thread-1 (start_background_loop) ka90008: total(_AL)=15670 (1075 rows) NXT(_NX)=6621 (559 rows) → derived KRX=9049
2026-04-22 10:13:05.544 INFO Thread-1 (start_background_loop) ka90008: queued 1075 combined program history rows (date=20260422 stk=241560 seed KRX=9049 NXT=6621 sum=15670)
2026-04-22 10:13:05.726 INFO Thread-1 (start_background_loop) ka10014: queued 41 short-selling rows (20260221–20260422 stk=241560)
2026-04-22 10:13:05.809 INFO Thread-1 (start_background_loop) stream: REG attached (0B, 0F on 241560; 0w on ['241560', '241560_NX'])
2026-04-22 10:13:10.086 INFO Thread-1 (start_background_loop) 0w: first live KRX FID 210=9052 (combined seen=['KRX'])
2026-04-22 10:13:43.085 INFO Thread-1 (start_background_loop) 0w: first live NXT FID 210=6621 (combined seen=['KRX', 'NXT'])
2026-04-22 10:22:31.685 WARNING MainThread stale: no 0B for 15s (last_0B=2026-04-22T01:22:16.681355+00:00 last_0F=2026-04-22T01:21:55.281336+00:00 gui_tick_q=0 gui_rank_q=0)
2026-04-22 10:25:06.583 WARNING MainThread stale: no 0B for 15s (last_0B=2026-04-22T01:24:51.580543+00:00 last_0F=2026-04-22T01:24:18.988913+00:00 gui_tick_q=0 gui_rank_q=0)
2026-04-22 10:32:13.578 WARNING MainThread stale: no 0B for 15s (last_0B=2026-04-22T01:31:58.575249+00:00 last_0F=2026-04-22T01:31:21.575116+00:00 gui_tick_q=0 gui_rank_q=0)
2026-04-22 10:41:57.070 WARNING MainThread stale: no 0B for 15s (last_0B=2026-04-22T01:41:42.068713+00:00 last_0F=2026-04-22T01:41:56.268216+00:00 gui_tick_q=0 gui_rank_q=0)
2026-04-22 10:52:25.167 WARNING MainThread stale: no 0B for 15s (last_0B=2026-04-22T01:52:10.163302+00:00 last_0F=2026-04-22T01:52:13.064888+00:00 gui_tick_q=0 gui_rank_q=0)
2026-04-22 10:59:52.563 WARNING MainThread stale: no 0B for 15s (last_0B=2026-04-22T01:59:37.559657+00:00 last_0F=2026-04-22T01:59:01.158444+00:00 gui_tick_q=0 gui_rank_q=0)
2026-04-22 11:00:44.162 WARNING MainThread stale: no 0B for 15s (last_0B=2026-04-22T02:00:29.158076+00:00 last_0F=2026-04-22T02:00:09.158799+00:00 gui_tick_q=0 gui_rank_q=0)
2026-04-22 11:01:54.482 WARNING MainThread stale: no 0B for 15s (last_0B=2026-04-22T02:01:39.479364+00:00 last_0F=2026-04-22T02:01:21.757669+00:00 gui_tick_q=0 gui_rank_q=0)
2026-04-22 11:02:45.960 WARNING MainThread stale: no 0B for 15s (last_0B=2026-04-22T02:02:30.956633+00:00 last_0F=2026-04-22T02:02:30.157940+00:00 gui_tick_q=0 gui_rank_q=0)
2026-04-22 11:03:42.862 WARNING MainThread stale: no 0B for 15s (last_0B=2026-04-22T02:03:27.858507+00:00 last_0F=2026-04-22T02:03:36.758444+00:00 gui_tick_q=0 gui_rank_q=0)
2026-04-22 11:04:12.863 WARNING MainThread stale: no 0B for 16s (last_0B=2026-04-22T02:03:56.856514+00:00 last_0F=2026-04-22T02:03:36.758444+00:00 gui_tick_q=0 gui_rank_q=0)
2026-04-22 11:04:51.356 WARNING MainThread stale: no 0B for 15s (last_0B=2026-04-22T02:04:36.354707+00:00 last_0F=2026-04-22T02:04:42.458267+00:00 gui_tick_q=0 gui_rank_q=0)
2026-04-22 11:06:11.263 WARNING MainThread stale: no 0B for 15s (last_0B=2026-04-22T02:05:56.260376+00:00 last_0F=2026-04-22T02:05:47.957657+00:00 gui_tick_q=0 gui_rank_q=0)
2026-04-22 11:07:42.357 WARNING MainThread stale: no 0B for 15s (last_0B=2026-04-22T02:07:27.354803+00:00 last_0F=2026-04-22T02:06:55.454075+00:00 gui_tick_q=0 gui_rank_q=0)
2026-04-22 11:10:09.553 WARNING MainThread stale: no 0B for 15s (last_0B=2026-04-22T02:09:54.552123+00:00 last_0F=2026-04-22T02:09:15.454825+00:00 gui_tick_q=0 gui_rank_q=0)
2026-04-22 11:10:54.860 WARNING MainThread stale: no 0B for 15s (last_0B=2026-04-22T02:10:39.856471+00:00 last_0F=2026-04-22T02:10:23.953854+00:00 gui_tick_q=0 gui_rank_q=0)
2026-04-22 11:12:51.753 WARNING MainThread stale: no 0B for 15s (last_0B=2026-04-22T02:12:36.751331+00:00 last_0F=2026-04-22T02:12:40.751396+00:00 gui_tick_q=0 gui_rank_q=0)
2026-04-22 11:13:33.854 WARNING MainThread stale: no 0B for 15s (last_0B=2026-04-22T02:13:18.851039+00:00 last_0F=2026-04-22T02:12:40.751396+00:00 gui_tick_q=0 gui_rank_q=0)
2026-04-22 11:15:25.751 WARNING MainThread stale: no 0B for 15s (last_0B=2026-04-22T02:15:10.750779+00:00 last_0F=2026-04-22T02:14:59.749032+00:00 gui_tick_q=0 gui_rank_q=0)
2026-04-22 11:16:58.653 WARNING MainThread stale: no 0B for 15s (last_0B=2026-04-22T02:16:43.649366+00:00 last_0F=2026-04-22T02:16:09.058275+00:00 gui_tick_q=0 gui_rank_q=0)
2026-04-22 11:17:39.954 WARNING MainThread stale: no 0B for 15s (last_0B=2026-04-22T02:17:24.948468+00:00 last_0F=2026-04-22T02:17:18.148316+00:00 gui_tick_q=0 gui_rank_q=0)
2026-04-22 11:18:30.352 WARNING MainThread stale: no 0B for 15s (last_0B=2026-04-22T02:18:15.348464+00:00 last_0F=2026-04-22T02:18:25.949689+00:00 gui_tick_q=0 gui_rank_q=0)
2026-04-22 11:21:46.549 WARNING MainThread stale: no 0B for 15s (last_0B=2026-04-22T02:21:31.547260+00:00 last_0F=2026-04-22T02:21:45.045569+00:00 gui_tick_q=0 gui_rank_q=0)
2026-04-22 11:22:28.949 WARNING MainThread stale: no 0B for 15s (last_0B=2026-04-22T02:22:13.946934+00:00 last_0F=2026-04-22T02:21:45.045569+00:00 gui_tick_q=0 gui_rank_q=0)
2026-04-22 11:23:48.850 WARNING MainThread stale: no 0B for 15s (last_0B=2026-04-22T02:23:33.848773+00:00 last_0F=2026-04-22T02:22:54.045479+00:00 gui_tick_q=0 gui_rank_q=0)
2026-04-22 11:25:01.547 WARNING MainThread stale: no 0B for 15s (last_0B=2026-04-22T02:24:46.544992+00:00 last_0F=2026-04-22T02:24:00.643848+00:00 gui_tick_q=0 gui_rank_q=0)
2026-04-22 11:25:45.648 WARNING MainThread stale: no 0B for 15s (last_0B=2026-04-22T02:25:30.644767+00:00 last_0F=2026-04-22T02:25:07.046602+00:00 gui_tick_q=0 gui_rank_q=0)
2026-04-22 11:26:15.651 WARNING MainThread stale: no 0B for 15s (last_0B=2026-04-22T02:26:00.157015+00:00 last_0F=2026-04-22T02:26:12.744603+00:00 gui_tick_q=0 gui_rank_q=0)
2026-04-22 11:27:29.146 WARNING MainThread stale: no 0B for 15s (last_0B=2026-04-22T02:27:14.144202+00:00 last_0F=2026-04-22T02:27:17.042928+00:00 gui_tick_q=0 gui_rank_q=0)
2026-04-22 11:28:02.393 INFO MainThread chart_export: UI click tf=min5 ticker=241560
2026-04-22 11:28:02.396 INFO Thread-1 (start_background_loop) chart_export: build start tf=min5 code=241560 end_ymd=20260422
2026-04-22 11:28:03.549 WARNING MainThread stale: no 0B for 15s (last_0B=2026-04-22T02:27:48.544239+00:00 last_0F=2026-04-22T02:27:17.042928+00:00 gui_tick_q=0 gui_rank_q=0)
2026-04-22 11:28:12.104 INFO Thread-1 (start_background_loop) chart_export: ka10059 done pages=24 investor_dates=2311 volume_dates=2311
2026-04-22 11:28:12.106 INFO Thread-1 (start_background_loop) chart_export: ka10080 request_until start stk_cd=241560 tic_scope=5 start_ymd=20260415
2026-04-22 11:28:12.543 INFO Thread-1 (start_background_loop) chart_export: ka10080 done stk_cd=241560 tic_scope=5 rows=900
2026-04-22 11:28:12.544 INFO Thread-1 (start_background_loop) chart_export: ka10080 request_until start stk_cd=NXT:241560_NX tic_scope=5 start_ymd=20260415
2026-04-22 11:28:12.915 INFO Thread-1 (start_background_loop) chart_export: ka10080 done stk_cd=NXT:241560_NX tic_scope=5 rows=1
2026-04-22 11:28:12.917 INFO Thread-1 (start_background_loop) chart_export: NXT skip (no mergeable rows) rows=1 stk_cd=NXT:241560_NX (NXT:code_NX)
2026-04-22 11:28:12.919 INFO Thread-1 (start_background_loop) chart_export: ka10080 request_until start stk_cd=241560_NX tic_scope=5 start_ymd=20260415
2026-04-22 11:28:13.339 INFO Thread-1 (start_background_loop) chart_export: ka10080 done stk_cd=241560_NX tic_scope=5 rows=900
2026-04-22 11:28:13.340 INFO Thread-1 (start_background_loop) chart_export: NXT volume merge source rows=900 stk_cd=241560_NX (code_NX)
2026-04-22 11:28:13.344 INFO Thread-1 (start_background_loop) chart_export: ka10080 volume = KRX/plain + NXT (summed trde_qty per cntr_tm)
2026-04-22 11:28:13.362 INFO Thread-1 (start_background_loop) chart_export: 5m datetime index +5m (bar end KST)
2026-04-22 11:28:13.363 INFO Thread-1 (start_background_loop) chart_export: 5m dataframe rows=419
2026-04-22 11:28:13.367 WARNING Thread-1 (start_background_loop) chart_export: volume=ka10080 raw (day 20260422 sum=305258 vs ka10059=241789; rel_err1=0.262 rel_err×1000=1261.497)
2026-04-22 11:28:13.388 INFO Thread-1 (start_background_loop) chart_export: build finished tf=min5 out_chars=36947
2026-04-22 11:28:33.549 WARNING MainThread stale: no 0B for 17s (last_0B=2026-04-22T02:28:15.842673+00:00 last_0F=2026-04-22T02:28:20.942899+00:00 gui_tick_q=0 gui_rank_q=0)
2026-04-22 11:29:40.846 WARNING MainThread stale: no 0B for 15s (last_0B=2026-04-22T02:29:25.841747+00:00 last_0F=2026-04-22T02:29:28.540728+00:00 gui_tick_q=0 gui_rank_q=0)
2026-04-22 11:31:41.950 WARNING MainThread stale: no 0B for 15s (last_0B=2026-04-22T02:31:26.949154+00:00 last_0F=2026-04-22T02:31:40.859190+00:00 gui_tick_q=0 gui_rank_q=0)
2026-04-22 11:33:06.841 WARNING MainThread stale: no 0B for 15s (last_0B=2026-04-22T02:32:51.838801+00:00 last_0F=2026-04-22T02:32:45.639456+00:00 gui_tick_q=0 gui_rank_q=0)
2026-04-22 11:34:40.645 WARNING MainThread stale: no 0B for 15s (last_0B=2026-04-22T02:34:25.641363+00:00 last_0F=2026-04-22T02:33:51.754848+00:00 gui_tick_q=0 gui_rank_q=0)
2026-04-22 11:36:36.541 WARNING MainThread stale: no 0B for 15s (last_0B=2026-04-22T02:36:21.537953+00:00 last_0F=2026-04-22T02:36:06.651729+00:00 gui_tick_q=0 gui_rank_q=0)
2026-04-22 11:38:04.037 WARNING MainThread stale: no 0B for 15s (last_0B=2026-04-22T02:37:49.036030+00:00 last_0F=2026-04-22T02:37:10.536306+00:00 gui_tick_q=0 gui_rank_q=0)
2026-04-22 11:38:40.437 WARNING MainThread stale: no 0B for 15s (last_0B=2026-04-22T02:38:25.436907+00:00 last_0F=2026-04-22T02:38:13.938261+00:00 gui_tick_q=0 gui_rank_q=0)
2026-04-22 11:39:13.741 WARNING MainThread stale: no 0B for 15s (last_0B=2026-04-22T02:38:58.737736+00:00 last_0F=2026-04-22T02:38:13.938261+00:00 gui_tick_q=0 gui_rank_q=0)
2026-04-22 11:40:54.742 WARNING MainThread stale: no 0B for 15s (last_0B=2026-04-22T02:40:39.738245+00:00 last_0F=2026-04-22T02:40:23.936207+00:00 gui_tick_q=0 gui_rank_q=0)
2026-04-22 11:41:50.735 WARNING MainThread stale: no 0B for 15s (last_0B=2026-04-22T02:41:35.734306+00:00 last_0F=2026-04-22T02:41:29.236790+00:00 gui_tick_q=0 gui_rank_q=0)
2026-04-22 11:43:07.841 WARNING MainThread stale: no 0B for 15s (last_0B=2026-04-22T02:42:52.835184+00:00 last_0F=2026-04-22T02:42:32.933630+00:00 gui_tick_q=0 gui_rank_q=0)
2026-04-22 11:44:52.835 WARNING MainThread stale: no 0B for 15s (last_0B=2026-04-22T02:44:37.832918+00:00 last_0F=2026-04-22T02:44:36.625943+00:00 gui_tick_q=0 gui_rank_q=0)
2026-04-22 11:48:19.930 WARNING MainThread stale: no 0B for 15s (last_0B=2026-04-22T02:48:04.929893+00:00 last_0F=2026-04-22T02:47:45.230317+00:00 gui_tick_q=0 gui_rank_q=0)
2026-04-22 11:49:23.535 WARNING MainThread stale: no 0B for 15s (last_0B=2026-04-22T02:49:08.531191+00:00 last_0F=2026-04-22T02:48:47.530788+00:00 gui_tick_q=0 gui_rank_q=0)
2026-04-22 11:50:05.734 WARNING MainThread stale: no 0B for 15s (last_0B=2026-04-22T02:49:50.728850+00:00 last_0F=2026-04-22T02:49:50.628689+00:00 gui_tick_q=0 gui_rank_q=0)
2026-04-22 11:51:06.531 WARNING MainThread stale: no 0B for 15s (last_0B=2026-04-22T02:50:51.528079+00:00 last_0F=2026-04-22T02:50:55.042048+00:00 gui_tick_q=0 gui_rank_q=0)
2026-04-22 11:55:06.232 WARNING MainThread stale: no 0B for 15s (last_0B=2026-04-22T02:54:51.226600+00:00 last_0F=2026-04-22T02:54:07.728714+00:00 gui_tick_q=0 gui_rank_q=0)
2026-04-22 11:57:14.626 WARNING MainThread stale: no 0B for 15s (last_0B=2026-04-22T02:56:59.624018+00:00 last_0F=2026-04-22T02:56:20.625423+00:00 gui_tick_q=0 gui_rank_q=0)
2026-04-22 11:58:54.630 WARNING MainThread stale: no 0B for 15s (last_0B=2026-04-22T02:58:39.628010+00:00 last_0F=2026-04-22T02:58:26.624990+00:00 gui_tick_q=0 gui_rank_q=0)
2026-04-22 11:59:36.031 WARNING MainThread stale: no 0B for 15s (last_0B=2026-04-22T02:59:21.025995+00:00 last_0F=2026-04-22T02:59:30.124831+00:00 gui_tick_q=0 gui_rank_q=0)
2026-04-22 12:02:07.624 WARNING MainThread stale: no 0B for 15s (last_0B=2026-04-22T03:01:52.622578+00:00 last_0F=2026-04-22T03:01:40.823154+00:00 gui_tick_q=0 gui_rank_q=0)
2026-04-22 12:02:38.230 WARNING MainThread stale: no 0B for 15s (last_0B=2026-04-22T03:02:23.225701+00:00 last_0F=2026-04-22T03:01:40.823154+00:00 gui_tick_q=0 gui_rank_q=0)
2026-04-22 12:06:03.424 WARNING MainThread stale: no 0B for 15s (last_0B=2026-04-22T03:05:48.421216+00:00 last_0F=2026-04-22T03:05:50.421744+00:00 gui_tick_q=0 gui_rank_q=0)
2026-04-22 12:07:00.021 WARNING MainThread stale: no 0B for 15s (last_0B=2026-04-22T03:06:45.020345+00:00 last_0F=2026-04-22T03:06:52.621932+00:00 gui_tick_q=0 gui_rank_q=0)
2026-04-22 12:08:23.923 WARNING MainThread stale: no 0B for 15s (last_0B=2026-04-22T03:08:08.921268+00:00 last_0F=2026-04-22T03:07:54.519308+00:00 gui_tick_q=0 gui_rank_q=0)
2026-04-22 12:09:58.320 WARNING MainThread stale: no 0B for 15s (last_0B=2026-04-22T03:09:43.318788+00:00 last_0F=2026-04-22T03:08:58.421499+00:00 gui_tick_q=0 gui_rank_q=0)
2026-04-22 12:11:19.622 WARNING MainThread stale: no 0B for 15s (last_0B=2026-04-22T03:11:04.621794+00:00 last_0F=2026-04-22T03:11:04.717576+00:00 gui_tick_q=0 gui_rank_q=0)
2026-04-22 12:12:12.318 WARNING MainThread stale: no 0B for 15s (last_0B=2026-04-22T03:11:57.315607+00:00 last_0F=2026-04-22T03:12:07.515437+00:00 gui_tick_q=0 gui_rank_q=0)
2026-04-22 12:13:15.218 WARNING MainThread stale: no 0B for 15s (last_0B=2026-04-22T03:13:00.216596+00:00 last_0F=2026-04-22T03:13:11.515082+00:00 gui_tick_q=0 gui_rank_q=0)
2026-04-22 12:13:54.218 WARNING MainThread stale: no 0B for 15s (last_0B=2026-04-22T03:13:39.216460+00:00 last_0F=2026-04-22T03:13:11.515082+00:00 gui_tick_q=0 gui_rank_q=0)
2026-04-22 12:14:26.916 WARNING MainThread stale: no 0B for 15s (last_0B=2026-04-22T03:14:11.914607+00:00 last_0F=2026-04-22T03:14:17.513822+00:00 gui_tick_q=0 gui_rank_q=0)
2026-04-22 12:15:15.916 WARNING MainThread stale: no 0B for 15s (last_0B=2026-04-22T03:15:00.913872+00:00 last_0F=2026-04-22T03:14:17.513822+00:00 gui_tick_q=0 gui_rank_q=0)
2026-04-22 12:16:19.715 WARNING MainThread stale: no 0B for 15s (last_0B=2026-04-22T03:16:04.712526+00:00 last_0F=2026-04-22T03:15:19.112970+00:00 gui_tick_q=0 gui_rank_q=0)
2026-04-22 12:16:57.513 WARNING MainThread stale: no 0B for 15s (last_0B=2026-04-22T03:16:42.512396+00:00 last_0F=2026-04-22T03:16:22.512400+00:00 gui_tick_q=0 gui_rank_q=0)
2026-04-22 12:19:32.415 WARNING MainThread stale: no 0B for 15s (last_0B=2026-04-22T03:19:17.410385+00:00 last_0F=2026-04-22T03:19:28.909589+00:00 gui_tick_q=0 gui_rank_q=0)
2026-04-22 12:23:41.310 WARNING MainThread stale: no 0B for 15s (last_0B=2026-04-22T03:23:26.308967+00:00 last_0F=2026-04-22T03:23:41.008688+00:00 gui_tick_q=0 gui_rank_q=0)
2026-04-22 12:26:09.216 WARNING MainThread stale: no 0B for 15s (last_0B=2026-04-22T03:25:54.212630+00:00 last_0F=2026-04-22T03:25:51.137327+00:00 gui_tick_q=0 gui_rank_q=0)
2026-04-22 12:27:15.509 WARNING MainThread stale: no 0B for 15s (last_0B=2026-04-22T03:27:00.507849+00:00 last_0F=2026-04-22T03:26:54.407949+00:00 gui_tick_q=0 gui_rank_q=0)
2026-04-22 12:28:56.807 WARNING MainThread stale: no 0B for 15s (last_0B=2026-04-22T03:28:41.806183+00:00 last_0F=2026-04-22T03:27:55.906247+00:00 gui_tick_q=0 gui_rank_q=0)
2026-04-22 12:29:35.214 WARNING MainThread stale: no 0B for 15s (last_0B=2026-04-22T03:29:20.213031+00:00 last_0F=2026-04-22T03:28:58.706283+00:00 gui_tick_q=0 gui_rank_q=0)
2026-04-22 12:30:17.107 WARNING MainThread stale: no 0B for 15s (last_0B=2026-04-22T03:30:02.104748+00:00 last_0F=2026-04-22T03:30:01.406004+00:00 gui_tick_q=0 gui_rank_q=0)
2026-04-22 12:32:59.809 WARNING MainThread stale: no 0B for 15s (last_0B=2026-04-22T03:32:44.804143+00:00 last_0F=2026-04-22T03:32:15.303483+00:00 gui_tick_q=0 gui_rank_q=0)
2026-04-22 12:34:27.604 WARNING MainThread stale: no 0B for 15s (last_0B=2026-04-22T03:34:12.601980+00:00 last_0F=2026-04-22T03:34:26.703556+00:00 gui_tick_q=0 gui_rank_q=0)
2026-04-22 12:35:33.504 WARNING MainThread stale: no 0B for 15s (last_0B=2026-04-22T03:35:18.502959+00:00 last_0F=2026-04-22T03:35:30.203938+00:00 gui_tick_q=0 gui_rank_q=0)
2026-04-22 12:36:07.405 WARNING MainThread stale: no 0B for 15s (last_0B=2026-04-22T03:35:52.403628+00:00 last_0F=2026-04-22T03:35:30.203938+00:00 gui_tick_q=0 gui_rank_q=0)
2026-04-22 12:37:00.605 WARNING MainThread stale: no 0B for 15s (last_0B=2026-04-22T03:36:45.600658+00:00 last_0F=2026-04-22T03:36:32.699906+00:00 gui_tick_q=0 gui_rank_q=0)
2026-04-22 12:38:41.104 WARNING MainThread stale: no 0B for 15s (last_0B=2026-04-22T03:38:26.102264+00:00 last_0F=2026-04-22T03:38:37.399703+00:00 gui_tick_q=0 gui_rank_q=0)
2026-04-22 12:39:39.310 WARNING MainThread stale: no 0B for 15s (last_0B=2026-04-22T03:39:24.307225+00:00 last_0F=2026-04-22T03:38:37.399703+00:00 gui_tick_q=0 gui_rank_q=0)
2026-04-22 12:40:43.701 WARNING MainThread stale: no 0B for 15s (last_0B=2026-04-22T03:40:28.698470+00:00 last_0F=2026-04-22T03:40:42.400269+00:00 gui_tick_q=0 gui_rank_q=0)
2026-04-22 12:41:28.007 WARNING MainThread stale: no 0B for 15s (last_0B=2026-04-22T03:41:13.005360+00:00 last_0F=2026-04-22T03:40:42.400269+00:00 gui_tick_q=0 gui_rank_q=0)
2026-04-22 12:42:10.103 WARNING MainThread stale: no 0B for 15s (last_0B=2026-04-22T03:41:55.102889+00:00 last_0F=2026-04-22T03:41:46.599125+00:00 gui_tick_q=0 gui_rank_q=0)
2026-04-22 12:44:30.202 WARNING MainThread stale: no 0B for 15s (last_0B=2026-04-22T03:44:15.198032+00:00 last_0F=2026-04-22T03:43:54.596389+00:00 gui_tick_q=0 gui_rank_q=0)
2026-04-22 12:45:10.799 WARNING MainThread stale: no 0B for 15s (last_0B=2026-04-22T03:44:55.795410+00:00 last_0F=2026-04-22T03:44:56.496539+00:00 gui_tick_q=0 gui_rank_q=0)
2026-04-22 12:45:53.602 WARNING MainThread stale: no 0B for 15s (last_0B=2026-04-22T03:45:38.597935+00:00 last_0F=2026-04-22T03:44:56.496539+00:00 gui_tick_q=0 gui_rank_q=0)
2026-04-22 12:46:32.498 WARNING MainThread stale: no 0B for 15s (last_0B=2026-04-22T03:46:17.497113+00:00 last_0F=2026-04-22T03:46:00.895770+00:00 gui_tick_q=0 gui_rank_q=0)
2026-04-22 12:47:02.500 WARNING MainThread stale: no 0B for 25s (last_0B=2026-04-22T03:46:36.604537+00:00 last_0F=2026-04-22T03:46:00.895770+00:00 gui_tick_q=0 gui_rank_q=0)
2026-04-22 12:47:56.095 WARNING MainThread stale: no 0B for 15s (last_0B=2026-04-22T03:47:41.095416+00:00 last_0F=2026-04-22T03:47:03.995128+00:00 gui_tick_q=0 gui_rank_q=0)
2026-04-22 12:49:09.212 WARNING MainThread stale: no 0B for 15s (last_0B=2026-04-22T03:48:54.208085+00:00 last_0F=2026-04-22T03:48:07.994533+00:00 gui_tick_q=0 gui_rank_q=0)
2026-04-22 12:50:44.896 WARNING MainThread stale: no 0B for 15s (last_0B=2026-04-22T03:50:29.892919+00:00 last_0F=2026-04-22T03:50:15.294649+00:00 gui_tick_q=0 gui_rank_q=0)
2026-04-22 12:51:14.897 WARNING MainThread stale: no 0B for 16s (last_0B=2026-04-22T03:50:58.893964+00:00 last_0F=2026-04-22T03:50:15.294649+00:00 gui_tick_q=0 gui_rank_q=0)
2026-04-22 12:54:59.793 WARNING MainThread stale: no 0B for 15s (last_0B=2026-04-22T03:54:44.791927+00:00 last_0F=2026-04-22T03:54:36.196235+00:00 gui_tick_q=0 gui_rank_q=0)
2026-04-22 12:55:29.793 WARNING MainThread stale: no 0B for 28s (last_0B=2026-04-22T03:55:00.990883+00:00 last_0F=2026-04-22T03:54:36.196235+00:00 gui_tick_q=0 gui_rank_q=0)
2026-04-22 12:56:24.793 WARNING MainThread stale: no 0B for 15s (last_0B=2026-04-22T03:56:09.790220+00:00 last_0F=2026-04-22T03:55:43.790843+00:00 gui_tick_q=0 gui_rank_q=0)
2026-04-22 12:57:27.694 WARNING MainThread stale: no 0B for 15s (last_0B=2026-04-22T03:57:12.689433+00:00 last_0F=2026-04-22T03:56:49.497985+00:00 gui_tick_q=0 gui_rank_q=0)
2026-04-22 12:58:37.390 WARNING MainThread stale: no 0B for 15s (last_0B=2026-04-22T03:58:22.388873+00:00 last_0F=2026-04-22T03:57:52.392064+00:00 gui_tick_q=0 gui_rank_q=0)
2026-04-22 12:59:38.092 WARNING MainThread stale: no 0B for 15s (last_0B=2026-04-22T03:59:23.090824+00:00 last_0F=2026-04-22T03:58:55.992129+00:00 gui_tick_q=0 gui_rank_q=0)
2026-04-22 13:00:26.493 WARNING MainThread stale: no 0B for 15s (last_0B=2026-04-22T04:00:11.490676+00:00 last_0F=2026-04-22T04:00:00.087107+00:00 gui_tick_q=0 gui_rank_q=0)
2026-04-22 13:01:49.990 WARNING MainThread stale: no 0B for 15s (last_0B=2026-04-22T04:01:34.986961+00:00 last_0F=2026-04-22T04:01:07.987283+00:00 gui_tick_q=0 gui_rank_q=0)
2026-04-22 13:02:39.789 WARNING MainThread stale: no 0B for 15s (last_0B=2026-04-22T04:02:24.785899+00:00 last_0F=2026-04-22T04:02:14.196482+00:00 gui_tick_q=0 gui_rank_q=0)
2026-04-22 13:03:09.791 WARNING MainThread stale: no 0B for 22s (last_0B=2026-04-22T04:02:47.496947+00:00 last_0F=2026-04-22T04:02:14.196482+00:00 gui_tick_q=0 gui_rank_q=0)
2026-04-22 13:03:56.590 WARNING MainThread stale: no 0B for 15s (last_0B=2026-04-22T04:03:41.586191+00:00 last_0F=2026-04-22T04:03:17.785074+00:00 gui_tick_q=0 gui_rank_q=0)
2026-04-22 13:05:23.889 WARNING MainThread stale: no 0B for 15s (last_0B=2026-04-22T04:05:08.884211+00:00 last_0F=2026-04-22T04:04:20.687211+00:00 gui_tick_q=0 gui_rank_q=0)
2026-04-22 13:06:10.688 WARNING MainThread stale: no 0B for 15s (last_0B=2026-04-22T04:05:55.685197+00:00 last_0F=2026-04-22T04:05:24.185212+00:00 gui_tick_q=0 gui_rank_q=0)
2026-04-22 13:07:00.985 WARNING MainThread stale: no 0B for 15s (last_0B=2026-04-22T04:06:45.983849+00:00 last_0F=2026-04-22T04:06:28.684814+00:00 gui_tick_q=0 gui_rank_q=0)
2026-04-22 13:07:44.091 WARNING MainThread stale: no 0B for 15s (last_0B=2026-04-22T04:07:29.086284+00:00 last_0F=2026-04-22T04:07:30.984070+00:00 gui_tick_q=0 gui_rank_q=0)
2026-04-22 13:09:27.987 WARNING MainThread stale: no 0B for 15s (last_0B=2026-04-22T04:09:12.983255+00:00 last_0F=2026-04-22T04:08:33.884447+00:00 gui_tick_q=0 gui_rank_q=0)
2026-04-22 13:10:04.783 WARNING MainThread stale: no 0B for 15s (last_0B=2026-04-22T04:09:49.781456+00:00 last_0F=2026-04-22T04:09:38.682322+00:00 gui_tick_q=0 gui_rank_q=0)
2026-04-22 13:11:28.084 WARNING MainThread stale: no 0B for 15s (last_0B=2026-04-22T04:11:13.081067+00:00 last_0F=2026-04-22T04:10:42.884064+00:00 gui_tick_q=0 gui_rank_q=0)
2026-04-22 13:13:27.592 WARNING MainThread stale: no 0B for 15s (last_0B=2026-04-22T04:13:12.591248+00:00 last_0F=2026-04-22T04:12:56.882325+00:00 gui_tick_q=0 gui_rank_q=0)
2026-04-22 13:14:00.581 WARNING MainThread stale: no 0B for 15s (last_0B=2026-04-22T04:13:45.579756+00:00 last_0F=2026-04-22T04:12:56.882325+00:00 gui_tick_q=0 gui_rank_q=0)
2026-04-22 13:14:30.584 WARNING MainThread stale: no 0B for 16s (last_0B=2026-04-22T04:14:14.482100+00:00 last_0F=2026-04-22T04:14:01.781035+00:00 gui_tick_q=0 gui_rank_q=0)
2026-04-22 13:15:52.882 WARNING MainThread stale: no 0B for 15s (last_0B=2026-04-22T04:15:37.880531+00:00 last_0F=2026-04-22T04:15:04.380291+00:00 gui_tick_q=0 gui_rank_q=0)
2026-04-22 13:16:23.284 WARNING MainThread stale: no 0B for 15s (last_0B=2026-04-22T04:16:08.280608+00:00 last_0F=2026-04-22T04:16:07.878097+00:00 gui_tick_q=0 gui_rank_q=0)
2026-04-22 13:17:55.782 WARNING MainThread stale: no 0B for 15s (last_0B=2026-04-22T04:17:40.779067+00:00 last_0F=2026-04-22T04:17:10.278522+00:00 gui_tick_q=0 gui_rank_q=0)
2026-04-22 13:21:01.179 WARNING MainThread stale: no 0B for 15s (last_0B=2026-04-22T04:20:46.177053+00:00 last_0F=2026-04-22T04:20:22.476646+00:00 gui_tick_q=0 gui_rank_q=0)
2026-04-22 13:21:53.183 WARNING MainThread stale: no 0B for 15s (last_0B=2026-04-22T04:21:38.179926+00:00 last_0F=2026-04-22T04:21:28.776328+00:00 gui_tick_q=0 gui_rank_q=0)
2026-04-22 13:22:35.584 WARNING MainThread stale: no 0B for 15s (last_0B=2026-04-22T04:22:20.579951+00:00 last_0F=2026-04-22T04:22:32.782102+00:00 gui_tick_q=0 gui_rank_q=0)
2026-04-22 13:23:34.178 WARNING MainThread stale: no 0B for 15s (last_0B=2026-04-22T04:23:19.175482+00:00 last_0F=2026-04-22T04:22:32.782102+00:00 gui_tick_q=0 gui_rank_q=0)
2026-04-22 13:24:08.283 WARNING MainThread stale: no 0B for 15s (last_0B=2026-04-22T04:23:53.279109+00:00 last_0F=2026-04-22T04:23:36.176040+00:00 gui_tick_q=0 gui_rank_q=0)
2026-04-22 13:26:06.678 WARNING MainThread stale: no 0B for 15s (last_0B=2026-04-22T04:25:51.676558+00:00 last_0F=2026-04-22T04:25:44.573808+00:00 gui_tick_q=0 gui_rank_q=0)
2026-04-22 13:26:36.678 WARNING MainThread stale: no 0B for 29s (last_0B=2026-04-22T04:26:07.375397+00:00 last_0F=2026-04-22T04:25:44.573808+00:00 gui_tick_q=0 gui_rank_q=0)
2026-04-22 13:27:22.075 WARNING MainThread stale: no 0B for 15s (last_0B=2026-04-22T04:27:07.074004+00:00 last_0F=2026-04-22T04:26:50.772475+00:00 gui_tick_q=0 gui_rank_q=0)
2026-04-22 13:27:52.877 WARNING MainThread stale: no 0B for 15s (last_0B=2026-04-22T04:27:37.873185+00:00 last_0F=2026-04-22T04:26:50.772475+00:00 gui_tick_q=0 gui_rank_q=0)
2026-04-22 13:28:29.576 WARNING MainThread stale: no 0B for 15s (last_0B=2026-04-22T04:28:14.573440+00:00 last_0F=2026-04-22T04:27:58.273789+00:00 gui_tick_q=0 gui_rank_q=0)
2026-04-22 13:29:36.578 WARNING MainThread stale: no 0B for 15s (last_0B=2026-04-22T04:29:21.573906+00:00 last_0F=2026-04-22T04:29:02.271912+00:00 gui_tick_q=0 gui_rank_q=0)
2026-04-22 13:31:19.372 WARNING MainThread stale: no 0B for 15s (last_0B=2026-04-22T04:31:04.370202+00:00 last_0F=2026-04-22T04:31:14.570339+00:00 gui_tick_q=0 gui_rank_q=0)
2026-04-22 13:32:01.874 WARNING MainThread stale: no 0B for 15s (last_0B=2026-04-22T04:31:46.870446+00:00 last_0F=2026-04-22T04:31:14.570339+00:00 gui_tick_q=0 gui_rank_q=0)
2026-04-22 13:34:15.874 WARNING MainThread stale: no 0B for 15s (last_0B=2026-04-22T04:34:00.869197+00:00 last_0F=2026-04-22T04:33:27.069602+00:00 gui_tick_q=0 gui_rank_q=0)
2026-04-22 13:37:43.070 WARNING MainThread stale: no 0B for 15s (last_0B=2026-04-22T04:37:28.067881+00:00 last_0F=2026-04-22T04:36:40.368494+00:00 gui_tick_q=0 gui_rank_q=0)
2026-04-22 13:38:14.272 WARNING MainThread stale: no 0B for 15s (last_0B=2026-04-22T04:37:59.268593+00:00 last_0F=2026-04-22T04:37:43.967149+00:00 gui_tick_q=0 gui_rank_q=0)
2026-04-22 13:38:45.167 WARNING MainThread stale: no 0B for 15s (last_0B=2026-04-22T04:38:30.165578+00:00 last_0F=2026-04-22T04:37:43.967149+00:00 gui_tick_q=0 gui_rank_q=0)
2026-04-22 13:39:39.270 WARNING MainThread stale: no 0B for 15s (last_0B=2026-04-22T04:39:24.267394+00:00 last_0F=2026-04-22T04:38:47.166733+00:00 gui_tick_q=0 gui_rank_q=0)
2026-04-22 13:40:43.768 WARNING MainThread stale: no 0B for 15s (last_0B=2026-04-22T04:40:28.767112+00:00 last_0F=2026-04-22T04:39:50.972472+00:00 gui_tick_q=0 gui_rank_q=0)
2026-04-22 13:41:46.068 WARNING MainThread stale: no 0B for 15s (last_0B=2026-04-22T04:41:31.065496+00:00 last_0F=2026-04-22T04:40:54.265940+00:00 gui_tick_q=0 gui_rank_q=0)
2026-04-22 13:42:26.169 WARNING MainThread stale: no 0B for 15s (last_0B=2026-04-22T04:42:11.165029+00:00 last_0F=2026-04-22T04:42:00.864586+00:00 gui_tick_q=0 gui_rank_q=0)
2026-04-22 13:42:56.169 WARNING MainThread stale: no 0B for 45s (last_0B=2026-04-22T04:42:11.165029+00:00 last_0F=2026-04-22T04:42:00.864586+00:00 gui_tick_q=0 gui_rank_q=0)
2026-04-22 13:44:09.166 WARNING MainThread stale: no 0B for 15s (last_0B=2026-04-22T04:43:54.163294+00:00 last_0F=2026-04-22T04:44:08.063392+00:00 gui_tick_q=0 gui_rank_q=0)
2026-04-22 13:44:48.267 WARNING MainThread stale: no 0B for 15s (last_0B=2026-04-22T04:44:33.264144+00:00 last_0F=2026-04-22T04:44:08.063392+00:00 gui_tick_q=0 gui_rank_q=0)
2026-04-22 13:47:34.866 WARNING MainThread stale: no 0B for 15s (last_0B=2026-04-22T04:47:19.861229+00:00 last_0F=2026-04-22T04:47:19.063114+00:00 gui_tick_q=0 gui_rank_q=0)
2026-04-22 13:48:47.267 WARNING MainThread stale: no 0B for 15s (last_0B=2026-04-22T04:48:32.263397+00:00 last_0F=2026-04-22T04:48:23.161579+00:00 gui_tick_q=0 gui_rank_q=0)
2026-04-22 13:49:55.367 WARNING MainThread stale: no 0B for 15s (last_0B=2026-04-22T04:49:40.362080+00:00 last_0F=2026-04-22T04:49:27.760373+00:00 gui_tick_q=0 gui_rank_q=0)
2026-04-22 13:50:38.662 WARNING MainThread stale: no 0B for 15s (last_0B=2026-04-22T04:50:23.660237+00:00 last_0F=2026-04-22T04:50:30.361333+00:00 gui_tick_q=0 gui_rank_q=0)
2026-04-22 13:51:08.662 WARNING MainThread stale: no 0B for 45s (last_0B=2026-04-22T04:50:23.660237+00:00 last_0F=2026-04-22T04:50:30.361333+00:00 gui_tick_q=0 gui_rank_q=0)
2026-04-22 13:52:00.863 WARNING MainThread stale: no 0B for 15s (last_0B=2026-04-22T04:51:45.860393+00:00 last_0F=2026-04-22T04:51:34.560497+00:00 gui_tick_q=0 gui_rank_q=0)
2026-04-22 13:53:08.262 WARNING MainThread stale: no 0B for 15s (last_0B=2026-04-22T04:52:53.258695+00:00 last_0F=2026-04-22T04:52:41.159544+00:00 gui_tick_q=0 gui_rank_q=0)
2026-04-22 13:54:09.566 WARNING MainThread stale: no 0B for 15s (last_0B=2026-04-22T04:53:54.564089+00:00 last_0F=2026-04-22T04:53:44.864164+00:00 gui_tick_q=0 gui_rank_q=0)
2026-04-22 13:54:52.860 WARNING MainThread stale: no 0B for 15s (last_0B=2026-04-22T04:54:37.857750+00:00 last_0F=2026-04-22T04:54:50.559105+00:00 gui_tick_q=0 gui_rank_q=0)
2026-04-22 13:56:20.663 WARNING MainThread stale: no 0B for 15s (last_0B=2026-04-22T04:56:05.658882+00:00 last_0F=2026-04-22T04:55:57.757962+00:00 gui_tick_q=0 gui_rank_q=0)
2026-04-22 13:57:07.567 WARNING MainThread stale: no 0B for 15s (last_0B=2026-04-22T04:56:52.563691+00:00 last_0F=2026-04-22T04:57:01.656938+00:00 gui_tick_q=0 gui_rank_q=0)
2026-04-22 13:57:41.760 WARNING MainThread stale: no 0B for 15s (last_0B=2026-04-22T04:57:26.758431+00:00 last_0F=2026-04-22T04:57:01.656938+00:00 gui_tick_q=0 gui_rank_q=0)
2026-04-22 13:58:11.763 WARNING MainThread stale: no 0B for 15s (last_0B=2026-04-22T04:57:56.456753+00:00 last_0F=2026-04-22T04:58:04.057242+00:00 gui_tick_q=0 gui_rank_q=0)
2026-04-22 13:59:52.764 WARNING MainThread stale: no 0B for 15s (last_0B=2026-04-22T04:59:37.763790+00:00 last_0F=2026-04-22T04:59:05.957567+00:00 gui_tick_q=0 gui_rank_q=0)
2026-04-22 14:00:49.656 WARNING MainThread stale: no 0B for 15s (last_0B=2026-04-22T05:00:34.655680+00:00 last_0F=2026-04-22T05:00:09.955809+00:00 gui_tick_q=0 gui_rank_q=0)
2026-04-22 14:03:06.358 WARNING MainThread stale: no 0B for 15s (last_0B=2026-04-22T05:02:51.354052+00:00 last_0F=2026-04-22T05:02:21.554239+00:00 gui_tick_q=0 gui_rank_q=0)
2026-04-22 14:03:36.360 WARNING MainThread stale: no 0B for 45s (last_0B=2026-04-22T05:02:51.354052+00:00 last_0F=2026-04-22T05:03:23.953238+00:00 gui_tick_q=0 gui_rank_q=0)
2026-04-22 14:07:25.952 WARNING MainThread stale: no 0B for 15s (last_0B=2026-04-22T05:07:10.951561+00:00 last_0F=2026-04-22T05:06:28.751435+00:00 gui_tick_q=0 gui_rank_q=0)
2026-04-22 14:08:50.152 WARNING MainThread stale: no 0B for 15s (last_0B=2026-04-22T05:08:35.149770+00:00 last_0F=2026-04-22T05:08:30.452052+00:00 gui_tick_q=0 gui_rank_q=0)
2026-04-22 14:09:22.360 WARNING MainThread stale: no 0B for 15s (last_0B=2026-04-22T05:09:07.358800+00:00 last_0F=2026-04-22T05:08:30.452052+00:00 gui_tick_q=0 gui_rank_q=0)
2026-04-22 14:12:47.159 WARNING MainThread stale: no 0B for 15s (last_0B=2026-04-22T05:12:32.157287+00:00 last_0F=2026-04-22T05:12:45.952208+00:00 gui_tick_q=0 gui_rank_q=0)
2026-04-22 14:13:20.752 WARNING MainThread stale: no 0B for 15s (last_0B=2026-04-22T05:13:05.749003+00:00 last_0F=2026-04-22T05:12:45.952208+00:00 gui_tick_q=0 gui_rank_q=0)
2026-04-22 14:15:28.147 WARNING MainThread stale: no 0B for 15s (last_0B=2026-04-22T05:15:13.147653+00:00 last_0F=2026-04-22T05:14:55.546519+00:00 gui_tick_q=0 gui_rank_q=0)
2026-04-22 14:15:58.148 WARNING MainThread stale: no 0B for 18s (last_0B=2026-04-22T05:15:39.847557+00:00 last_0F=2026-04-22T05:14:55.546519+00:00 gui_tick_q=0 gui_rank_q=0)
2026-04-22 14:16:53.951 WARNING MainThread stale: no 0B for 15s (last_0B=2026-04-22T05:16:38.948990+00:00 last_0F=2026-04-22T05:16:01.546353+00:00 gui_tick_q=0 gui_rank_q=0)
2026-04-22 14:17:34.950 WARNING MainThread stale: no 0B for 15s (last_0B=2026-04-22T05:17:19.946938+00:00 last_0F=2026-04-22T05:17:03.945577+00:00 gui_tick_q=0 gui_rank_q=0)
2026-04-22 14:19:25.451 WARNING MainThread stale: no 0B for 15s (last_0B=2026-04-22T05:19:10.445118+00:00 last_0F=2026-04-22T05:19:13.544643+00:00 gui_tick_q=0 gui_rank_q=0)
2026-04-22 14:19:55.450 WARNING MainThread stale: no 0B for 45s (last_0B=2026-04-22T05:19:10.445118+00:00 last_0F=2026-04-22T05:19:13.544643+00:00 gui_tick_q=0 gui_rank_q=0)
2026-04-22 14:20:37.246 WARNING MainThread stale: no 0B for 15s (last_0B=2026-04-22T05:20:22.242974+00:00 last_0F=2026-04-22T05:19:13.544643+00:00 gui_tick_q=0 gui_rank_q=0)
2026-04-22 14:22:46.147 WARNING MainThread stale: no 0B for 15s (last_0B=2026-04-22T05:22:31.145808+00:00 last_0F=2026-04-22T05:22:22.943683+00:00 gui_tick_q=0 gui_rank_q=0)
2026-04-22 14:23:25.948 WARNING MainThread stale: no 0B for 15s (last_0B=2026-04-22T05:23:10.943989+00:00 last_0F=2026-04-22T05:22:22.943683+00:00 gui_tick_q=0 gui_rank_q=0)
2026-04-22 14:24:37.143 WARNING MainThread stale: no 0B for 15s (last_0B=2026-04-22T05:24:22.142022+00:00 last_0F=2026-04-22T05:24:32.042963+00:00 gui_tick_q=0 gui_rank_q=0)
2026-04-22 14:25:45.344 WARNING MainThread stale: no 0B for 15s (last_0B=2026-04-22T05:25:30.343469+00:00 last_0F=2026-04-22T05:25:35.246046+00:00 gui_tick_q=0 gui_rank_q=0)
2026-04-22 14:27:14.561 WARNING MainThread stale: no 0B for 15s (last_0B=2026-04-22T05:26:59.557863+00:00 last_0F=2026-04-22T05:26:38.845759+00:00 gui_tick_q=0 gui_rank_q=0)
2026-04-22 14:27:50.244 WARNING MainThread stale: no 0B for 15s (last_0B=2026-04-22T05:27:35.240980+00:00 last_0F=2026-04-22T05:27:41.439690+00:00 gui_tick_q=0 gui_rank_q=0)
2026-04-22 14:28:54.743 WARNING MainThread stale: no 0B for 15s (last_0B=2026-04-22T05:28:39.741064+00:00 last_0F=2026-04-22T05:28:47.840421+00:00 gui_tick_q=0 gui_rank_q=0)
2026-04-22 14:29:49.543 WARNING MainThread stale: no 0B for 15s (last_0B=2026-04-22T05:29:34.539954+00:00 last_0F=2026-04-22T05:28:47.840421+00:00 gui_tick_q=0 gui_rank_q=0)
2026-04-22 14:30:19.544 WARNING MainThread stale: no 0B for 20s (last_0B=2026-04-22T05:29:58.846144+00:00 last_0F=2026-04-22T05:29:52.838319+00:00 gui_tick_q=0 gui_rank_q=0)
2026-04-22 14:31:23.147 WARNING MainThread stale: no 0B for 15s (last_0B=2026-04-22T05:31:08.143398+00:00 last_0F=2026-04-22T05:30:59.537870+00:00 gui_tick_q=0 gui_rank_q=0)
2026-04-22 14:31:53.147 WARNING MainThread stale: no 0B for 16s (last_0B=2026-04-22T05:31:36.940299+00:00 last_0F=2026-04-22T05:30:59.537870+00:00 gui_tick_q=0 gui_rank_q=0)
2026-04-22 14:34:25.939 WARNING MainThread stale: no 0B for 15s (last_0B=2026-04-22T05:34:10.938296+00:00 last_0F=2026-04-22T05:34:16.235874+00:00 gui_tick_q=0 gui_rank_q=0)
2026-04-22 14:35:02.340 WARNING MainThread stale: no 0B for 15s (last_0B=2026-04-22T05:34:47.335681+00:00 last_0F=2026-04-22T05:34:16.235874+00:00 gui_tick_q=0 gui_rank_q=0)
2026-04-22 14:44:12.733 WARNING MainThread stale: no 0B for 15s (last_0B=2026-04-22T05:43:57.731476+00:00 last_0F=2026-04-22T05:43:57.130866+00:00 gui_tick_q=0 gui_rank_q=0)
2026-04-22 14:44:42.733 WARNING MainThread stale: no 0B for 23s (last_0B=2026-04-22T05:44:19.130851+00:00 last_0F=2026-04-22T05:43:57.130866+00:00 gui_tick_q=0 gui_rank_q=0)
2026-04-22 14:45:13.936 WARNING MainThread stale: no 0B for 15s (last_0B=2026-04-22T05:44:58.932542+00:00 last_0F=2026-04-22T05:45:02.429682+00:00 gui_tick_q=0 gui_rank_q=0)
2026-04-22 14:47:30.435 WARNING MainThread stale: no 0B for 15s (last_0B=2026-04-22T05:47:15.430144+00:00 last_0F=2026-04-22T05:47:15.529358+00:00 gui_tick_q=0 gui_rank_q=0)
2026-04-22 15:01:23.024 WARNING MainThread stale: no 0B for 15s (last_0B=2026-04-22T06:01:08.021806+00:00 last_0F=2026-04-22T06:00:43.322164+00:00 gui_tick_q=0 gui_rank_q=0)
2026-04-22 15:05:05.522 WARNING MainThread stale: no 0B for 15s (last_0B=2026-04-22T06:04:50.521700+00:00 last_0F=2026-04-22T06:04:12.320289+00:00 gui_tick_q=0 gui_rank_q=0)
2026-04-22 15:20:13.318 WARNING MainThread stale: no 0B for 15s (last_0B=2026-04-22T06:19:58.313084+00:00 last_0F=2026-04-22T06:19:47.314873+00:00 gui_tick_q=0 gui_rank_q=0)
2026-04-22 15:20:43.318 WARNING MainThread stale: no 0B for 45s (last_0B=2026-04-22T06:19:58.313084+00:00 last_0F=2026-04-22T06:19:47.314873+00:00 gui_tick_q=0 gui_rank_q=0)
2026-04-22 15:21:13.320 WARNING MainThread stale: no 0B for 75s (last_0B=2026-04-22T06:19:58.313084+00:00 last_0F=2026-04-22T06:21:01.215907+00:00 gui_tick_q=0 gui_rank_q=0)
2026-04-22 15:21:43.324 WARNING MainThread stale: no 0B for 105s (last_0B=2026-04-22T06:19:58.313084+00:00 last_0F=2026-04-22T06:21:01.215907+00:00 gui_tick_q=0 gui_rank_q=0)
2026-04-22 15:22:13.327 WARNING MainThread stale: no 0B for 135s (last_0B=2026-04-22T06:19:58.313084+00:00 last_0F=2026-04-22T06:21:01.215907+00:00 gui_tick_q=0 gui_rank_q=0)
2026-04-22 15:22:43.332 WARNING MainThread stale: no 0B for 165s (last_0B=2026-04-22T06:19:58.313084+00:00 last_0F=2026-04-22T06:21:01.215907+00:00 gui_tick_q=0 gui_rank_q=0)
2026-04-22 15:23:13.332 WARNING MainThread stale: no 0B for 195s (last_0B=2026-04-22T06:19:58.313084+00:00 last_0F=2026-04-22T06:21:01.215907+00:00 gui_tick_q=0 gui_rank_q=0)
2026-04-22 15:23:43.334 WARNING MainThread stale: no 0B for 225s (last_0B=2026-04-22T06:19:58.313084+00:00 last_0F=2026-04-22T06:21:01.215907+00:00 gui_tick_q=0 gui_rank_q=0)
2026-04-22 15:24:13.338 WARNING MainThread stale: no 0B for 255s (last_0B=2026-04-22T06:19:58.313084+00:00 last_0F=2026-04-22T06:21:01.215907+00:00 gui_tick_q=0 gui_rank_q=0)
2026-04-22 15:24:43.342 WARNING MainThread stale: no 0B for 285s (last_0B=2026-04-22T06:19:58.313084+00:00 last_0F=2026-04-22T06:21:01.215907+00:00 gui_tick_q=0 gui_rank_q=0)
2026-04-22 15:25:13.344 WARNING MainThread stale: no 0B for 315s (last_0B=2026-04-22T06:19:58.313084+00:00 last_0F=2026-04-22T06:21:01.215907+00:00 gui_tick_q=0 gui_rank_q=0)
2026-04-22 15:25:43.344 WARNING MainThread stale: no 0B for 345s (last_0B=2026-04-22T06:19:58.313084+00:00 last_0F=2026-04-22T06:21:01.215907+00:00 gui_tick_q=0 gui_rank_q=0)
2026-04-22 15:26:13.347 WARNING MainThread stale: no 0B for 375s (last_0B=2026-04-22T06:19:58.313084+00:00 last_0F=2026-04-22T06:21:01.215907+00:00 gui_tick_q=0 gui_rank_q=0)
2026-04-22 15:26:43.348 WARNING MainThread stale: no 0B for 405s (last_0B=2026-04-22T06:19:58.313084+00:00 last_0F=2026-04-22T06:21:01.215907+00:00 gui_tick_q=0 gui_rank_q=0)
2026-04-22 15:27:13.351 WARNING MainThread stale: no 0B for 435s (last_0B=2026-04-22T06:19:58.313084+00:00 last_0F=2026-04-22T06:21:01.215907+00:00 gui_tick_q=0 gui_rank_q=0)
2026-04-22 15:27:43.352 WARNING MainThread stale: no 0B for 465s (last_0B=2026-04-22T06:19:58.313084+00:00 last_0F=2026-04-22T06:21:01.215907+00:00 gui_tick_q=0 gui_rank_q=0)
2026-04-22 15:28:13.354 WARNING MainThread stale: no 0B for 495s (last_0B=2026-04-22T06:19:58.313084+00:00 last_0F=2026-04-22T06:21:01.215907+00:00 gui_tick_q=0 gui_rank_q=0)
2026-04-22 15:28:43.354 WARNING MainThread stale: no 0B for 525s (last_0B=2026-04-22T06:19:58.313084+00:00 last_0F=2026-04-22T06:21:01.215907+00:00 gui_tick_q=0 gui_rank_q=0)
2026-04-22 15:29:13.357 WARNING MainThread stale: no 0B for 555s (last_0B=2026-04-22T06:19:58.313084+00:00 last_0F=2026-04-22T06:21:01.215907+00:00 gui_tick_q=0 gui_rank_q=0)
2026-04-22 15:29:43.359 WARNING MainThread stale: no 0B for 585s (last_0B=2026-04-22T06:19:58.313084+00:00 last_0F=2026-04-22T06:21:01.215907+00:00 gui_tick_q=0 gui_rank_q=0)
2026-04-22 15:30:13.362 WARNING MainThread stale: no 0B for 615s (last_0B=2026-04-22T06:19:58.313084+00:00 last_0F=2026-04-22T06:21:01.215907+00:00 gui_tick_q=0 gui_rank_q=0)
2026-04-22 15:30:43.368 WARNING MainThread stale: no 0B for 21s (last_0B=2026-04-22T06:30:22.207415+00:00 last_0F=2026-04-22T06:30:42.704141+00:00 gui_tick_q=0 gui_rank_q=0)
2026-04-22 15:31:13.370 WARNING MainThread stale: no 0B for 51s (last_0B=2026-04-22T06:30:22.207415+00:00 last_0F=2026-04-22T06:30:42.704141+00:00 gui_tick_q=0 gui_rank_q=0)
2026-04-22 15:31:43.371 WARNING MainThread stale: no 0B for 81s (last_0B=2026-04-22T06:30:22.207415+00:00 last_0F=2026-04-22T06:30:42.704141+00:00 gui_tick_q=0 gui_rank_q=0)
2026-04-22 15:32:13.375 WARNING MainThread stale: no 0B for 111s (last_0B=2026-04-22T06:30:22.207415+00:00 last_0F=2026-04-22T06:30:42.704141+00:00 gui_tick_q=0 gui_rank_q=0)
2026-04-22 15:32:43.377 WARNING MainThread stale: no 0B for 141s (last_0B=2026-04-22T06:30:22.207415+00:00 last_0F=2026-04-22T06:30:42.704141+00:00 gui_tick_q=0 gui_rank_q=0)
2026-04-22 15:33:13.379 WARNING MainThread stale: no 0B for 171s (last_0B=2026-04-22T06:30:22.207415+00:00 last_0F=2026-04-22T06:30:42.704141+00:00 gui_tick_q=0 gui_rank_q=0)
2026-04-22 15:33:43.382 WARNING MainThread stale: no 0B for 201s (last_0B=2026-04-22T06:30:22.207415+00:00 last_0F=2026-04-22T06:30:42.704141+00:00 gui_tick_q=0 gui_rank_q=0)
2026-04-22 15:34:13.387 WARNING MainThread stale: no 0B for 231s (last_0B=2026-04-22T06:30:22.207415+00:00 last_0F=2026-04-22T06:30:42.704141+00:00 gui_tick_q=0 gui_rank_q=0)
2026-04-22 15:34:43.388 WARNING MainThread stale: no 0B for 261s (last_0B=2026-04-22T06:30:22.207415+00:00 last_0F=2026-04-22T06:30:42.704141+00:00 gui_tick_q=0 gui_rank_q=0)
2026-04-22 15:35:13.391 WARNING MainThread stale: no 0B for 291s (last_0B=2026-04-22T06:30:22.207415+00:00 last_0F=2026-04-22T06:30:42.704141+00:00 gui_tick_q=0 gui_rank_q=0)
2026-04-22 15:35:43.393 WARNING MainThread stale: no 0B for 321s (last_0B=2026-04-22T06:30:22.207415+00:00 last_0F=2026-04-22T06:30:42.704141+00:00 gui_tick_q=0 gui_rank_q=0)
2026-04-22 15:36:13.395 WARNING MainThread stale: no 0B for 351s (last_0B=2026-04-22T06:30:22.207415+00:00 last_0F=2026-04-22T06:30:42.704141+00:00 gui_tick_q=0 gui_rank_q=0)
2026-04-22 15:36:43.395 WARNING MainThread stale: no 0B for 381s (last_0B=2026-04-22T06:30:22.207415+00:00 last_0F=2026-04-22T06:30:42.704141+00:00 gui_tick_q=0 gui_rank_q=0)
2026-04-22 15:37:13.398 WARNING MainThread stale: no 0B for 411s (last_0B=2026-04-22T06:30:22.207415+00:00 last_0F=2026-04-22T06:30:42.704141+00:00 gui_tick_q=0 gui_rank_q=0)
2026-04-22 15:37:25.321 INFO Thread-1 (start_background_loop) bot: starting (ticker=241560)
2026-04-22 15:37:26.797 INFO Thread-1 (start_background_loop) bot: connected
2026-04-22 15:37:26.806 INFO Thread-1 (start_background_loop) bot: run() active
2026-04-22 15:37:32.916 INFO Thread-1 (start_background_loop) ka90008: total(_AL)=49559 (4077 rows) NXT(_NX)=3928 (1322 rows) → derived KRX=45631
2026-04-22 15:37:32.917 INFO Thread-1 (start_background_loop) ka90008: queued 4077 combined program history rows (date=20260422 stk=241560 seed KRX=45631 NXT=3928 sum=49559)
2026-04-22 15:37:33.109 INFO Thread-1 (start_background_loop) ka10014: queued 42 short-selling rows (20260221–20260422 stk=241560)
2026-04-22 15:37:33.192 INFO Thread-1 (start_background_loop) stream: REG attached (0B, 0F on 241560; 0w on ['241560', '241560_NX'])
2026-04-22 15:40:05.055 INFO Thread-1 (start_background_loop) 0w: first live NXT FID 210=3928 (combined seen=['NXT'])
2026-04-22 15:40:14.961 WARNING MainThread stale: no 0B for 15s (last_0B=2026-04-22T06:39:59.954955+00:00 last_0F=None gui_tick_q=0 gui_rank_q=0)
2026-04-22 15:40:44.964 WARNING MainThread stale: no 0B for 45s (last_0B=2026-04-22T06:39:59.954955+00:00 last_0F=None gui_tick_q=0 gui_rank_q=0)
2026-04-22 15:41:14.968 WARNING MainThread stale: no 0B for 75s (last_0B=2026-04-22T06:39:59.954955+00:00 last_0F=None gui_tick_q=0 gui_rank_q=0)
2026-04-22 15:41:44.972 WARNING MainThread stale: no 0B for 105s (last_0B=2026-04-22T06:39:59.954955+00:00 last_0F=None gui_tick_q=0 gui_rank_q=0)
2026-04-22 15:42:14.974 WARNING MainThread stale: no 0B for 135s (last_0B=2026-04-22T06:39:59.954955+00:00 last_0F=None gui_tick_q=0 gui_rank_q=0)
2026-04-22 15:42:44.978 WARNING MainThread stale: no 0B for 165s (last_0B=2026-04-22T06:39:59.954955+00:00 last_0F=None gui_tick_q=0 gui_rank_q=0)
2026-04-22 15:43:14.980 WARNING MainThread stale: no 0B for 195s (last_0B=2026-04-22T06:39:59.954955+00:00 last_0F=None gui_tick_q=0 gui_rank_q=0)
2026-04-22 15:43:44.983 WARNING MainThread stale: no 0B for 225s (last_0B=2026-04-22T06:39:59.954955+00:00 last_0F=None gui_tick_q=0 gui_rank_q=0)
2026-04-22 15:44:14.986 WARNING MainThread stale: no 0B for 255s (last_0B=2026-04-22T06:39:59.954955+00:00 last_0F=None gui_tick_q=0 gui_rank_q=0)
2026-04-22 15:44:44.991 WARNING MainThread stale: no 0B for 285s (last_0B=2026-04-22T06:39:59.954955+00:00 last_0F=None gui_tick_q=0 gui_rank_q=0)
2026-04-22 15:45:14.994 WARNING MainThread stale: no 0B for 315s (last_0B=2026-04-22T06:39:59.954955+00:00 last_0F=None gui_tick_q=0 gui_rank_q=0)
2026-04-22 15:45:44.996 WARNING MainThread stale: no 0B for 345s (last_0B=2026-04-22T06:39:59.954955+00:00 last_0F=None gui_tick_q=0 gui_rank_q=0)
2026-04-24 10:43:24.720 INFO Thread-1 (start_background_loop) bot: starting (ticker=014620)
2026-04-24 10:43:26.203 INFO Thread-1 (start_background_loop) bot: connected
2026-04-24 10:43:26.225 INFO Thread-1 (start_background_loop) bot: run() active
2026-04-24 10:43:32.847 INFO Thread-1 (start_background_loop) ka90008: total(_AL)=209663 (3107 rows) NXT(_NX)=57364 (2837 rows) → derived KRX=152299
2026-04-24 10:43:32.848 INFO Thread-1 (start_background_loop) ka90008: queued 3107 combined program history rows (date=20260424 stk=014620 seed KRX=152299 NXT=57364 sum=209663)
2026-04-24 10:43:33.042 INFO Thread-1 (start_background_loop) ka10014: queued 43 short-selling rows (20260223–20260424 stk=014620)
2026-04-24 10:43:33.129 INFO Thread-1 (start_background_loop) stream: REG attached (0B, 0F on 014620; 0w on ['014620', '014620_NX'])
2026-04-24 10:43:34.134 INFO Thread-1 (start_background_loop) 0w: first live KRX FID 210=150302 (combined seen=['KRX'])
2026-04-24 10:43:34.634 INFO Thread-1 (start_background_loop) 0w: first live NXT FID 210=56221 (combined seen=['KRX', 'NXT'])
2026-04-24 10:48:29.934 WARNING MainThread stale: no 0B for 15s (last_0B=2026-04-24T01:48:14.930309+00:00 last_0F=2026-04-24T01:46:34.634992+00:00 gui_tick_q=0 gui_rank_q=0)
2026-04-24 10:48:59.935 WARNING MainThread stale: no 0B for 45s (last_0B=2026-04-24T01:48:14.930309+00:00 last_0F=2026-04-24T01:48:54.831066+00:00 gui_tick_q=0 gui_rank_q=0)
2026-04-24 10:49:29.937 WARNING MainThread stale: no 0B for 75s (last_0B=2026-04-24T01:48:14.930309+00:00 last_0F=2026-04-24T01:48:54.831066+00:00 gui_tick_q=0 gui_rank_q=0)
2026-04-24 10:51:48.291 INFO Thread-1 (start_background_loop) bot: starting (ticker=014620)
2026-04-24 10:51:50.172 INFO Thread-1 (start_background_loop) bot: connected
2026-04-24 10:51:50.173 INFO Thread-1 (start_background_loop) bot: run() active
2026-04-24 10:51:57.405 INFO Thread-1 (start_background_loop) ka90008: total(_AL)=209026 (3369 rows) NXT(_NX)=50842 (3079 rows) → derived KRX=158184
2026-04-24 10:51:57.406 INFO Thread-1 (start_background_loop) ka90008: queued 3369 combined program history rows (date=20260424 stk=014620 seed KRX=158184 NXT=50842 sum=209026)
2026-04-24 10:51:57.600 INFO Thread-1 (start_background_loop) ka10014: queued 43 short-selling rows (20260223–20260424 stk=014620)
2026-04-24 10:51:57.686 INFO Thread-1 (start_background_loop) stream: REG attached (0B, 0F on 014620; 0w on ['014620', '014620_NX'])
2026-04-24 10:51:58.259 INFO Thread-1 (start_background_loop) 0w: first live KRX FID 210=158919 (combined seen=['KRX'])
2026-04-24 10:51:58.559 INFO Thread-1 (start_background_loop) 0w: first live NXT FID 210=51363 (combined seen=['KRX', 'NXT'])
2026-04-24 12:01:11.819 WARNING MainThread stale: no 0B for 15s (last_0B=2026-04-24T03:00:56.815683+00:00 last_0F=2026-04-24T02:59:36.116835+00:00 gui_tick_q=0 gui_rank_q=0)
2026-04-24 12:30:43.198 WARNING MainThread stale: no 0B for 15s (last_0B=2026-04-24T03:30:28.197344+00:00 last_0F=2026-04-24T03:29:42.197211+00:00 gui_tick_q=0 gui_rank_q=0)
2026-04-24 12:44:05.089 WARNING MainThread stale: no 0B for 15s (last_0B=2026-04-24T03:43:50.087046+00:00 last_0F=2026-04-24T03:42:36.590676+00:00 gui_tick_q=0 gui_rank_q=0)
2026-04-24 12:58:50.782 WARNING MainThread stale: no 0B for 15s (last_0B=2026-04-24T03:58:35.778256+00:00 last_0F=2026-04-24T03:57:42.178231+00:00 gui_tick_q=0 gui_rank_q=0)
2026-04-24 13:11:02.671 ERROR Thread-1 (start_background_loop) ka10002 poll: [WinError 10054] An existing connection was forcibly closed by the remote host
Traceback (most recent call last):
  File "C:\Users\koysr\AppData\Local\Programs\Python\Python311\Lib\asyncio\selector_events.py", line 970, in _read_ready__get_buffer
    nbytes = self._sock.recv_into(buf)
             ^^^^^^^^^^^^^^^^^^^^^^^^^
ConnectionResetError: [WinError 10054] An existing connection was forcibly closed by the remote host

The above exception was the direct cause of the following exception:

Traceback (most recent call last):
  File "D:\auto_scraper_for_wealth\foreign_trend.py", line 1006, in ka10002_poll_loop
    res = await bot.api.request(
          ^^^^^^^^^^^^^^^^^^^^^^
  File "D:\auto_scraper_for_wealth\myenv2\Lib\site-packages\kiwoom\http\client.py", line 228, in request
    res: Response = await self.post(endpoint, api_id, headers=headers, data=data)
                    ^^^^^^^^^^^^^^^^^^^^^^^^^^^^^^^^^^^^^^^^^^^^^^^^^^^^^^^^^^^^^
  File "D:\auto_scraper_for_wealth\myenv2\Lib\site-packages\kiwoom\http\debug.py", line 67, in wrapper
    res: ClientResponse = await fn(api, endpoint, api_id, headers, data)
                          ^^^^^^^^^^^^^^^^^^^^^^^^^^^^^^^^^^^^^^^^^^^^^^
  File "D:\auto_scraper_for_wealth\myenv2\Lib\site-packages\kiwoom\http\client.py", line 207, in post
    return await self._session.post(self.host + endpoint, headers=headers, json=data)
           ^^^^^^^^^^^^^^^^^^^^^^^^^^^^^^^^^^^^^^^^^^^^^^^^^^^^^^^^^^^^^^^^^^^^^^^^^^
  File "D:\auto_scraper_for_wealth\myenv2\Lib\site-packages\aiohttp\client.py", line 788, in _request
    resp = await handler(req)
           ^^^^^^^^^^^^^^^^^^
  File "D:\auto_scraper_for_wealth\myenv2\Lib\site-packages\aiohttp\client.py", line 766, in _connect_and_send_request
    await resp.start(conn)
  File "D:\auto_scraper_for_wealth\myenv2\Lib\site-packages\aiohttp\client_reqrep.py", line 539, in start
    message, payload = await protocol.read()  # type: ignore[union-attr]
                       ^^^^^^^^^^^^^^^^^^^^^
  File "D:\auto_scraper_for_wealth\myenv2\Lib\site-packages\aiohttp\streams.py", line 707, in read
    await self._waiter
aiohttp.client_exceptions.ClientOSError: [WinError 10054] An existing connection was forcibly closed by the remote host
2026-04-24 13:11:16.473 WARNING MainThread stale: no 0B for 15s (last_0B=2026-04-24T04:11:01.470482+00:00 last_0F=2026-04-24T04:10:45.771407+00:00 gui_tick_q=0 gui_rank_q=0)
2026-04-24 13:11:46.473 WARNING MainThread stale: no 0B for 45s (last_0B=2026-04-24T04:11:01.470482+00:00 last_0F=2026-04-24T04:10:45.771407+00:00 gui_tick_q=0 gui_rank_q=0)
2026-04-24 13:12:16.476 WARNING MainThread stale: no 0B for 75s (last_0B=2026-04-24T04:11:01.470482+00:00 last_0F=2026-04-24T04:10:45.771407+00:00 gui_tick_q=0 gui_rank_q=0)
2026-04-24 13:12:46.480 WARNING MainThread stale: no 0B for 105s (last_0B=2026-04-24T04:11:01.470482+00:00 last_0F=2026-04-24T04:10:45.771407+00:00 gui_tick_q=0 gui_rank_q=0)
2026-04-24 13:13:16.482 WARNING MainThread stale: no 0B for 135s (last_0B=2026-04-24T04:11:01.470482+00:00 last_0F=2026-04-24T04:10:45.771407+00:00 gui_tick_q=0 gui_rank_q=0)
2026-04-24 13:13:46.484 WARNING MainThread stale: no 0B for 165s (last_0B=2026-04-24T04:11:01.470482+00:00 last_0F=2026-04-24T04:10:45.771407+00:00 gui_tick_q=0 gui_rank_q=0)
2026-04-24 13:14:16.488 WARNING MainThread stale: no 0B for 195s (last_0B=2026-04-24T04:11:01.470482+00:00 last_0F=2026-04-24T04:10:45.771407+00:00 gui_tick_q=0 gui_rank_q=0)
2026-04-24 13:14:46.490 WARNING MainThread stale: no 0B for 225s (last_0B=2026-04-24T04:11:01.470482+00:00 last_0F=2026-04-24T04:10:45.771407+00:00 gui_tick_q=0 gui_rank_q=0)
2026-04-24 13:15:16.495 WARNING MainThread stale: no 0B for 255s (last_0B=2026-04-24T04:11:01.470482+00:00 last_0F=2026-04-24T04:10:45.771407+00:00 gui_tick_q=0 gui_rank_q=0)
2026-04-24 13:15:46.495 WARNING MainThread stale: no 0B for 285s (last_0B=2026-04-24T04:11:01.470482+00:00 last_0F=2026-04-24T04:10:45.771407+00:00 gui_tick_q=0 gui_rank_q=0)
2026-04-24 13:16:16.500 WARNING MainThread stale: no 0B for 315s (last_0B=2026-04-24T04:11:01.470482+00:00 last_0F=2026-04-24T04:10:45.771407+00:00 gui_tick_q=0 gui_rank_q=0)
2026-04-24 13:16:46.503 WARNING MainThread stale: no 0B for 345s (last_0B=2026-04-24T04:11:01.470482+00:00 last_0F=2026-04-24T04:10:45.771407+00:00 gui_tick_q=0 gui_rank_q=0)
2026-04-24 13:17:16.504 WARNING MainThread stale: no 0B for 375s (last_0B=2026-04-24T04:11:01.470482+00:00 last_0F=2026-04-24T04:10:45.771407+00:00 gui_tick_q=0 gui_rank_q=0)
2026-04-24 13:17:46.505 WARNING MainThread stale: no 0B for 405s (last_0B=2026-04-24T04:11:01.470482+00:00 last_0F=2026-04-24T04:10:45.771407+00:00 gui_tick_q=0 gui_rank_q=0)
2026-04-24 13:18:16.508 WARNING MainThread stale: no 0B for 435s (last_0B=2026-04-24T04:11:01.470482+00:00 last_0F=2026-04-24T04:10:45.771407+00:00 gui_tick_q=0 gui_rank_q=0)
2026-04-24 13:18:46.511 WARNING MainThread stale: no 0B for 465s (last_0B=2026-04-24T04:11:01.470482+00:00 last_0F=2026-04-24T04:10:45.771407+00:00 gui_tick_q=0 gui_rank_q=0)
2026-04-24 13:19:16.511 WARNING MainThread stale: no 0B for 495s (last_0B=2026-04-24T04:11:01.470482+00:00 last_0F=2026-04-24T04:10:45.771407+00:00 gui_tick_q=0 gui_rank_q=0)
2026-04-24 13:19:46.515 WARNING MainThread stale: no 0B for 525s (last_0B=2026-04-24T04:11:01.470482+00:00 last_0F=2026-04-24T04:10:45.771407+00:00 gui_tick_q=0 gui_rank_q=0)
2026-04-24 13:20:16.517 WARNING MainThread stale: no 0B for 555s (last_0B=2026-04-24T04:11:01.470482+00:00 last_0F=2026-04-24T04:10:45.771407+00:00 gui_tick_q=0 gui_rank_q=0)
2026-04-24 13:20:46.520 WARNING MainThread stale: no 0B for 585s (last_0B=2026-04-24T04:11:01.470482+00:00 last_0F=2026-04-24T04:10:45.771407+00:00 gui_tick_q=0 gui_rank_q=0)
2026-04-24 13:21:16.522 WARNING MainThread stale: no 0B for 615s (last_0B=2026-04-24T04:11:01.470482+00:00 last_0F=2026-04-24T04:10:45.771407+00:00 gui_tick_q=0 gui_rank_q=0)
2026-04-24 13:21:46.526 WARNING MainThread stale: no 0B for 645s (last_0B=2026-04-24T04:11:01.470482+00:00 last_0F=2026-04-24T04:10:45.771407+00:00 gui_tick_q=0 gui_rank_q=0)
2026-04-24 13:22:16.528 WARNING MainThread stale: no 0B for 675s (last_0B=2026-04-24T04:11:01.470482+00:00 last_0F=2026-04-24T04:10:45.771407+00:00 gui_tick_q=0 gui_rank_q=0)
2026-04-24 13:22:46.531 WARNING MainThread stale: no 0B for 705s (last_0B=2026-04-24T04:11:01.470482+00:00 last_0F=2026-04-24T04:10:45.771407+00:00 gui_tick_q=0 gui_rank_q=0)
2026-04-24 13:23:16.533 WARNING MainThread stale: no 0B for 735s (last_0B=2026-04-24T04:11:01.470482+00:00 last_0F=2026-04-24T04:10:45.771407+00:00 gui_tick_q=0 gui_rank_q=0)
2026-04-24 13:23:46.538 WARNING MainThread stale: no 0B for 765s (last_0B=2026-04-24T04:11:01.470482+00:00 last_0F=2026-04-24T04:10:45.771407+00:00 gui_tick_q=0 gui_rank_q=0)
2026-04-24 13:24:16.538 WARNING MainThread stale: no 0B for 795s (last_0B=2026-04-24T04:11:01.470482+00:00 last_0F=2026-04-24T04:10:45.771407+00:00 gui_tick_q=0 gui_rank_q=0)
2026-04-24 13:24:46.541 WARNING MainThread stale: no 0B for 825s (last_0B=2026-04-24T04:11:01.470482+00:00 last_0F=2026-04-24T04:10:45.771407+00:00 gui_tick_q=0 gui_rank_q=0)
2026-04-24 13:25:16.544 WARNING MainThread stale: no 0B for 855s (last_0B=2026-04-24T04:11:01.470482+00:00 last_0F=2026-04-24T04:10:45.771407+00:00 gui_tick_q=0 gui_rank_q=0)
2026-04-24 13:25:46.546 WARNING MainThread stale: no 0B for 885s (last_0B=2026-04-24T04:11:01.470482+00:00 last_0F=2026-04-24T04:10:45.771407+00:00 gui_tick_q=0 gui_rank_q=0)
2026-04-24 13:26:16.552 WARNING MainThread stale: no 0B for 915s (last_0B=2026-04-24T04:11:01.470482+00:00 last_0F=2026-04-24T04:10:45.771407+00:00 gui_tick_q=0 gui_rank_q=0)
2026-04-24 13:26:46.552 WARNING MainThread stale: no 0B for 945s (last_0B=2026-04-24T04:11:01.470482+00:00 last_0F=2026-04-24T04:10:45.771407+00:00 gui_tick_q=0 gui_rank_q=0)
2026-04-24 13:27:16.555 WARNING MainThread stale: no 0B for 975s (last_0B=2026-04-24T04:11:01.470482+00:00 last_0F=2026-04-24T04:10:45.771407+00:00 gui_tick_q=0 gui_rank_q=0)
2026-04-24 13:27:46.557 WARNING MainThread stale: no 0B for 1005s (last_0B=2026-04-24T04:11:01.470482+00:00 last_0F=2026-04-24T04:10:45.771407+00:00 gui_tick_q=0 gui_rank_q=0)
2026-04-24 13:28:16.560 WARNING MainThread stale: no 0B for 1035s (last_0B=2026-04-24T04:11:01.470482+00:00 last_0F=2026-04-24T04:10:45.771407+00:00 gui_tick_q=0 gui_rank_q=0)
2026-04-24 13:28:46.561 WARNING MainThread stale: no 0B for 1065s (last_0B=2026-04-24T04:11:01.470482+00:00 last_0F=2026-04-24T04:10:45.771407+00:00 gui_tick_q=0 gui_rank_q=0)
2026-04-24 13:29:16.562 WARNING MainThread stale: no 0B for 1095s (last_0B=2026-04-24T04:11:01.470482+00:00 last_0F=2026-04-24T04:10:45.771407+00:00 gui_tick_q=0 gui_rank_q=0)
2026-04-24 13:29:46.563 WARNING MainThread stale: no 0B for 1125s (last_0B=2026-04-24T04:11:01.470482+00:00 last_0F=2026-04-24T04:10:45.771407+00:00 gui_tick_q=0 gui_rank_q=0)
2026-04-24 13:30:16.564 WARNING MainThread stale: no 0B for 1155s (last_0B=2026-04-24T04:11:01.470482+00:00 last_0F=2026-04-24T04:10:45.771407+00:00 gui_tick_q=0 gui_rank_q=0)
2026-04-24 13:30:46.566 WARNING MainThread stale: no 0B for 1185s (last_0B=2026-04-24T04:11:01.470482+00:00 last_0F=2026-04-24T04:10:45.771407+00:00 gui_tick_q=0 gui_rank_q=0)
2026-04-24 13:31:16.569 WARNING MainThread stale: no 0B for 1215s (last_0B=2026-04-24T04:11:01.470482+00:00 last_0F=2026-04-24T04:10:45.771407+00:00 gui_tick_q=0 gui_rank_q=0)
2026-04-24 13:31:46.570 WARNING MainThread stale: no 0B for 1245s (last_0B=2026-04-24T04:11:01.470482+00:00 last_0F=2026-04-24T04:10:45.771407+00:00 gui_tick_q=0 gui_rank_q=0)
2026-04-24 13:32:16.572 WARNING MainThread stale: no 0B for 1275s (last_0B=2026-04-24T04:11:01.470482+00:00 last_0F=2026-04-24T04:10:45.771407+00:00 gui_tick_q=0 gui_rank_q=0)
2026-04-24 13:32:46.577 WARNING MainThread stale: no 0B for 1305s (last_0B=2026-04-24T04:11:01.470482+00:00 last_0F=2026-04-24T04:10:45.771407+00:00 gui_tick_q=0 gui_rank_q=0)
2026-04-24 13:33:16.578 WARNING MainThread stale: no 0B for 1335s (last_0B=2026-04-24T04:11:01.470482+00:00 last_0F=2026-04-24T04:10:45.771407+00:00 gui_tick_q=0 gui_rank_q=0)
2026-04-24 13:33:46.583 WARNING MainThread stale: no 0B for 1365s (last_0B=2026-04-24T04:11:01.470482+00:00 last_0F=2026-04-24T04:10:45.771407+00:00 gui_tick_q=0 gui_rank_q=0)
2026-04-24 13:34:16.585 WARNING MainThread stale: no 0B for 1395s (last_0B=2026-04-24T04:11:01.470482+00:00 last_0F=2026-04-24T04:10:45.771407+00:00 gui_tick_q=0 gui_rank_q=0)
2026-04-24 13:34:46.586 WARNING MainThread stale: no 0B for 1425s (last_0B=2026-04-24T04:11:01.470482+00:00 last_0F=2026-04-24T04:10:45.771407+00:00 gui_tick_q=0 gui_rank_q=0)
2026-04-24 13:35:16.587 WARNING MainThread stale: no 0B for 1455s (last_0B=2026-04-24T04:11:01.470482+00:00 last_0F=2026-04-24T04:10:45.771407+00:00 gui_tick_q=0 gui_rank_q=0)
2026-04-24 13:35:46.591 WARNING MainThread stale: no 0B for 1485s (last_0B=2026-04-24T04:11:01.470482+00:00 last_0F=2026-04-24T04:10:45.771407+00:00 gui_tick_q=0 gui_rank_q=0)
2026-04-24 13:36:16.592 WARNING MainThread stale: no 0B for 1515s (last_0B=2026-04-24T04:11:01.470482+00:00 last_0F=2026-04-24T04:10:45.771407+00:00 gui_tick_q=0 gui_rank_q=0)
2026-04-24 13:36:46.591 WARNING MainThread stale: no 0B for 1545s (last_0B=2026-04-24T04:11:01.470482+00:00 last_0F=2026-04-24T04:10:45.771407+00:00 gui_tick_q=0 gui_rank_q=0)
2026-04-24 13:37:16.592 WARNING MainThread stale: no 0B for 1575s (last_0B=2026-04-24T04:11:01.470482+00:00 last_0F=2026-04-24T04:10:45.771407+00:00 gui_tick_q=0 gui_rank_q=0)
2026-04-24 13:37:46.592 WARNING MainThread stale: no 0B for 1605s (last_0B=2026-04-24T04:11:01.470482+00:00 last_0F=2026-04-24T04:10:45.771407+00:00 gui_tick_q=0 gui_rank_q=0)
2026-04-24 13:38:16.593 WARNING MainThread stale: no 0B for 1635s (last_0B=2026-04-24T04:11:01.470482+00:00 last_0F=2026-04-24T04:10:45.771407+00:00 gui_tick_q=0 gui_rank_q=0)
2026-04-24 13:38:46.595 WARNING MainThread stale: no 0B for 1665s (last_0B=2026-04-24T04:11:01.470482+00:00 last_0F=2026-04-24T04:10:45.771407+00:00 gui_tick_q=0 gui_rank_q=0)
2026-04-24 13:39:16.596 WARNING MainThread stale: no 0B for 1695s (last_0B=2026-04-24T04:11:01.470482+00:00 last_0F=2026-04-24T04:10:45.771407+00:00 gui_tick_q=0 gui_rank_q=0)
2026-04-24 13:39:46.601 WARNING MainThread stale: no 0B for 1725s (last_0B=2026-04-24T04:11:01.470482+00:00 last_0F=2026-04-24T04:10:45.771407+00:00 gui_tick_q=0 gui_rank_q=0)
2026-04-24 13:40:16.603 WARNING MainThread stale: no 0B for 1755s (last_0B=2026-04-24T04:11:01.470482+00:00 last_0F=2026-04-24T04:10:45.771407+00:00 gui_tick_q=0 gui_rank_q=0)
2026-04-24 13:40:46.604 WARNING MainThread stale: no 0B for 1785s (last_0B=2026-04-24T04:11:01.470482+00:00 last_0F=2026-04-24T04:10:45.771407+00:00 gui_tick_q=0 gui_rank_q=0)
2026-04-24 13:41:16.605 WARNING MainThread stale: no 0B for 1815s (last_0B=2026-04-24T04:11:01.470482+00:00 last_0F=2026-04-24T04:10:45.771407+00:00 gui_tick_q=0 gui_rank_q=0)
2026-04-24 13:41:46.606 WARNING MainThread stale: no 0B for 1845s (last_0B=2026-04-24T04:11:01.470482+00:00 last_0F=2026-04-24T04:10:45.771407+00:00 gui_tick_q=0 gui_rank_q=0)
2026-04-24 13:42:16.608 WARNING MainThread stale: no 0B for 1875s (last_0B=2026-04-24T04:11:01.470482+00:00 last_0F=2026-04-24T04:10:45.771407+00:00 gui_tick_q=0 gui_rank_q=0)
2026-04-24 13:42:46.610 WARNING MainThread stale: no 0B for 1905s (last_0B=2026-04-24T04:11:01.470482+00:00 last_0F=2026-04-24T04:10:45.771407+00:00 gui_tick_q=0 gui_rank_q=0)
2026-04-24 13:43:16.612 WARNING MainThread stale: no 0B for 1935s (last_0B=2026-04-24T04:11:01.470482+00:00 last_0F=2026-04-24T04:10:45.771407+00:00 gui_tick_q=0 gui_rank_q=0)
2026-04-24 13:43:46.616 WARNING MainThread stale: no 0B for 1965s (last_0B=2026-04-24T04:11:01.470482+00:00 last_0F=2026-04-24T04:10:45.771407+00:00 gui_tick_q=0 gui_rank_q=0)
2026-04-24 13:44:16.618 WARNING MainThread stale: no 0B for 1995s (last_0B=2026-04-24T04:11:01.470482+00:00 last_0F=2026-04-24T04:10:45.771407+00:00 gui_tick_q=0 gui_rank_q=0)
2026-04-24 13:44:46.620 WARNING MainThread stale: no 0B for 2025s (last_0B=2026-04-24T04:11:01.470482+00:00 last_0F=2026-04-24T04:10:45.771407+00:00 gui_tick_q=0 gui_rank_q=0)
2026-04-24 13:45:16.621 WARNING MainThread stale: no 0B for 2055s (last_0B=2026-04-24T04:11:01.470482+00:00 last_0F=2026-04-24T04:10:45.771407+00:00 gui_tick_q=0 gui_rank_q=0)
2026-04-24 13:45:46.624 WARNING MainThread stale: no 0B for 2085s (last_0B=2026-04-24T04:11:01.470482+00:00 last_0F=2026-04-24T04:10:45.771407+00:00 gui_tick_q=0 gui_rank_q=0)
2026-04-24 13:46:16.626 WARNING MainThread stale: no 0B for 2115s (last_0B=2026-04-24T04:11:01.470482+00:00 last_0F=2026-04-24T04:10:45.771407+00:00 gui_tick_q=0 gui_rank_q=0)
2026-04-24 13:46:46.629 WARNING MainThread stale: no 0B for 2145s (last_0B=2026-04-24T04:11:01.470482+00:00 last_0F=2026-04-24T04:10:45.771407+00:00 gui_tick_q=0 gui_rank_q=0)
2026-04-24 13:47:16.633 WARNING MainThread stale: no 0B for 2175s (last_0B=2026-04-24T04:11:01.470482+00:00 last_0F=2026-04-24T04:10:45.771407+00:00 gui_tick_q=0 gui_rank_q=0)
2026-04-24 13:47:46.636 WARNING MainThread stale: no 0B for 2205s (last_0B=2026-04-24T04:11:01.470482+00:00 last_0F=2026-04-24T04:10:45.771407+00:00 gui_tick_q=0 gui_rank_q=0)
2026-04-24 13:48:16.640 WARNING MainThread stale: no 0B for 2235s (last_0B=2026-04-24T04:11:01.470482+00:00 last_0F=2026-04-24T04:10:45.771407+00:00 gui_tick_q=0 gui_rank_q=0)
2026-04-24 13:48:46.640 WARNING MainThread stale: no 0B for 2265s (last_0B=2026-04-24T04:11:01.470482+00:00 last_0F=2026-04-24T04:10:45.771407+00:00 gui_tick_q=0 gui_rank_q=0)
2026-04-24 13:49:16.644 WARNING MainThread stale: no 0B for 2295s (last_0B=2026-04-24T04:11:01.470482+00:00 last_0F=2026-04-24T04:10:45.771407+00:00 gui_tick_q=0 gui_rank_q=0)
2026-04-24 13:49:46.646 WARNING MainThread stale: no 0B for 2325s (last_0B=2026-04-24T04:11:01.470482+00:00 last_0F=2026-04-24T04:10:45.771407+00:00 gui_tick_q=0 gui_rank_q=0)
2026-04-24 13:50:16.649 WARNING MainThread stale: no 0B for 2355s (last_0B=2026-04-24T04:11:01.470482+00:00 last_0F=2026-04-24T04:10:45.771407+00:00 gui_tick_q=0 gui_rank_q=0)
2026-04-24 13:50:46.653 WARNING MainThread stale: no 0B for 2385s (last_0B=2026-04-24T04:11:01.470482+00:00 last_0F=2026-04-24T04:10:45.771407+00:00 gui_tick_q=0 gui_rank_q=0)
2026-04-24 13:51:16.654 WARNING MainThread stale: no 0B for 2415s (last_0B=2026-04-24T04:11:01.470482+00:00 last_0F=2026-04-24T04:10:45.771407+00:00 gui_tick_q=0 gui_rank_q=0)
2026-04-24 13:51:46.657 WARNING MainThread stale: no 0B for 2445s (last_0B=2026-04-24T04:11:01.470482+00:00 last_0F=2026-04-24T04:10:45.771407+00:00 gui_tick_q=0 gui_rank_q=0)
2026-04-24 13:52:16.659 WARNING MainThread stale: no 0B for 2475s (last_0B=2026-04-24T04:11:01.470482+00:00 last_0F=2026-04-24T04:10:45.771407+00:00 gui_tick_q=0 gui_rank_q=0)
2026-04-24 13:52:46.663 WARNING MainThread stale: no 0B for 2505s (last_0B=2026-04-24T04:11:01.470482+00:00 last_0F=2026-04-24T04:10:45.771407+00:00 gui_tick_q=0 gui_rank_q=0)
2026-04-24 13:53:16.665 WARNING MainThread stale: no 0B for 2535s (last_0B=2026-04-24T04:11:01.470482+00:00 last_0F=2026-04-24T04:10:45.771407+00:00 gui_tick_q=0 gui_rank_q=0)
2026-04-24 13:53:46.666 WARNING MainThread stale: no 0B for 2565s (last_0B=2026-04-24T04:11:01.470482+00:00 last_0F=2026-04-24T04:10:45.771407+00:00 gui_tick_q=0 gui_rank_q=0)
2026-04-24 13:54:16.666 WARNING MainThread stale: no 0B for 2595s (last_0B=2026-04-24T04:11:01.470482+00:00 last_0F=2026-04-24T04:10:45.771407+00:00 gui_tick_q=0 gui_rank_q=0)
2026-04-24 13:54:46.667 WARNING MainThread stale: no 0B for 2625s (last_0B=2026-04-24T04:11:01.470482+00:00 last_0F=2026-04-24T04:10:45.771407+00:00 gui_tick_q=0 gui_rank_q=0)
2026-04-24 13:55:16.670 WARNING MainThread stale: no 0B for 2655s (last_0B=2026-04-24T04:11:01.470482+00:00 last_0F=2026-04-24T04:10:45.771407+00:00 gui_tick_q=0 gui_rank_q=0)
2026-04-24 13:55:46.670 WARNING MainThread stale: no 0B for 2685s (last_0B=2026-04-24T04:11:01.470482+00:00 last_0F=2026-04-24T04:10:45.771407+00:00 gui_tick_q=0 gui_rank_q=0)
2026-04-24 13:56:16.674 WARNING MainThread stale: no 0B for 2715s (last_0B=2026-04-24T04:11:01.470482+00:00 last_0F=2026-04-24T04:10:45.771407+00:00 gui_tick_q=0 gui_rank_q=0)
2026-04-24 13:56:46.679 WARNING MainThread stale: no 0B for 2745s (last_0B=2026-04-24T04:11:01.470482+00:00 last_0F=2026-04-24T04:10:45.771407+00:00 gui_tick_q=0 gui_rank_q=0)
2026-04-24 13:57:16.682 WARNING MainThread stale: no 0B for 2775s (last_0B=2026-04-24T04:11:01.470482+00:00 last_0F=2026-04-24T04:10:45.771407+00:00 gui_tick_q=0 gui_rank_q=0)
2026-04-24 13:57:46.687 WARNING MainThread stale: no 0B for 2805s (last_0B=2026-04-24T04:11:01.470482+00:00 last_0F=2026-04-24T04:10:45.771407+00:00 gui_tick_q=0 gui_rank_q=0)
2026-04-24 13:58:16.691 WARNING MainThread stale: no 0B for 2835s (last_0B=2026-04-24T04:11:01.470482+00:00 last_0F=2026-04-24T04:10:45.771407+00:00 gui_tick_q=0 gui_rank_q=0)
2026-04-24 13:58:46.692 WARNING MainThread stale: no 0B for 2865s (last_0B=2026-04-24T04:11:01.470482+00:00 last_0F=2026-04-24T04:10:45.771407+00:00 gui_tick_q=0 gui_rank_q=0)
2026-04-24 13:59:16.695 WARNING MainThread stale: no 0B for 2895s (last_0B=2026-04-24T04:11:01.470482+00:00 last_0F=2026-04-24T04:10:45.771407+00:00 gui_tick_q=0 gui_rank_q=0)
2026-04-24 13:59:46.695 WARNING MainThread stale: no 0B for 2925s (last_0B=2026-04-24T04:11:01.470482+00:00 last_0F=2026-04-24T04:10:45.771407+00:00 gui_tick_q=0 gui_rank_q=0)
2026-04-24 14:00:16.701 WARNING MainThread stale: no 0B for 2955s (last_0B=2026-04-24T04:11:01.470482+00:00 last_0F=2026-04-24T04:10:45.771407+00:00 gui_tick_q=0 gui_rank_q=0)
2026-04-24 14:00:46.702 WARNING MainThread stale: no 0B for 2985s (last_0B=2026-04-24T04:11:01.470482+00:00 last_0F=2026-04-24T04:10:45.771407+00:00 gui_tick_q=0 gui_rank_q=0)
2026-04-24 14:01:16.705 WARNING MainThread stale: no 0B for 3015s (last_0B=2026-04-24T04:11:01.470482+00:00 last_0F=2026-04-24T04:10:45.771407+00:00 gui_tick_q=0 gui_rank_q=0)
2026-04-24 14:01:46.706 WARNING MainThread stale: no 0B for 3045s (last_0B=2026-04-24T04:11:01.470482+00:00 last_0F=2026-04-24T04:10:45.771407+00:00 gui_tick_q=0 gui_rank_q=0)
2026-04-24 14:02:16.707 WARNING MainThread stale: no 0B for 3075s (last_0B=2026-04-24T04:11:01.470482+00:00 last_0F=2026-04-24T04:10:45.771407+00:00 gui_tick_q=0 gui_rank_q=0)
2026-04-24 14:02:46.710 WARNING MainThread stale: no 0B for 3105s (last_0B=2026-04-24T04:11:01.470482+00:00 last_0F=2026-04-24T04:10:45.771407+00:00 gui_tick_q=0 gui_rank_q=0)
2026-04-24 14:03:16.710 WARNING MainThread stale: no 0B for 3135s (last_0B=2026-04-24T04:11:01.470482+00:00 last_0F=2026-04-24T04:10:45.771407+00:00 gui_tick_q=0 gui_rank_q=0)
2026-04-24 14:03:46.715 WARNING MainThread stale: no 0B for 3165s (last_0B=2026-04-24T04:11:01.470482+00:00 last_0F=2026-04-24T04:10:45.771407+00:00 gui_tick_q=0 gui_rank_q=0)
2026-04-24 14:04:16.716 WARNING MainThread stale: no 0B for 3195s (last_0B=2026-04-24T04:11:01.470482+00:00 last_0F=2026-04-24T04:10:45.771407+00:00 gui_tick_q=0 gui_rank_q=0)
2026-04-24 14:04:46.719 WARNING MainThread stale: no 0B for 3225s (last_0B=2026-04-24T04:11:01.470482+00:00 last_0F=2026-04-24T04:10:45.771407+00:00 gui_tick_q=0 gui_rank_q=0)
2026-04-24 14:05:16.719 WARNING MainThread stale: no 0B for 3255s (last_0B=2026-04-24T04:11:01.470482+00:00 last_0F=2026-04-24T04:10:45.771407+00:00 gui_tick_q=0 gui_rank_q=0)
2026-04-24 14:05:46.721 WARNING MainThread stale: no 0B for 3285s (last_0B=2026-04-24T04:11:01.470482+00:00 last_0F=2026-04-24T04:10:45.771407+00:00 gui_tick_q=0 gui_rank_q=0)
2026-04-24 14:06:16.721 WARNING MainThread stale: no 0B for 3315s (last_0B=2026-04-24T04:11:01.470482+00:00 last_0F=2026-04-24T04:10:45.771407+00:00 gui_tick_q=0 gui_rank_q=0)
2026-04-24 14:06:46.723 WARNING MainThread stale: no 0B for 3345s (last_0B=2026-04-24T04:11:01.470482+00:00 last_0F=2026-04-24T04:10:45.771407+00:00 gui_tick_q=0 gui_rank_q=0)
2026-04-24 14:07:16.722 WARNING MainThread stale: no 0B for 3375s (last_0B=2026-04-24T04:11:01.470482+00:00 last_0F=2026-04-24T04:10:45.771407+00:00 gui_tick_q=0 gui_rank_q=0)
2026-04-24 14:07:46.724 WARNING MainThread stale: no 0B for 3405s (last_0B=2026-04-24T04:11:01.470482+00:00 last_0F=2026-04-24T04:10:45.771407+00:00 gui_tick_q=0 gui_rank_q=0)
2026-04-24 14:08:16.726 WARNING MainThread stale: no 0B for 3435s (last_0B=2026-04-24T04:11:01.470482+00:00 last_0F=2026-04-24T04:10:45.771407+00:00 gui_tick_q=0 gui_rank_q=0)
2026-04-24 14:08:46.727 WARNING MainThread stale: no 0B for 3465s (last_0B=2026-04-24T04:11:01.470482+00:00 last_0F=2026-04-24T04:10:45.771407+00:00 gui_tick_q=0 gui_rank_q=0)
2026-04-24 14:09:16.730 WARNING MainThread stale: no 0B for 3495s (last_0B=2026-04-24T04:11:01.470482+00:00 last_0F=2026-04-24T04:10:45.771407+00:00 gui_tick_q=0 gui_rank_q=0)
2026-04-24 14:09:46.733 WARNING MainThread stale: no 0B for 3525s (last_0B=2026-04-24T04:11:01.470482+00:00 last_0F=2026-04-24T04:10:45.771407+00:00 gui_tick_q=0 gui_rank_q=0)
2026-04-24 14:10:16.739 WARNING MainThread stale: no 0B for 3555s (last_0B=2026-04-24T04:11:01.470482+00:00 last_0F=2026-04-24T04:10:45.771407+00:00 gui_tick_q=0 gui_rank_q=0)
2026-04-24 14:10:46.741 WARNING MainThread stale: no 0B for 3585s (last_0B=2026-04-24T04:11:01.470482+00:00 last_0F=2026-04-24T04:10:45.771407+00:00 gui_tick_q=0 gui_rank_q=0)
2026-04-24 14:11:16.744 WARNING MainThread stale: no 0B for 3615s (last_0B=2026-04-24T04:11:01.470482+00:00 last_0F=2026-04-24T04:10:45.771407+00:00 gui_tick_q=0 gui_rank_q=0)
2026-04-24 14:11:46.748 WARNING MainThread stale: no 0B for 3645s (last_0B=2026-04-24T04:11:01.470482+00:00 last_0F=2026-04-24T04:10:45.771407+00:00 gui_tick_q=0 gui_rank_q=0)
2026-04-24 14:12:16.751 WARNING MainThread stale: no 0B for 3675s (last_0B=2026-04-24T04:11:01.470482+00:00 last_0F=2026-04-24T04:10:45.771407+00:00 gui_tick_q=0 gui_rank_q=0)
2026-04-24 14:12:46.752 WARNING MainThread stale: no 0B for 3705s (last_0B=2026-04-24T04:11:01.470482+00:00 last_0F=2026-04-24T04:10:45.771407+00:00 gui_tick_q=0 gui_rank_q=0)
2026-04-24 14:13:16.755 WARNING MainThread stale: no 0B for 3735s (last_0B=2026-04-24T04:11:01.470482+00:00 last_0F=2026-04-24T04:10:45.771407+00:00 gui_tick_q=0 gui_rank_q=0)
2026-04-24 14:13:46.760 WARNING MainThread stale: no 0B for 3765s (last_0B=2026-04-24T04:11:01.470482+00:00 last_0F=2026-04-24T04:10:45.771407+00:00 gui_tick_q=0 gui_rank_q=0)
2026-04-24 14:14:16.763 WARNING MainThread stale: no 0B for 3795s (last_0B=2026-04-24T04:11:01.470482+00:00 last_0F=2026-04-24T04:10:45.771407+00:00 gui_tick_q=0 gui_rank_q=0)
2026-04-24 14:14:46.768 WARNING MainThread stale: no 0B for 3825s (last_0B=2026-04-24T04:11:01.470482+00:00 last_0F=2026-04-24T04:10:45.771407+00:00 gui_tick_q=0 gui_rank_q=0)
2026-04-24 14:15:16.769 WARNING MainThread stale: no 0B for 3855s (last_0B=2026-04-24T04:11:01.470482+00:00 last_0F=2026-04-24T04:10:45.771407+00:00 gui_tick_q=0 gui_rank_q=0)
2026-04-24 14:15:46.771 WARNING MainThread stale: no 0B for 3885s (last_0B=2026-04-24T04:11:01.470482+00:00 last_0F=2026-04-24T04:10:45.771407+00:00 gui_tick_q=0 gui_rank_q=0)
2026-04-24 14:16:16.773 WARNING MainThread stale: no 0B for 3915s (last_0B=2026-04-24T04:11:01.470482+00:00 last_0F=2026-04-24T04:10:45.771407+00:00 gui_tick_q=0 gui_rank_q=0)
2026-04-24 14:16:46.774 WARNING MainThread stale: no 0B for 3945s (last_0B=2026-04-24T04:11:01.470482+00:00 last_0F=2026-04-24T04:10:45.771407+00:00 gui_tick_q=0 gui_rank_q=0)
2026-04-24 14:17:16.775 WARNING MainThread stale: no 0B for 3975s (last_0B=2026-04-24T04:11:01.470482+00:00 last_0F=2026-04-24T04:10:45.771407+00:00 gui_tick_q=0 gui_rank_q=0)
2026-04-24 14:17:46.776 WARNING MainThread stale: no 0B for 4005s (last_0B=2026-04-24T04:11:01.470482+00:00 last_0F=2026-04-24T04:10:45.771407+00:00 gui_tick_q=0 gui_rank_q=0)
2026-04-24 14:18:16.780 WARNING MainThread stale: no 0B for 4035s (last_0B=2026-04-24T04:11:01.470482+00:00 last_0F=2026-04-24T04:10:45.771407+00:00 gui_tick_q=0 gui_rank_q=0)
2026-04-24 14:18:46.780 WARNING MainThread stale: no 0B for 4065s (last_0B=2026-04-24T04:11:01.470482+00:00 last_0F=2026-04-24T04:10:45.771407+00:00 gui_tick_q=0 gui_rank_q=0)
2026-04-24 14:19:16.783 WARNING MainThread stale: no 0B for 4095s (last_0B=2026-04-24T04:11:01.470482+00:00 last_0F=2026-04-24T04:10:45.771407+00:00 gui_tick_q=0 gui_rank_q=0)
2026-04-24 14:19:46.788 WARNING MainThread stale: no 0B for 4125s (last_0B=2026-04-24T04:11:01.470482+00:00 last_0F=2026-04-24T04:10:45.771407+00:00 gui_tick_q=0 gui_rank_q=0)
2026-04-24 14:20:16.792 WARNING MainThread stale: no 0B for 4155s (last_0B=2026-04-24T04:11:01.470482+00:00 last_0F=2026-04-24T04:10:45.771407+00:00 gui_tick_q=0 gui_rank_q=0)
2026-04-24 14:20:46.793 WARNING MainThread stale: no 0B for 4185s (last_0B=2026-04-24T04:11:01.470482+00:00 last_0F=2026-04-24T04:10:45.771407+00:00 gui_tick_q=0 gui_rank_q=0)
2026-04-24 14:21:16.796 WARNING MainThread stale: no 0B for 4215s (last_0B=2026-04-24T04:11:01.470482+00:00 last_0F=2026-04-24T04:10:45.771407+00:00 gui_tick_q=0 gui_rank_q=0)
2026-04-24 14:21:46.797 WARNING MainThread stale: no 0B for 4245s (last_0B=2026-04-24T04:11:01.470482+00:00 last_0F=2026-04-24T04:10:45.771407+00:00 gui_tick_q=0 gui_rank_q=0)
2026-04-24 14:22:16.798 WARNING MainThread stale: no 0B for 4275s (last_0B=2026-04-24T04:11:01.470482+00:00 last_0F=2026-04-24T04:10:45.771407+00:00 gui_tick_q=0 gui_rank_q=0)
2026-04-24 14:22:46.801 WARNING MainThread stale: no 0B for 4305s (last_0B=2026-04-24T04:11:01.470482+00:00 last_0F=2026-04-24T04:10:45.771407+00:00 gui_tick_q=0 gui_rank_q=0)
2026-04-24 14:23:16.806 WARNING MainThread stale: no 0B for 4335s (last_0B=2026-04-24T04:11:01.470482+00:00 last_0F=2026-04-24T04:10:45.771407+00:00 gui_tick_q=0 gui_rank_q=0)
2026-04-24 14:23:46.810 WARNING MainThread stale: no 0B for 4365s (last_0B=2026-04-24T04:11:01.470482+00:00 last_0F=2026-04-24T04:10:45.771407+00:00 gui_tick_q=0 gui_rank_q=0)
2026-04-24 14:24:16.814 WARNING MainThread stale: no 0B for 4395s (last_0B=2026-04-24T04:11:01.470482+00:00 last_0F=2026-04-24T04:10:45.771407+00:00 gui_tick_q=0 gui_rank_q=0)
2026-04-24 14:24:46.816 WARNING MainThread stale: no 0B for 4425s (last_0B=2026-04-24T04:11:01.470482+00:00 last_0F=2026-04-24T04:10:45.771407+00:00 gui_tick_q=0 gui_rank_q=0)
2026-04-24 14:25:16.819 WARNING MainThread stale: no 0B for 4455s (last_0B=2026-04-24T04:11:01.470482+00:00 last_0F=2026-04-24T04:10:45.771407+00:00 gui_tick_q=0 gui_rank_q=0)
2026-04-24 14:25:46.821 WARNING MainThread stale: no 0B for 4485s (last_0B=2026-04-24T04:11:01.470482+00:00 last_0F=2026-04-24T04:10:45.771407+00:00 gui_tick_q=0 gui_rank_q=0)
2026-04-24 14:26:16.822 WARNING MainThread stale: no 0B for 4515s (last_0B=2026-04-24T04:11:01.470482+00:00 last_0F=2026-04-24T04:10:45.771407+00:00 gui_tick_q=0 gui_rank_q=0)
2026-04-24 14:26:46.827 WARNING MainThread stale: no 0B for 4545s (last_0B=2026-04-24T04:11:01.470482+00:00 last_0F=2026-04-24T04:10:45.771407+00:00 gui_tick_q=0 gui_rank_q=0)
2026-04-24 14:27:16.831 WARNING MainThread stale: no 0B for 4575s (last_0B=2026-04-24T04:11:01.470482+00:00 last_0F=2026-04-24T04:10:45.771407+00:00 gui_tick_q=0 gui_rank_q=0)
2026-04-24 14:27:46.832 WARNING MainThread stale: no 0B for 4605s (last_0B=2026-04-24T04:11:01.470482+00:00 last_0F=2026-04-24T04:10:45.771407+00:00 gui_tick_q=0 gui_rank_q=0)
2026-04-24 14:28:16.835 WARNING MainThread stale: no 0B for 4635s (last_0B=2026-04-24T04:11:01.470482+00:00 last_0F=2026-04-24T04:10:45.771407+00:00 gui_tick_q=0 gui_rank_q=0)
2026-04-24 14:28:46.837 WARNING MainThread stale: no 0B for 4665s (last_0B=2026-04-24T04:11:01.470482+00:00 last_0F=2026-04-24T04:10:45.771407+00:00 gui_tick_q=0 gui_rank_q=0)
2026-04-24 14:29:16.840 WARNING MainThread stale: no 0B for 4695s (last_0B=2026-04-24T04:11:01.470482+00:00 last_0F=2026-04-24T04:10:45.771407+00:00 gui_tick_q=0 gui_rank_q=0)
2026-04-24 14:29:46.843 WARNING MainThread stale: no 0B for 4725s (last_0B=2026-04-24T04:11:01.470482+00:00 last_0F=2026-04-24T04:10:45.771407+00:00 gui_tick_q=0 gui_rank_q=0)
2026-04-24 14:30:16.843 WARNING MainThread stale: no 0B for 4755s (last_0B=2026-04-24T04:11:01.470482+00:00 last_0F=2026-04-24T04:10:45.771407+00:00 gui_tick_q=0 gui_rank_q=0)
2026-04-24 14:30:46.847 WARNING MainThread stale: no 0B for 4785s (last_0B=2026-04-24T04:11:01.470482+00:00 last_0F=2026-04-24T04:10:45.771407+00:00 gui_tick_q=0 gui_rank_q=0)
2026-04-24 14:31:16.851 WARNING MainThread stale: no 0B for 4815s (last_0B=2026-04-24T04:11:01.470482+00:00 last_0F=2026-04-24T04:10:45.771407+00:00 gui_tick_q=0 gui_rank_q=0)
2026-04-24 14:31:46.855 WARNING MainThread stale: no 0B for 4845s (last_0B=2026-04-24T04:11:01.470482+00:00 last_0F=2026-04-24T04:10:45.771407+00:00 gui_tick_q=0 gui_rank_q=0)
2026-04-24 14:32:16.860 WARNING MainThread stale: no 0B for 4875s (last_0B=2026-04-24T04:11:01.470482+00:00 last_0F=2026-04-24T04:10:45.771407+00:00 gui_tick_q=0 gui_rank_q=0)
2026-04-24 14:32:46.862 WARNING MainThread stale: no 0B for 4905s (last_0B=2026-04-24T04:11:01.470482+00:00 last_0F=2026-04-24T04:10:45.771407+00:00 gui_tick_q=0 gui_rank_q=0)
2026-04-24 14:33:16.865 WARNING MainThread stale: no 0B for 4935s (last_0B=2026-04-24T04:11:01.470482+00:00 last_0F=2026-04-24T04:10:45.771407+00:00 gui_tick_q=0 gui_rank_q=0)
2026-04-24 14:33:46.868 WARNING MainThread stale: no 0B for 4965s (last_0B=2026-04-24T04:11:01.470482+00:00 last_0F=2026-04-24T04:10:45.771407+00:00 gui_tick_q=0 gui_rank_q=0)
2026-04-24 14:34:16.870 WARNING MainThread stale: no 0B for 4995s (last_0B=2026-04-24T04:11:01.470482+00:00 last_0F=2026-04-24T04:10:45.771407+00:00 gui_tick_q=0 gui_rank_q=0)
2026-04-24 14:34:46.872 WARNING MainThread stale: no 0B for 5025s (last_0B=2026-04-24T04:11:01.470482+00:00 last_0F=2026-04-24T04:10:45.771407+00:00 gui_tick_q=0 gui_rank_q=0)
2026-04-24 14:35:16.873 WARNING MainThread stale: no 0B for 5055s (last_0B=2026-04-24T04:11:01.470482+00:00 last_0F=2026-04-24T04:10:45.771407+00:00 gui_tick_q=0 gui_rank_q=0)
2026-04-24 14:35:46.874 WARNING MainThread stale: no 0B for 5085s (last_0B=2026-04-24T04:11:01.470482+00:00 last_0F=2026-04-24T04:10:45.771407+00:00 gui_tick_q=0 gui_rank_q=0)
2026-04-24 14:36:16.874 WARNING MainThread stale: no 0B for 5115s (last_0B=2026-04-24T04:11:01.470482+00:00 last_0F=2026-04-24T04:10:45.771407+00:00 gui_tick_q=0 gui_rank_q=0)
2026-04-24 14:36:46.879 WARNING MainThread stale: no 0B for 5145s (last_0B=2026-04-24T04:11:01.470482+00:00 last_0F=2026-04-24T04:10:45.771407+00:00 gui_tick_q=0 gui_rank_q=0)
2026-04-24 14:37:16.881 WARNING MainThread stale: no 0B for 5175s (last_0B=2026-04-24T04:11:01.470482+00:00 last_0F=2026-04-24T04:10:45.771407+00:00 gui_tick_q=0 gui_rank_q=0)
2026-04-24 14:37:46.883 WARNING MainThread stale: no 0B for 5205s (last_0B=2026-04-24T04:11:01.470482+00:00 last_0F=2026-04-24T04:10:45.771407+00:00 gui_tick_q=0 gui_rank_q=0)
2026-04-24 14:38:16.885 WARNING MainThread stale: no 0B for 5235s (last_0B=2026-04-24T04:11:01.470482+00:00 last_0F=2026-04-24T04:10:45.771407+00:00 gui_tick_q=0 gui_rank_q=0)
2026-04-24 14:38:46.888 WARNING MainThread stale: no 0B for 5265s (last_0B=2026-04-24T04:11:01.470482+00:00 last_0F=2026-04-24T04:10:45.771407+00:00 gui_tick_q=0 gui_rank_q=0)
2026-04-24 14:39:16.890 WARNING MainThread stale: no 0B for 5295s (last_0B=2026-04-24T04:11:01.470482+00:00 last_0F=2026-04-24T04:10:45.771407+00:00 gui_tick_q=0 gui_rank_q=0)
2026-04-24 14:39:46.892 WARNING MainThread stale: no 0B for 5325s (last_0B=2026-04-24T04:11:01.470482+00:00 last_0F=2026-04-24T04:10:45.771407+00:00 gui_tick_q=0 gui_rank_q=0)
2026-04-24 14:40:16.897 WARNING MainThread stale: no 0B for 5355s (last_0B=2026-04-24T04:11:01.470482+00:00 last_0F=2026-04-24T04:10:45.771407+00:00 gui_tick_q=0 gui_rank_q=0)
2026-04-24 14:40:46.897 WARNING MainThread stale: no 0B for 5385s (last_0B=2026-04-24T04:11:01.470482+00:00 last_0F=2026-04-24T04:10:45.771407+00:00 gui_tick_q=0 gui_rank_q=0)
2026-04-24 14:41:16.898 WARNING MainThread stale: no 0B for 5415s (last_0B=2026-04-24T04:11:01.470482+00:00 last_0F=2026-04-24T04:10:45.771407+00:00 gui_tick_q=0 gui_rank_q=0)
2026-04-24 14:41:46.902 WARNING MainThread stale: no 0B for 5445s (last_0B=2026-04-24T04:11:01.470482+00:00 last_0F=2026-04-24T04:10:45.771407+00:00 gui_tick_q=0 gui_rank_q=0)
2026-04-24 14:42:16.903 WARNING MainThread stale: no 0B for 5475s (last_0B=2026-04-24T04:11:01.470482+00:00 last_0F=2026-04-24T04:10:45.771407+00:00 gui_tick_q=0 gui_rank_q=0)
2026-04-24 14:42:46.907 WARNING MainThread stale: no 0B for 5505s (last_0B=2026-04-24T04:11:01.470482+00:00 last_0F=2026-04-24T04:10:45.771407+00:00 gui_tick_q=0 gui_rank_q=0)
2026-04-24 14:43:16.908 WARNING MainThread stale: no 0B for 5535s (last_0B=2026-04-24T04:11:01.470482+00:00 last_0F=2026-04-24T04:10:45.771407+00:00 gui_tick_q=0 gui_rank_q=0)
2026-04-24 14:43:46.909 WARNING MainThread stale: no 0B for 5565s (last_0B=2026-04-24T04:11:01.470482+00:00 last_0F=2026-04-24T04:10:45.771407+00:00 gui_tick_q=0 gui_rank_q=0)
2026-04-24 14:44:16.910 WARNING MainThread stale: no 0B for 5595s (last_0B=2026-04-24T04:11:01.470482+00:00 last_0F=2026-04-24T04:10:45.771407+00:00 gui_tick_q=0 gui_rank_q=0)
2026-04-24 14:44:46.912 WARNING MainThread stale: no 0B for 5625s (last_0B=2026-04-24T04:11:01.470482+00:00 last_0F=2026-04-24T04:10:45.771407+00:00 gui_tick_q=0 gui_rank_q=0)
2026-04-24 14:45:16.913 WARNING MainThread stale: no 0B for 5655s (last_0B=2026-04-24T04:11:01.470482+00:00 last_0F=2026-04-24T04:10:45.771407+00:00 gui_tick_q=0 gui_rank_q=0)
2026-04-24 14:45:46.916 WARNING MainThread stale: no 0B for 5685s (last_0B=2026-04-24T04:11:01.470482+00:00 last_0F=2026-04-24T04:10:45.771407+00:00 gui_tick_q=0 gui_rank_q=0)
2026-04-24 14:46:16.918 WARNING MainThread stale: no 0B for 5715s (last_0B=2026-04-24T04:11:01.470482+00:00 last_0F=2026-04-24T04:10:45.771407+00:00 gui_tick_q=0 gui_rank_q=0)
2026-04-24 14:46:46.921 WARNING MainThread stale: no 0B for 5745s (last_0B=2026-04-24T04:11:01.470482+00:00 last_0F=2026-04-24T04:10:45.771407+00:00 gui_tick_q=0 gui_rank_q=0)
2026-04-24 14:47:16.922 WARNING MainThread stale: no 0B for 5775s (last_0B=2026-04-24T04:11:01.470482+00:00 last_0F=2026-04-24T04:10:45.771407+00:00 gui_tick_q=0 gui_rank_q=0)
2026-04-24 14:47:46.927 WARNING MainThread stale: no 0B for 5805s (last_0B=2026-04-24T04:11:01.470482+00:00 last_0F=2026-04-24T04:10:45.771407+00:00 gui_tick_q=0 gui_rank_q=0)
2026-04-24 14:48:16.928 WARNING MainThread stale: no 0B for 5835s (last_0B=2026-04-24T04:11:01.470482+00:00 last_0F=2026-04-24T04:10:45.771407+00:00 gui_tick_q=0 gui_rank_q=0)
2026-04-24 14:48:46.930 WARNING MainThread stale: no 0B for 5865s (last_0B=2026-04-24T04:11:01.470482+00:00 last_0F=2026-04-24T04:10:45.771407+00:00 gui_tick_q=0 gui_rank_q=0)
2026-04-24 14:49:16.932 WARNING MainThread stale: no 0B for 5895s (last_0B=2026-04-24T04:11:01.470482+00:00 last_0F=2026-04-24T04:10:45.771407+00:00 gui_tick_q=0 gui_rank_q=0)
2026-04-24 14:49:46.935 WARNING MainThread stale: no 0B for 5925s (last_0B=2026-04-24T04:11:01.470482+00:00 last_0F=2026-04-24T04:10:45.771407+00:00 gui_tick_q=0 gui_rank_q=0)
2026-04-24 14:50:16.939 WARNING MainThread stale: no 0B for 5955s (last_0B=2026-04-24T04:11:01.470482+00:00 last_0F=2026-04-24T04:10:45.771407+00:00 gui_tick_q=0 gui_rank_q=0)
2026-04-24 14:50:46.942 WARNING MainThread stale: no 0B for 5985s (last_0B=2026-04-24T04:11:01.470482+00:00 last_0F=2026-04-24T04:10:45.771407+00:00 gui_tick_q=0 gui_rank_q=0)
2026-04-24 14:51:16.945 WARNING MainThread stale: no 0B for 6015s (last_0B=2026-04-24T04:11:01.470482+00:00 last_0F=2026-04-24T04:10:45.771407+00:00 gui_tick_q=0 gui_rank_q=0)
2026-04-24 14:51:46.953 WARNING MainThread stale: no 0B for 6045s (last_0B=2026-04-24T04:11:01.470482+00:00 last_0F=2026-04-24T04:10:45.771407+00:00 gui_tick_q=0 gui_rank_q=0)
2026-04-24 14:52:16.955 WARNING MainThread stale: no 0B for 6075s (last_0B=2026-04-24T04:11:01.470482+00:00 last_0F=2026-04-24T04:10:45.771407+00:00 gui_tick_q=0 gui_rank_q=0)
2026-04-24 14:52:46.956 WARNING MainThread stale: no 0B for 6105s (last_0B=2026-04-24T04:11:01.470482+00:00 last_0F=2026-04-24T04:10:45.771407+00:00 gui_tick_q=0 gui_rank_q=0)
2026-04-24 14:53:16.960 WARNING MainThread stale: no 0B for 6135s (last_0B=2026-04-24T04:11:01.470482+00:00 last_0F=2026-04-24T04:10:45.771407+00:00 gui_tick_q=0 gui_rank_q=0)
2026-04-24 14:53:46.960 WARNING MainThread stale: no 0B for 6165s (last_0B=2026-04-24T04:11:01.470482+00:00 last_0F=2026-04-24T04:10:45.771407+00:00 gui_tick_q=0 gui_rank_q=0)
2026-04-24 14:54:16.965 WARNING MainThread stale: no 0B for 6195s (last_0B=2026-04-24T04:11:01.470482+00:00 last_0F=2026-04-24T04:10:45.771407+00:00 gui_tick_q=0 gui_rank_q=0)
2026-04-24 14:54:46.965 WARNING MainThread stale: no 0B for 6225s (last_0B=2026-04-24T04:11:01.470482+00:00 last_0F=2026-04-24T04:10:45.771407+00:00 gui_tick_q=0 gui_rank_q=0)
2026-04-24 14:55:16.967 WARNING MainThread stale: no 0B for 6255s (last_0B=2026-04-24T04:11:01.470482+00:00 last_0F=2026-04-24T04:10:45.771407+00:00 gui_tick_q=0 gui_rank_q=0)
2026-04-24 14:55:46.970 WARNING MainThread stale: no 0B for 6285s (last_0B=2026-04-24T04:11:01.470482+00:00 last_0F=2026-04-24T04:10:45.771407+00:00 gui_tick_q=0 gui_rank_q=0)
2026-04-24 14:56:16.971 WARNING MainThread stale: no 0B for 6315s (last_0B=2026-04-24T04:11:01.470482+00:00 last_0F=2026-04-24T04:10:45.771407+00:00 gui_tick_q=0 gui_rank_q=0)
2026-04-24 14:56:46.973 WARNING MainThread stale: no 0B for 6345s (last_0B=2026-04-24T04:11:01.470482+00:00 last_0F=2026-04-24T04:10:45.771407+00:00 gui_tick_q=0 gui_rank_q=0)
2026-04-24 14:57:16.975 WARNING MainThread stale: no 0B for 6375s (last_0B=2026-04-24T04:11:01.470482+00:00 last_0F=2026-04-24T04:10:45.771407+00:00 gui_tick_q=0 gui_rank_q=0)
2026-04-24 14:57:46.977 WARNING MainThread stale: no 0B for 6405s (last_0B=2026-04-24T04:11:01.470482+00:00 last_0F=2026-04-24T04:10:45.771407+00:00 gui_tick_q=0 gui_rank_q=0)
2026-04-24 14:58:16.978 WARNING MainThread stale: no 0B for 6435s (last_0B=2026-04-24T04:11:01.470482+00:00 last_0F=2026-04-24T04:10:45.771407+00:00 gui_tick_q=0 gui_rank_q=0)
2026-04-24 14:58:35.702 INFO Thread-1 (start_background_loop) bot: starting (ticker=014620)
2026-04-24 14:58:37.043 INFO Thread-1 (start_background_loop) bot: connected
2026-04-24 14:58:37.052 INFO Thread-1 (start_background_loop) bot: run() active
2026-04-24 14:58:57.209 INFO Thread-1 (start_background_loop) ka90008: total(_AL)=259166 (7807 rows) NXT(_NX)=52190 (6217 rows) → derived KRX=206976
2026-04-24 14:58:57.210 INFO Thread-1 (start_background_loop) ka90008: queued 7807 combined program history rows (date=20260424 stk=014620 seed KRX=206976 NXT=52190 sum=259166)
2026-04-24 14:58:57.562 INFO Thread-1 (start_background_loop) ka10014: queued 43 short-selling rows (20260223–20260424 stk=014620)
2026-04-24 14:58:57.647 INFO Thread-1 (start_background_loop) stream: REG attached (0B, 0F on 014620; 0w on ['014620', '014620_NX'])
2026-04-24 14:59:04.398 INFO Thread-1 (start_background_loop) 0w: first live KRX FID 210=207457 (combined seen=['KRX'])
2026-04-24 14:59:06.298 INFO Thread-1 (start_background_loop) 0w: first live NXT FID 210=52681 (combined seen=['KRX', 'NXT'])
2026-04-24 15:14:37.687 WARNING MainThread stale: no 0B for 15s (last_0B=2026-04-24T06:14:22.687334+00:00 last_0F=2026-04-24T06:14:04.988197+00:00 gui_tick_q=0 gui_rank_q=0)
2026-04-24 15:20:14.486 WARNING MainThread stale: no 0B for 15s (last_0B=2026-04-24T06:19:59.484674+00:00 last_0F=2026-04-24T06:19:06.384650+00:00 gui_tick_q=0 gui_rank_q=0)
2026-04-24 15:20:44.489 WARNING MainThread stale: no 0B for 45s (last_0B=2026-04-24T06:19:59.484674+00:00 last_0F=2026-04-24T06:19:06.384650+00:00 gui_tick_q=0 gui_rank_q=0)
2026-04-24 15:21:14.491 WARNING MainThread stale: no 0B for 75s (last_0B=2026-04-24T06:19:59.484674+00:00 last_0F=2026-04-24T06:19:06.384650+00:00 gui_tick_q=0 gui_rank_q=0)
2026-04-24 15:21:44.494 WARNING MainThread stale: no 0B for 105s (last_0B=2026-04-24T06:19:59.484674+00:00 last_0F=2026-04-24T06:21:37.982817+00:00 gui_tick_q=0 gui_rank_q=0)
2026-04-24 15:22:14.497 WARNING MainThread stale: no 0B for 135s (last_0B=2026-04-24T06:19:59.484674+00:00 last_0F=2026-04-24T06:21:37.982817+00:00 gui_tick_q=0 gui_rank_q=0)
2026-04-24 15:22:44.501 WARNING MainThread stale: no 0B for 165s (last_0B=2026-04-24T06:19:59.484674+00:00 last_0F=2026-04-24T06:21:37.982817+00:00 gui_tick_q=0 gui_rank_q=0)
2026-04-24 15:23:14.502 WARNING MainThread stale: no 0B for 195s (last_0B=2026-04-24T06:19:59.484674+00:00 last_0F=2026-04-24T06:21:37.982817+00:00 gui_tick_q=0 gui_rank_q=0)
2026-04-24 15:23:44.503 WARNING MainThread stale: no 0B for 225s (last_0B=2026-04-24T06:19:59.484674+00:00 last_0F=2026-04-24T06:21:37.982817+00:00 gui_tick_q=0 gui_rank_q=0)
2026-04-24 15:24:14.506 WARNING MainThread stale: no 0B for 255s (last_0B=2026-04-24T06:19:59.484674+00:00 last_0F=2026-04-24T06:21:37.982817+00:00 gui_tick_q=0 gui_rank_q=0)
2026-04-24 15:24:44.509 WARNING MainThread stale: no 0B for 285s (last_0B=2026-04-24T06:19:59.484674+00:00 last_0F=2026-04-24T06:21:37.982817+00:00 gui_tick_q=0 gui_rank_q=0)
2026-04-24 15:25:14.512 WARNING MainThread stale: no 0B for 315s (last_0B=2026-04-24T06:19:59.484674+00:00 last_0F=2026-04-24T06:21:37.982817+00:00 gui_tick_q=0 gui_rank_q=0)
2026-04-24 15:25:44.512 WARNING MainThread stale: no 0B for 345s (last_0B=2026-04-24T06:19:59.484674+00:00 last_0F=2026-04-24T06:21:37.982817+00:00 gui_tick_q=0 gui_rank_q=0)
2026-04-24 15:26:14.513 WARNING MainThread stale: no 0B for 375s (last_0B=2026-04-24T06:19:59.484674+00:00 last_0F=2026-04-24T06:21:37.982817+00:00 gui_tick_q=0 gui_rank_q=0)
2026-04-24 15:26:44.514 WARNING MainThread stale: no 0B for 405s (last_0B=2026-04-24T06:19:59.484674+00:00 last_0F=2026-04-24T06:21:37.982817+00:00 gui_tick_q=0 gui_rank_q=0)
2026-04-24 15:27:14.518 WARNING MainThread stale: no 0B for 435s (last_0B=2026-04-24T06:19:59.484674+00:00 last_0F=2026-04-24T06:21:37.982817+00:00 gui_tick_q=0 gui_rank_q=0)
2026-04-24 15:27:44.518 WARNING MainThread stale: no 0B for 465s (last_0B=2026-04-24T06:19:59.484674+00:00 last_0F=2026-04-24T06:21:37.982817+00:00 gui_tick_q=0 gui_rank_q=0)
2026-04-24 15:28:14.522 WARNING MainThread stale: no 0B for 495s (last_0B=2026-04-24T06:19:59.484674+00:00 last_0F=2026-04-24T06:21:37.982817+00:00 gui_tick_q=0 gui_rank_q=0)
2026-04-24 15:28:44.525 WARNING MainThread stale: no 0B for 525s (last_0B=2026-04-24T06:19:59.484674+00:00 last_0F=2026-04-24T06:21:37.982817+00:00 gui_tick_q=0 gui_rank_q=0)
2026-04-24 15:29:14.528 WARNING MainThread stale: no 0B for 555s (last_0B=2026-04-24T06:19:59.484674+00:00 last_0F=2026-04-24T06:21:37.982817+00:00 gui_tick_q=0 gui_rank_q=0)
2026-04-24 15:29:44.531 WARNING MainThread stale: no 0B for 585s (last_0B=2026-04-24T06:19:59.484674+00:00 last_0F=2026-04-24T06:21:37.982817+00:00 gui_tick_q=0 gui_rank_q=0)
2026-04-24 15:30:14.532 WARNING MainThread stale: no 0B for 615s (last_0B=2026-04-24T06:19:59.484674+00:00 last_0F=2026-04-24T06:21:37.982817+00:00 gui_tick_q=0 gui_rank_q=0)
2026-04-24 15:30:44.533 WARNING MainThread stale: no 0B for 22s (last_0B=2026-04-24T06:30:22.176819+00:00 last_0F=2026-04-24T06:21:37.982817+00:00 gui_tick_q=0 gui_rank_q=0)
2026-04-24 15:31:14.537 WARNING MainThread stale: no 0B for 52s (last_0B=2026-04-24T06:30:22.176819+00:00 last_0F=2026-04-24T06:30:45.775730+00:00 gui_tick_q=0 gui_rank_q=0)
2026-04-24 15:31:44.540 WARNING MainThread stale: no 0B for 82s (last_0B=2026-04-24T06:30:22.176819+00:00 last_0F=2026-04-24T06:30:45.775730+00:00 gui_tick_q=0 gui_rank_q=0)
2026-04-24 15:32:14.543 WARNING MainThread stale: no 0B for 112s (last_0B=2026-04-24T06:30:22.176819+00:00 last_0F=2026-04-24T06:30:45.775730+00:00 gui_tick_q=0 gui_rank_q=0)
2026-04-24 15:32:44.544 WARNING MainThread stale: no 0B for 142s (last_0B=2026-04-24T06:30:22.176819+00:00 last_0F=2026-04-24T06:30:45.775730+00:00 gui_tick_q=0 gui_rank_q=0)
2026-04-24 15:33:14.548 WARNING MainThread stale: no 0B for 172s (last_0B=2026-04-24T06:30:22.176819+00:00 last_0F=2026-04-24T06:30:45.775730+00:00 gui_tick_q=0 gui_rank_q=0)
2026-04-24 15:33:44.550 WARNING MainThread stale: no 0B for 202s (last_0B=2026-04-24T06:30:22.176819+00:00 last_0F=2026-04-24T06:30:45.775730+00:00 gui_tick_q=0 gui_rank_q=0)
2026-04-24 15:34:14.554 WARNING MainThread stale: no 0B for 232s (last_0B=2026-04-24T06:30:22.176819+00:00 last_0F=2026-04-24T06:30:45.775730+00:00 gui_tick_q=0 gui_rank_q=0)
2026-04-24 15:34:44.558 WARNING MainThread stale: no 0B for 262s (last_0B=2026-04-24T06:30:22.176819+00:00 last_0F=2026-04-24T06:30:45.775730+00:00 gui_tick_q=0 gui_rank_q=0)
2026-04-24 15:35:14.559 WARNING MainThread stale: no 0B for 292s (last_0B=2026-04-24T06:30:22.176819+00:00 last_0F=2026-04-24T06:30:45.775730+00:00 gui_tick_q=0 gui_rank_q=0)
2026-04-24 15:35:44.564 WARNING MainThread stale: no 0B for 322s (last_0B=2026-04-24T06:30:22.176819+00:00 last_0F=2026-04-24T06:30:45.775730+00:00 gui_tick_q=0 gui_rank_q=0)
2026-04-24 15:36:14.566 WARNING MainThread stale: no 0B for 352s (last_0B=2026-04-24T06:30:22.176819+00:00 last_0F=2026-04-24T06:30:45.775730+00:00 gui_tick_q=0 gui_rank_q=0)
2026-04-24 15:36:44.567 WARNING MainThread stale: no 0B for 382s (last_0B=2026-04-24T06:30:22.176819+00:00 last_0F=2026-04-24T06:30:45.775730+00:00 gui_tick_q=0 gui_rank_q=0)
2026-04-24 15:37:14.571 WARNING MainThread stale: no 0B for 412s (last_0B=2026-04-24T06:30:22.176819+00:00 last_0F=2026-04-24T06:30:45.775730+00:00 gui_tick_q=0 gui_rank_q=0)
2026-04-24 15:37:44.573 WARNING MainThread stale: no 0B for 442s (last_0B=2026-04-24T06:30:22.176819+00:00 last_0F=2026-04-24T06:30:45.775730+00:00 gui_tick_q=0 gui_rank_q=0)
2026-04-24 15:38:14.577 WARNING MainThread stale: no 0B for 472s (last_0B=2026-04-24T06:30:22.176819+00:00 last_0F=2026-04-24T06:30:45.775730+00:00 gui_tick_q=0 gui_rank_q=0)
2026-04-24 15:38:44.579 WARNING MainThread stale: no 0B for 502s (last_0B=2026-04-24T06:30:22.176819+00:00 last_0F=2026-04-24T06:30:45.775730+00:00 gui_tick_q=0 gui_rank_q=0)
2026-04-24 15:39:14.581 WARNING MainThread stale: no 0B for 532s (last_0B=2026-04-24T06:30:22.176819+00:00 last_0F=2026-04-24T06:30:45.775730+00:00 gui_tick_q=0 gui_rank_q=0)
2026-04-24 15:39:44.582 WARNING MainThread stale: no 0B for 562s (last_0B=2026-04-24T06:30:22.176819+00:00 last_0F=2026-04-24T06:30:45.775730+00:00 gui_tick_q=0 gui_rank_q=0)
2026-04-24 15:40:14.870 WARNING MainThread stale: no 0B for 15s (last_0B=2026-04-24T06:39:59.870561+00:00 last_0F=2026-04-24T06:30:45.775730+00:00 gui_tick_q=0 gui_rank_q=0)
2026-04-24 15:40:44.873 WARNING MainThread stale: no 0B for 45s (last_0B=2026-04-24T06:39:59.870561+00:00 last_0F=2026-04-24T06:30:45.775730+00:00 gui_tick_q=0 gui_rank_q=0)
2026-04-24 15:41:14.874 WARNING MainThread stale: no 0B for 75s (last_0B=2026-04-24T06:39:59.870561+00:00 last_0F=2026-04-24T06:30:45.775730+00:00 gui_tick_q=0 gui_rank_q=0)
2026-04-24 15:41:45.770 WARNING MainThread stale: no 0B for 15s (last_0B=2026-04-24T06:41:30.769611+00:00 last_0F=2026-04-24T06:30:45.775730+00:00 gui_tick_q=0 gui_rank_q=0)
2026-04-24 15:42:15.771 WARNING MainThread stale: no 0B for 26s (last_0B=2026-04-24T06:41:49.369572+00:00 last_0F=2026-04-24T06:30:45.775730+00:00 gui_tick_q=0 gui_rank_q=0)
2026-04-24 15:42:45.775 WARNING MainThread stale: no 0B for 56s (last_0B=2026-04-24T06:41:49.369572+00:00 last_0F=2026-04-24T06:30:45.775730+00:00 gui_tick_q=0 gui_rank_q=0)
2026-04-24 15:43:15.780 WARNING MainThread stale: no 0B for 86s (last_0B=2026-04-24T06:41:49.369572+00:00 last_0F=2026-04-24T06:30:45.775730+00:00 gui_tick_q=0 gui_rank_q=0)
2026-04-24 15:43:45.786 WARNING MainThread stale: no 0B for 116s (last_0B=2026-04-24T06:41:49.369572+00:00 last_0F=2026-04-24T06:30:45.775730+00:00 gui_tick_q=0 gui_rank_q=0)
2026-04-24 15:44:15.787 WARNING MainThread stale: no 0B for 146s (last_0B=2026-04-24T06:41:49.369572+00:00 last_0F=2026-04-24T06:30:45.775730+00:00 gui_tick_q=0 gui_rank_q=0)
2026-04-24 15:44:45.790 WARNING MainThread stale: no 0B for 25s (last_0B=2026-04-24T06:44:20.767649+00:00 last_0F=2026-04-24T06:30:45.775730+00:00 gui_tick_q=0 gui_rank_q=0)
2026-04-24 15:45:15.793 WARNING MainThread stale: no 0B for 55s (last_0B=2026-04-24T06:44:20.767649+00:00 last_0F=2026-04-24T06:30:45.775730+00:00 gui_tick_q=0 gui_rank_q=0)
2026-04-24 15:45:45.795 WARNING MainThread stale: no 0B for 85s (last_0B=2026-04-24T06:44:20.767649+00:00 last_0F=2026-04-24T06:30:45.775730+00:00 gui_tick_q=0 gui_rank_q=0)
2026-04-24 15:46:15.799 WARNING MainThread stale: no 0B for 115s (last_0B=2026-04-24T06:44:20.767649+00:00 last_0F=2026-04-24T06:30:45.775730+00:00 gui_tick_q=0 gui_rank_q=0)
2026-04-24 15:46:45.800 WARNING MainThread stale: no 0B for 145s (last_0B=2026-04-24T06:44:20.767649+00:00 last_0F=2026-04-24T06:30:45.775730+00:00 gui_tick_q=0 gui_rank_q=0)
2026-04-24 15:47:15.801 WARNING MainThread stale: no 0B for 175s (last_0B=2026-04-24T06:44:20.767649+00:00 last_0F=2026-04-24T06:30:45.775730+00:00 gui_tick_q=0 gui_rank_q=0)
2026-04-24 15:47:45.804 WARNING MainThread stale: no 0B for 205s (last_0B=2026-04-24T06:44:20.767649+00:00 last_0F=2026-04-24T06:30:45.775730+00:00 gui_tick_q=0 gui_rank_q=0)
2026-04-24 15:48:15.804 WARNING MainThread stale: no 0B for 235s (last_0B=2026-04-24T06:44:20.767649+00:00 last_0F=2026-04-24T06:30:45.775730+00:00 gui_tick_q=0 gui_rank_q=0)
2026-04-24 15:48:45.805 WARNING MainThread stale: no 0B for 265s (last_0B=2026-04-24T06:44:20.767649+00:00 last_0F=2026-04-24T06:30:45.775730+00:00 gui_tick_q=0 gui_rank_q=0)
2026-04-24 15:49:15.805 WARNING MainThread stale: no 0B for 295s (last_0B=2026-04-24T06:44:20.767649+00:00 last_0F=2026-04-24T06:30:45.775730+00:00 gui_tick_q=0 gui_rank_q=0)
2026-04-24 15:49:45.808 WARNING MainThread stale: no 0B for 325s (last_0B=2026-04-24T06:44:20.767649+00:00 last_0F=2026-04-24T06:30:45.775730+00:00 gui_tick_q=0 gui_rank_q=0)
2026-04-24 15:50:15.809 WARNING MainThread stale: no 0B for 355s (last_0B=2026-04-24T06:44:20.767649+00:00 last_0F=2026-04-24T06:30:45.775730+00:00 gui_tick_q=0 gui_rank_q=0)
2026-04-24 15:50:45.812 WARNING MainThread stale: no 0B for 385s (last_0B=2026-04-24T06:44:20.767649+00:00 last_0F=2026-04-24T06:30:45.775730+00:00 gui_tick_q=0 gui_rank_q=0)
2026-04-24 15:51:15.812 WARNING MainThread stale: no 0B for 415s (last_0B=2026-04-24T06:44:20.767649+00:00 last_0F=2026-04-24T06:30:45.775730+00:00 gui_tick_q=0 gui_rank_q=0)
2026-04-24 15:51:45.812 WARNING MainThread stale: no 0B for 445s (last_0B=2026-04-24T06:44:20.767649+00:00 last_0F=2026-04-24T06:30:45.775730+00:00 gui_tick_q=0 gui_rank_q=0)
2026-04-24 15:52:15.812 WARNING MainThread stale: no 0B for 475s (last_0B=2026-04-24T06:44:20.767649+00:00 last_0F=2026-04-24T06:30:45.775730+00:00 gui_tick_q=0 gui_rank_q=0)
2026-04-24 15:52:45.815 WARNING MainThread stale: no 0B for 505s (last_0B=2026-04-24T06:44:20.767649+00:00 last_0F=2026-04-24T06:30:45.775730+00:00 gui_tick_q=0 gui_rank_q=0)
2026-04-24 15:53:15.818 WARNING MainThread stale: no 0B for 535s (last_0B=2026-04-24T06:44:20.767649+00:00 last_0F=2026-04-24T06:30:45.775730+00:00 gui_tick_q=0 gui_rank_q=0)
2026-04-24 15:53:45.821 WARNING MainThread stale: no 0B for 565s (last_0B=2026-04-24T06:44:20.767649+00:00 last_0F=2026-04-24T06:30:45.775730+00:00 gui_tick_q=0 gui_rank_q=0)
2026-04-24 15:54:24.966 WARNING MainThread stale: no 0B for 15s (last_0B=2026-04-24T06:54:09.962087+00:00 last_0F=2026-04-24T06:30:45.775730+00:00 gui_tick_q=0 gui_rank_q=0)
2026-04-24 15:54:54.969 WARNING MainThread stale: no 0B for 45s (last_0B=2026-04-24T06:54:09.962087+00:00 last_0F=2026-04-24T06:30:45.775730+00:00 gui_tick_q=0 gui_rank_q=0)
2026-04-24 15:55:24.969 WARNING MainThread stale: no 0B for 75s (last_0B=2026-04-24T06:54:09.962087+00:00 last_0F=2026-04-24T06:30:45.775730+00:00 gui_tick_q=0 gui_rank_q=0)
2026-04-24 15:55:54.972 WARNING MainThread stale: no 0B for 105s (last_0B=2026-04-24T06:54:09.962087+00:00 last_0F=2026-04-24T06:30:45.775730+00:00 gui_tick_q=0 gui_rank_q=0)
2026-04-24 15:56:24.975 WARNING MainThread stale: no 0B for 135s (last_0B=2026-04-24T06:54:09.962087+00:00 last_0F=2026-04-24T06:30:45.775730+00:00 gui_tick_q=0 gui_rank_q=0)
2026-04-24 15:56:54.978 WARNING MainThread stale: no 0B for 165s (last_0B=2026-04-24T06:54:09.962087+00:00 last_0F=2026-04-24T06:30:45.775730+00:00 gui_tick_q=0 gui_rank_q=0)
2026-04-24 15:57:24.980 WARNING MainThread stale: no 0B for 195s (last_0B=2026-04-24T06:54:09.962087+00:00 last_0F=2026-04-24T06:30:45.775730+00:00 gui_tick_q=0 gui_rank_q=0)
2026-04-24 15:57:54.986 WARNING MainThread stale: no 0B for 225s (last_0B=2026-04-24T06:54:09.962087+00:00 last_0F=2026-04-24T06:30:45.775730+00:00 gui_tick_q=0 gui_rank_q=0)
2026-04-24 15:58:24.988 WARNING MainThread stale: no 0B for 255s (last_0B=2026-04-24T06:54:09.962087+00:00 last_0F=2026-04-24T06:30:45.775730+00:00 gui_tick_q=0 gui_rank_q=0)
2026-04-24 15:58:54.993 WARNING MainThread stale: no 0B for 285s (last_0B=2026-04-24T06:54:09.962087+00:00 last_0F=2026-04-24T06:30:45.775730+00:00 gui_tick_q=0 gui_rank_q=0)
2026-04-24 15:59:24.993 WARNING MainThread stale: no 0B for 20s (last_0B=2026-04-24T06:59:04.758328+00:00 last_0F=2026-04-24T06:30:45.775730+00:00 gui_tick_q=0 gui_rank_q=0)
2026-04-24 15:59:54.998 WARNING MainThread stale: no 0B for 50s (last_0B=2026-04-24T06:59:04.758328+00:00 last_0F=2026-04-24T06:30:45.775730+00:00 gui_tick_q=0 gui_rank_q=0)
2026-04-24 16:00:24.999 WARNING MainThread stale: no 0B for 80s (last_0B=2026-04-24T06:59:04.758328+00:00 last_0F=2026-04-24T06:30:45.775730+00:00 gui_tick_q=0 gui_rank_q=0)
2026-04-24 16:00:55.003 WARNING MainThread stale: no 0B for 110s (last_0B=2026-04-24T06:59:04.758328+00:00 last_0F=2026-04-24T06:30:45.775730+00:00 gui_tick_q=0 gui_rank_q=0)
2026-04-24 16:01:25.004 WARNING MainThread stale: no 0B for 140s (last_0B=2026-04-24T06:59:04.758328+00:00 last_0F=2026-04-24T06:30:45.775730+00:00 gui_tick_q=0 gui_rank_q=0)
2026-04-24 16:01:55.006 WARNING MainThread stale: no 0B for 170s (last_0B=2026-04-24T06:59:04.758328+00:00 last_0F=2026-04-24T06:30:45.775730+00:00 gui_tick_q=0 gui_rank_q=0)
2026-04-24 16:02:25.007 WARNING MainThread stale: no 0B for 200s (last_0B=2026-04-24T06:59:04.758328+00:00 last_0F=2026-04-24T06:30:45.775730+00:00 gui_tick_q=0 gui_rank_q=0)
2026-04-24 16:02:55.009 WARNING MainThread stale: no 0B for 230s (last_0B=2026-04-24T06:59:04.758328+00:00 last_0F=2026-04-24T06:30:45.775730+00:00 gui_tick_q=0 gui_rank_q=0)
2026-04-24 16:03:25.013 WARNING MainThread stale: no 0B for 260s (last_0B=2026-04-24T06:59:04.758328+00:00 last_0F=2026-04-24T06:30:45.775730+00:00 gui_tick_q=0 gui_rank_q=0)
2026-04-24 16:03:55.014 WARNING MainThread stale: no 0B for 290s (last_0B=2026-04-24T06:59:04.758328+00:00 last_0F=2026-04-24T06:30:45.775730+00:00 gui_tick_q=0 gui_rank_q=0)
2026-04-24 16:04:25.018 WARNING MainThread stale: no 0B for 320s (last_0B=2026-04-24T06:59:04.758328+00:00 last_0F=2026-04-24T06:30:45.775730+00:00 gui_tick_q=0 gui_rank_q=0)
2026-04-24 16:04:55.020 WARNING MainThread stale: no 0B for 350s (last_0B=2026-04-24T06:59:04.758328+00:00 last_0F=2026-04-24T06:30:45.775730+00:00 gui_tick_q=0 gui_rank_q=0)
2026-04-24 16:05:25.023 WARNING MainThread stale: no 0B for 380s (last_0B=2026-04-24T06:59:04.758328+00:00 last_0F=2026-04-24T06:30:45.775730+00:00 gui_tick_q=0 gui_rank_q=0)
2026-04-24 16:05:55.024 WARNING MainThread stale: no 0B for 410s (last_0B=2026-04-24T06:59:04.758328+00:00 last_0F=2026-04-24T06:30:45.775730+00:00 gui_tick_q=0 gui_rank_q=0)
2026-04-24 16:06:25.027 WARNING MainThread stale: no 0B for 440s (last_0B=2026-04-24T06:59:04.758328+00:00 last_0F=2026-04-24T06:30:45.775730+00:00 gui_tick_q=0 gui_rank_q=0)
2026-04-24 16:06:55.030 WARNING MainThread stale: no 0B for 470s (last_0B=2026-04-24T06:59:04.758328+00:00 last_0F=2026-04-24T06:30:45.775730+00:00 gui_tick_q=0 gui_rank_q=0)
2026-04-24 16:07:25.031 WARNING MainThread stale: no 0B for 500s (last_0B=2026-04-24T06:59:04.758328+00:00 last_0F=2026-04-24T06:30:45.775730+00:00 gui_tick_q=0 gui_rank_q=0)
2026-04-24 16:07:55.032 WARNING MainThread stale: no 0B for 530s (last_0B=2026-04-24T06:59:04.758328+00:00 last_0F=2026-04-24T06:30:45.775730+00:00 gui_tick_q=0 gui_rank_q=0)
2026-04-24 16:08:25.035 WARNING MainThread stale: no 0B for 560s (last_0B=2026-04-24T06:59:04.758328+00:00 last_0F=2026-04-24T06:30:45.775730+00:00 gui_tick_q=0 gui_rank_q=0)
2026-04-24 16:08:55.038 WARNING MainThread stale: no 0B for 590s (last_0B=2026-04-24T06:59:04.758328+00:00 last_0F=2026-04-24T06:30:45.775730+00:00 gui_tick_q=0 gui_rank_q=0)
2026-04-24 16:09:25.040 WARNING MainThread stale: no 0B for 620s (last_0B=2026-04-24T06:59:04.758328+00:00 last_0F=2026-04-24T06:30:45.775730+00:00 gui_tick_q=0 gui_rank_q=0)
2026-04-24 16:09:55.040 WARNING MainThread stale: no 0B for 650s (last_0B=2026-04-24T06:59:04.758328+00:00 last_0F=2026-04-24T06:30:45.775730+00:00 gui_tick_q=0 gui_rank_q=0)
2026-04-24 16:10:25.045 WARNING MainThread stale: no 0B for 680s (last_0B=2026-04-24T06:59:04.758328+00:00 last_0F=2026-04-24T06:30:45.775730+00:00 gui_tick_q=0 gui_rank_q=0)
2026-04-24 16:10:55.049 WARNING MainThread stale: no 0B for 710s (last_0B=2026-04-24T06:59:04.758328+00:00 last_0F=2026-04-24T06:30:45.775730+00:00 gui_tick_q=0 gui_rank_q=0)
2026-04-24 16:11:25.050 WARNING MainThread stale: no 0B for 740s (last_0B=2026-04-24T06:59:04.758328+00:00 last_0F=2026-04-24T06:30:45.775730+00:00 gui_tick_q=0 gui_rank_q=0)
2026-04-24 16:11:55.054 WARNING MainThread stale: no 0B for 770s (last_0B=2026-04-24T06:59:04.758328+00:00 last_0F=2026-04-24T06:30:45.775730+00:00 gui_tick_q=0 gui_rank_q=0)
2026-04-24 16:12:25.055 WARNING MainThread stale: no 0B for 800s (last_0B=2026-04-24T06:59:04.758328+00:00 last_0F=2026-04-24T06:30:45.775730+00:00 gui_tick_q=0 gui_rank_q=0)
2026-04-24 16:12:55.056 WARNING MainThread stale: no 0B for 830s (last_0B=2026-04-24T06:59:04.758328+00:00 last_0F=2026-04-24T06:30:45.775730+00:00 gui_tick_q=0 gui_rank_q=0)
2026-04-24 16:13:25.058 WARNING MainThread stale: no 0B for 860s (last_0B=2026-04-24T06:59:04.758328+00:00 last_0F=2026-04-24T06:30:45.775730+00:00 gui_tick_q=0 gui_rank_q=0)
2026-04-24 16:13:55.059 WARNING MainThread stale: no 0B for 890s (last_0B=2026-04-24T06:59:04.758328+00:00 last_0F=2026-04-24T06:30:45.775730+00:00 gui_tick_q=0 gui_rank_q=0)
2026-04-24 16:14:25.060 WARNING MainThread stale: no 0B for 920s (last_0B=2026-04-24T06:59:04.758328+00:00 last_0F=2026-04-24T06:30:45.775730+00:00 gui_tick_q=0 gui_rank_q=0)
2026-04-24 16:14:55.061 WARNING MainThread stale: no 0B for 950s (last_0B=2026-04-24T06:59:04.758328+00:00 last_0F=2026-04-24T06:30:45.775730+00:00 gui_tick_q=0 gui_rank_q=0)
2026-04-24 16:15:25.064 WARNING MainThread stale: no 0B for 980s (last_0B=2026-04-24T06:59:04.758328+00:00 last_0F=2026-04-24T06:30:45.775730+00:00 gui_tick_q=0 gui_rank_q=0)
2026-04-24 16:15:55.066 WARNING MainThread stale: no 0B for 1010s (last_0B=2026-04-24T06:59:04.758328+00:00 last_0F=2026-04-24T06:30:45.775730+00:00 gui_tick_q=0 gui_rank_q=0)
2026-04-24 16:16:25.066 WARNING MainThread stale: no 0B for 1040s (last_0B=2026-04-24T06:59:04.758328+00:00 last_0F=2026-04-24T06:30:45.775730+00:00 gui_tick_q=0 gui_rank_q=0)
2026-04-24 16:16:55.068 WARNING MainThread stale: no 0B for 1070s (last_0B=2026-04-24T06:59:04.758328+00:00 last_0F=2026-04-24T06:30:45.775730+00:00 gui_tick_q=0 gui_rank_q=0)
2026-04-24 16:17:25.070 WARNING MainThread stale: no 0B for 1100s (last_0B=2026-04-24T06:59:04.758328+00:00 last_0F=2026-04-24T06:30:45.775730+00:00 gui_tick_q=0 gui_rank_q=0)
2026-04-24 16:17:55.071 WARNING MainThread stale: no 0B for 1130s (last_0B=2026-04-24T06:59:04.758328+00:00 last_0F=2026-04-24T06:30:45.775730+00:00 gui_tick_q=0 gui_rank_q=0)
2026-04-24 16:18:25.072 WARNING MainThread stale: no 0B for 1160s (last_0B=2026-04-24T06:59:04.758328+00:00 last_0F=2026-04-24T06:30:45.775730+00:00 gui_tick_q=0 gui_rank_q=0)
2026-04-24 16:18:55.076 WARNING MainThread stale: no 0B for 1190s (last_0B=2026-04-24T06:59:04.758328+00:00 last_0F=2026-04-24T06:30:45.775730+00:00 gui_tick_q=0 gui_rank_q=0)
2026-04-24 16:19:25.079 WARNING MainThread stale: no 0B for 1220s (last_0B=2026-04-24T06:59:04.758328+00:00 last_0F=2026-04-24T06:30:45.775730+00:00 gui_tick_q=0 gui_rank_q=0)
2026-04-24 16:19:55.080 WARNING MainThread stale: no 0B for 1250s (last_0B=2026-04-24T06:59:04.758328+00:00 last_0F=2026-04-24T06:30:45.775730+00:00 gui_tick_q=0 gui_rank_q=0)
2026-04-24 16:20:25.082 WARNING MainThread stale: no 0B for 1280s (last_0B=2026-04-24T06:59:04.758328+00:00 last_0F=2026-04-24T06:30:45.775730+00:00 gui_tick_q=0 gui_rank_q=0)
2026-04-24 16:20:55.085 WARNING MainThread stale: no 0B for 1310s (last_0B=2026-04-24T06:59:04.758328+00:00 last_0F=2026-04-24T06:30:45.775730+00:00 gui_tick_q=0 gui_rank_q=0)
2026-04-24 16:21:25.086 WARNING MainThread stale: no 0B for 1340s (last_0B=2026-04-24T06:59:04.758328+00:00 last_0F=2026-04-24T06:30:45.775730+00:00 gui_tick_q=0 gui_rank_q=0)
2026-04-24 16:21:55.087 WARNING MainThread stale: no 0B for 1370s (last_0B=2026-04-24T06:59:04.758328+00:00 last_0F=2026-04-24T06:30:45.775730+00:00 gui_tick_q=0 gui_rank_q=0)
2026-04-24 16:22:25.090 WARNING MainThread stale: no 0B for 1400s (last_0B=2026-04-24T06:59:04.758328+00:00 last_0F=2026-04-24T06:30:45.775730+00:00 gui_tick_q=0 gui_rank_q=0)
2026-04-24 16:22:55.094 WARNING MainThread stale: no 0B for 1430s (last_0B=2026-04-24T06:59:04.758328+00:00 last_0F=2026-04-24T06:30:45.775730+00:00 gui_tick_q=0 gui_rank_q=0)
2026-04-24 16:23:25.095 WARNING MainThread stale: no 0B for 1460s (last_0B=2026-04-24T06:59:04.758328+00:00 last_0F=2026-04-24T06:30:45.775730+00:00 gui_tick_q=0 gui_rank_q=0)
2026-04-24 16:23:55.100 WARNING MainThread stale: no 0B for 1490s (last_0B=2026-04-24T06:59:04.758328+00:00 last_0F=2026-04-24T06:30:45.775730+00:00 gui_tick_q=0 gui_rank_q=0)
2026-04-24 16:24:25.104 WARNING MainThread stale: no 0B for 1520s (last_0B=2026-04-24T06:59:04.758328+00:00 last_0F=2026-04-24T06:30:45.775730+00:00 gui_tick_q=0 gui_rank_q=0)
2026-04-24 16:24:55.106 WARNING MainThread stale: no 0B for 1550s (last_0B=2026-04-24T06:59:04.758328+00:00 last_0F=2026-04-24T06:30:45.775730+00:00 gui_tick_q=0 gui_rank_q=0)
2026-04-24 16:25:25.106 WARNING MainThread stale: no 0B for 1580s (last_0B=2026-04-24T06:59:04.758328+00:00 last_0F=2026-04-24T06:30:45.775730+00:00 gui_tick_q=0 gui_rank_q=0)
2026-04-24 16:25:55.109 WARNING MainThread stale: no 0B for 1610s (last_0B=2026-04-24T06:59:04.758328+00:00 last_0F=2026-04-24T06:30:45.775730+00:00 gui_tick_q=0 gui_rank_q=0)
2026-04-24 16:26:25.109 WARNING MainThread stale: no 0B for 1640s (last_0B=2026-04-24T06:59:04.758328+00:00 last_0F=2026-04-24T06:30:45.775730+00:00 gui_tick_q=0 gui_rank_q=0)
2026-04-24 16:26:55.112 WARNING MainThread stale: no 0B for 1670s (last_0B=2026-04-24T06:59:04.758328+00:00 last_0F=2026-04-24T06:30:45.775730+00:00 gui_tick_q=0 gui_rank_q=0)
2026-04-24 16:27:25.114 WARNING MainThread stale: no 0B for 1700s (last_0B=2026-04-24T06:59:04.758328+00:00 last_0F=2026-04-24T06:30:45.775730+00:00 gui_tick_q=0 gui_rank_q=0)
2026-04-24 16:27:55.114 WARNING MainThread stale: no 0B for 1730s (last_0B=2026-04-24T06:59:04.758328+00:00 last_0F=2026-04-24T06:30:45.775730+00:00 gui_tick_q=0 gui_rank_q=0)
2026-04-24 16:28:25.117 WARNING MainThread stale: no 0B for 1760s (last_0B=2026-04-24T06:59:04.758328+00:00 last_0F=2026-04-24T06:30:45.775730+00:00 gui_tick_q=0 gui_rank_q=0)
2026-04-24 16:28:55.117 WARNING MainThread stale: no 0B for 1790s (last_0B=2026-04-24T06:59:04.758328+00:00 last_0F=2026-04-24T06:30:45.775730+00:00 gui_tick_q=0 gui_rank_q=0)
2026-04-24 16:29:25.121 WARNING MainThread stale: no 0B for 1820s (last_0B=2026-04-24T06:59:04.758328+00:00 last_0F=2026-04-24T06:30:45.775730+00:00 gui_tick_q=0 gui_rank_q=0)
2026-04-24 16:29:55.124 WARNING MainThread stale: no 0B for 1850s (last_0B=2026-04-24T06:59:04.758328+00:00 last_0F=2026-04-24T06:30:45.775730+00:00 gui_tick_q=0 gui_rank_q=0)
2026-04-24 16:30:25.126 WARNING MainThread stale: no 0B for 1880s (last_0B=2026-04-24T06:59:04.758328+00:00 last_0F=2026-04-24T06:30:45.775730+00:00 gui_tick_q=0 gui_rank_q=0)
2026-04-24 16:30:55.127 WARNING MainThread stale: no 0B for 1910s (last_0B=2026-04-24T06:59:04.758328+00:00 last_0F=2026-04-24T06:30:45.775730+00:00 gui_tick_q=0 gui_rank_q=0)
2026-04-24 16:31:25.128 WARNING MainThread stale: no 0B for 1940s (last_0B=2026-04-24T06:59:04.758328+00:00 last_0F=2026-04-24T06:30:45.775730+00:00 gui_tick_q=0 gui_rank_q=0)
2026-04-24 16:31:55.129 WARNING MainThread stale: no 0B for 1970s (last_0B=2026-04-24T06:59:04.758328+00:00 last_0F=2026-04-24T06:30:45.775730+00:00 gui_tick_q=0 gui_rank_q=0)
2026-04-24 16:32:25.135 WARNING MainThread stale: no 0B for 2000s (last_0B=2026-04-24T06:59:04.758328+00:00 last_0F=2026-04-24T06:30:45.775730+00:00 gui_tick_q=0 gui_rank_q=0)
2026-04-24 16:32:55.135 WARNING MainThread stale: no 0B for 2030s (last_0B=2026-04-24T06:59:04.758328+00:00 last_0F=2026-04-24T06:30:45.775730+00:00 gui_tick_q=0 gui_rank_q=0)
2026-04-24 16:33:25.137 WARNING MainThread stale: no 0B for 2060s (last_0B=2026-04-24T06:59:04.758328+00:00 last_0F=2026-04-24T06:30:45.775730+00:00 gui_tick_q=0 gui_rank_q=0)
2026-04-24 16:33:55.140 WARNING MainThread stale: no 0B for 2090s (last_0B=2026-04-24T06:59:04.758328+00:00 last_0F=2026-04-24T06:30:45.775730+00:00 gui_tick_q=0 gui_rank_q=0)
2026-04-24 16:34:25.143 WARNING MainThread stale: no 0B for 2120s (last_0B=2026-04-24T06:59:04.758328+00:00 last_0F=2026-04-24T06:30:45.775730+00:00 gui_tick_q=0 gui_rank_q=0)
2026-04-24 16:34:55.145 WARNING MainThread stale: no 0B for 2150s (last_0B=2026-04-24T06:59:04.758328+00:00 last_0F=2026-04-24T06:30:45.775730+00:00 gui_tick_q=0 gui_rank_q=0)
2026-04-24 16:35:25.147 WARNING MainThread stale: no 0B for 2180s (last_0B=2026-04-24T06:59:04.758328+00:00 last_0F=2026-04-24T06:30:45.775730+00:00 gui_tick_q=0 gui_rank_q=0)
2026-04-24 16:35:55.151 WARNING MainThread stale: no 0B for 2210s (last_0B=2026-04-24T06:59:04.758328+00:00 last_0F=2026-04-24T06:30:45.775730+00:00 gui_tick_q=0 gui_rank_q=0)
2026-04-24 16:36:25.154 WARNING MainThread stale: no 0B for 2240s (last_0B=2026-04-24T06:59:04.758328+00:00 last_0F=2026-04-24T06:30:45.775730+00:00 gui_tick_q=0 gui_rank_q=0)
2026-04-24 16:36:55.159 WARNING MainThread stale: no 0B for 2270s (last_0B=2026-04-24T06:59:04.758328+00:00 last_0F=2026-04-24T06:30:45.775730+00:00 gui_tick_q=0 gui_rank_q=0)
2026-04-24 16:37:25.162 WARNING MainThread stale: no 0B for 2300s (last_0B=2026-04-24T06:59:04.758328+00:00 last_0F=2026-04-24T06:30:45.775730+00:00 gui_tick_q=0 gui_rank_q=0)
2026-04-24 16:37:55.162 WARNING MainThread stale: no 0B for 2330s (last_0B=2026-04-24T06:59:04.758328+00:00 last_0F=2026-04-24T06:30:45.775730+00:00 gui_tick_q=0 gui_rank_q=0)
2026-04-24 16:38:25.165 WARNING MainThread stale: no 0B for 2360s (last_0B=2026-04-24T06:59:04.758328+00:00 last_0F=2026-04-24T06:30:45.775730+00:00 gui_tick_q=0 gui_rank_q=0)
2026-04-24 16:38:55.167 WARNING MainThread stale: no 0B for 2390s (last_0B=2026-04-24T06:59:04.758328+00:00 last_0F=2026-04-24T06:30:45.775730+00:00 gui_tick_q=0 gui_rank_q=0)
2026-04-24 16:39:25.169 WARNING MainThread stale: no 0B for 2420s (last_0B=2026-04-24T06:59:04.758328+00:00 last_0F=2026-04-24T06:30:45.775730+00:00 gui_tick_q=0 gui_rank_q=0)
2026-04-28 10:47:44.439 INFO Thread-1 (start_background_loop) bot: starting (ticker=044450)
2026-04-28 10:47:45.880 INFO Thread-1 (start_background_loop) bot: connected
2026-04-28 10:47:45.906 INFO Thread-1 (start_background_loop) bot: run() active
2026-04-28 10:47:46.870 INFO Thread-1 (start_background_loop) ka90008: total(_AL)=2096 (421 rows) NXT(_NX)=0 (0 rows) → derived KRX=2096
2026-04-28 10:47:46.871 INFO Thread-1 (start_background_loop) ka90008: queued 421 combined program history rows (date=20260428 stk=044450 seed KRX=2096 NXT=0 sum=2096)
2026-04-28 10:47:47.083 INFO Thread-1 (start_background_loop) ka10014: queued 41 short-selling rows (20260227–20260428 stk=044450)
2026-04-28 10:47:47.165 INFO Thread-1 (start_background_loop) stream: REG attached (0B, 0F on 044450; 0w on ['044450', '044450_NX'])
2026-04-28 10:47:51.715 INFO Thread-1 (start_background_loop) 0w: first live KRX FID 210=-2116 (combined seen=['KRX'])
2026-04-28 10:48:11.140 WARNING MainThread stale: no 0B for 15s (last_0B=2026-04-28T01:47:56.113778+00:00 last_0F=2026-04-28T01:47:57.972027+00:00 gui_tick_q=0 gui_rank_q=0)
2026-04-28 10:48:42.916 WARNING MainThread stale: no 0B for 15s (last_0B=2026-04-28T01:48:27.914167+00:00 last_0F=2026-04-28T01:47:57.972027+00:00 gui_tick_q=0 gui_rank_q=0)
2026-04-28 10:49:12.916 WARNING MainThread stale: no 0B for 26s (last_0B=2026-04-28T01:48:45.938474+00:00 last_0F=2026-04-28T01:49:11.213969+00:00 gui_tick_q=0 gui_rank_q=0)
2026-04-28 10:50:00.115 WARNING MainThread stale: no 0B for 15s (last_0B=2026-04-28T01:49:45.112585+00:00 last_0F=2026-04-28T01:49:11.213969+00:00 gui_tick_q=0 gui_rank_q=0)
2026-04-28 10:50:30.116 WARNING MainThread stale: no 0B for 45s (last_0B=2026-04-28T01:49:45.112585+00:00 last_0F=2026-04-28T01:50:21.913436+00:00 gui_tick_q=0 gui_rank_q=0)
2026-04-28 10:51:14.214 WARNING MainThread stale: no 0B for 15s (last_0B=2026-04-28T01:50:59.212879+00:00 last_0F=2026-04-28T01:50:21.913436+00:00 gui_tick_q=0 gui_rank_q=0)
2026-04-28 10:52:01.152 WARNING MainThread stale: no 0B for 15s (last_0B=2026-04-28T01:51:46.150926+00:00 last_0F=2026-04-28T01:51:34.412545+00:00 gui_tick_q=0 gui_rank_q=0)
2026-04-28 10:52:31.153 WARNING MainThread stale: no 0B for 45s (last_0B=2026-04-28T01:51:46.150926+00:00 last_0F=2026-04-28T01:51:34.412545+00:00 gui_tick_q=0 gui_rank_q=0)
2026-04-28 10:53:01.153 WARNING MainThread stale: no 0B for 75s (last_0B=2026-04-28T01:51:46.150926+00:00 last_0F=2026-04-28T01:52:44.811657+00:00 gui_tick_q=0 gui_rank_q=0)
2026-04-28 10:53:42.815 WARNING MainThread stale: no 0B for 15s (last_0B=2026-04-28T01:53:27.810932+00:00 last_0F=2026-04-28T01:52:44.811657+00:00 gui_tick_q=0 gui_rank_q=0)
2026-04-28 10:54:12.818 WARNING MainThread stale: no 0B for 16s (last_0B=2026-04-28T01:53:56.710942+00:00 last_0F=2026-04-28T01:53:56.521713+00:00 gui_tick_q=0 gui_rank_q=0)
2026-04-28 10:54:32.823 ERROR Thread-1 (start_background_loop) ka10002 poll: 429, message='null', url='https://api.kiwoom.com/api/dostk/stkinfo'
Traceback (most recent call last):
  File "D:\auto_scraper_for_wealth\foreign_trend.py", line 1006, in ka10002_poll_loop
    res = await bot.api.request(
          ^^^^^^^^^^^^^^^^^^^^^^
  File "D:\auto_scraper_for_wealth\myenv2\Lib\site-packages\kiwoom\http\client.py", line 228, in request
    res: Response = await self.post(endpoint, api_id, headers=headers, data=data)
                    ^^^^^^^^^^^^^^^^^^^^^^^^^^^^^^^^^^^^^^^^^^^^^^^^^^^^^^^^^^^^^
  File "D:\auto_scraper_for_wealth\myenv2\Lib\site-packages\kiwoom\http\debug.py", line 79, in wrapper
    res.raise_for_status()
  File "D:\auto_scraper_for_wealth\myenv2\Lib\site-packages\aiohttp\client_reqrep.py", line 636, in raise_for_status
    raise ClientResponseError(
aiohttp.client_exceptions.ClientResponseError: 429, message='null', url='https://api.kiwoom.com/api/dostk/stkinfo'
2026-04-28 10:55:12.512 WARNING MainThread stale: no 0B for 15s (last_0B=2026-04-28T01:54:57.509457+00:00 last_0F=2026-04-28T01:55:08.190090+00:00 gui_tick_q=0 gui_rank_q=0)
2026-04-28 10:55:45.112 WARNING MainThread stale: no 0B for 15s (last_0B=2026-04-28T01:55:30.109636+00:00 last_0F=2026-04-28T01:55:08.190090+00:00 gui_tick_q=0 gui_rank_q=0)
2026-04-28 10:56:27.114 WARNING MainThread stale: no 0B for 15s (last_0B=2026-04-28T01:56:12.111149+00:00 last_0F=2026-04-28T01:56:19.827230+00:00 gui_tick_q=0 gui_rank_q=0)
2026-04-28 10:57:09.844 WARNING MainThread stale: no 0B for 15s (last_0B=2026-04-28T01:56:54.841289+00:00 last_0F=2026-04-28T01:56:19.827230+00:00 gui_tick_q=0 gui_rank_q=0)
2026-04-28 10:57:44.411 WARNING MainThread stale: no 0B for 15s (last_0B=2026-04-28T01:57:29.408871+00:00 last_0F=2026-04-28T01:57:29.808333+00:00 gui_tick_q=0 gui_rank_q=0)
2026-04-28 10:58:14.413 WARNING MainThread stale: no 0B for 15s (last_0B=2026-04-28T01:57:58.917239+00:00 last_0F=2026-04-28T01:57:29.808333+00:00 gui_tick_q=0 gui_rank_q=0)
2026-04-28 10:58:44.413 WARNING MainThread stale: no 0B for 16s (last_0B=2026-04-28T01:58:28.207701+00:00 last_0F=2026-04-28T01:58:41.809864+00:00 gui_tick_q=0 gui_rank_q=0)
2026-04-28 10:59:24.611 WARNING MainThread stale: no 0B for 15s (last_0B=2026-04-28T01:59:09.606813+00:00 last_0F=2026-04-28T01:58:41.809864+00:00 gui_tick_q=0 gui_rank_q=0)
2026-04-28 10:59:54.613 WARNING MainThread stale: no 0B for 24s (last_0B=2026-04-28T01:59:30.107257+00:00 last_0F=2026-04-28T01:59:53.009219+00:00 gui_tick_q=0 gui_rank_q=0)
2026-04-28 11:01:00.009 WARNING MainThread stale: no 0B for 15s (last_0B=2026-04-28T02:00:45.006692+00:00 last_0F=2026-04-28T01:59:53.009219+00:00 gui_tick_q=0 gui_rank_q=0)
2026-04-28 11:01:30.013 WARNING MainThread stale: no 0B for 45s (last_0B=2026-04-28T02:00:45.006692+00:00 last_0F=2026-04-28T02:01:06.205439+00:00 gui_tick_q=0 gui_rank_q=0)
2026-04-28 11:02:00.017 WARNING MainThread stale: no 0B for 15s (last_0B=2026-04-28T02:01:44.106715+00:00 last_0F=2026-04-28T02:01:06.205439+00:00 gui_tick_q=0 gui_rank_q=0)
2026-04-28 11:03:52.409 WARNING MainThread stale: no 0B for 15s (last_0B=2026-04-28T02:03:37.405163+00:00 last_0F=2026-04-28T02:03:28.404667+00:00 gui_tick_q=0 gui_rank_q=0)
2026-04-28 11:04:45.205 WARNING MainThread stale: no 0B for 15s (last_0B=2026-04-28T02:04:30.204066+00:00 last_0F=2026-04-28T02:04:38.204879+00:00 gui_tick_q=0 gui_rank_q=0)
2026-04-28 11:05:39.708 WARNING MainThread stale: no 0B for 15s (last_0B=2026-04-28T02:05:24.704770+00:00 last_0F=2026-04-28T02:04:38.204879+00:00 gui_tick_q=0 gui_rank_q=0)
2026-04-28 11:06:09.707 WARNING MainThread stale: no 0B for 17s (last_0B=2026-04-28T02:05:51.833681+00:00 last_0F=2026-04-28T02:05:49.934509+00:00 gui_tick_q=0 gui_rank_q=0)
2026-04-28 11:07:00.504 WARNING MainThread stale: no 0B for 15s (last_0B=2026-04-28T02:06:45.503538+00:00 last_0F=2026-04-28T02:07:00.403855+00:00 gui_tick_q=0 gui_rank_q=0)
2026-04-28 11:07:55.804 WARNING MainThread stale: no 0B for 15s (last_0B=2026-04-28T02:07:40.804247+00:00 last_0F=2026-04-28T02:07:00.403855+00:00 gui_tick_q=0 gui_rank_q=0)
2026-04-28 11:08:25.806 WARNING MainThread stale: no 0B for 18s (last_0B=2026-04-28T02:08:07.604268+00:00 last_0F=2026-04-28T02:08:11.608556+00:00 gui_tick_q=0 gui_rank_q=0)
2026-04-28 11:09:21.802 WARNING MainThread stale: no 0B for 15s (last_0B=2026-04-28T02:09:06.801938+00:00 last_0F=2026-04-28T02:09:20.000382+00:00 gui_tick_q=0 gui_rank_q=0)
2026-04-28 11:10:34.202 WARNING MainThread stale: no 0B for 15s (last_0B=2026-04-28T02:10:19.198952+00:00 last_0F=2026-04-28T02:10:29.199192+00:00 gui_tick_q=0 gui_rank_q=0)
2026-04-28 11:11:12.702 WARNING MainThread stale: no 0B for 15s (last_0B=2026-04-28T02:10:57.699895+00:00 last_0F=2026-04-28T02:10:29.199192+00:00 gui_tick_q=0 gui_rank_q=0)
2026-04-28 11:11:42.704 WARNING MainThread stale: no 0B for 20s (last_0B=2026-04-28T02:11:22.599233+00:00 last_0F=2026-04-28T02:10:29.199192+00:00 gui_tick_q=0 gui_rank_q=0)
2026-04-28 11:12:18.819 WARNING MainThread stale: no 0B for 15s (last_0B=2026-04-28T02:12:03.817503+00:00 last_0F=2026-04-28T02:10:29.199192+00:00 gui_tick_q=0 gui_rank_q=0)
2026-04-28 11:12:59.603 WARNING MainThread stale: no 0B for 15s (last_0B=2026-04-28T02:12:44.600508+00:00 last_0F=2026-04-28T02:12:49.699485+00:00 gui_tick_q=0 gui_rank_q=0)
2026-04-28 11:13:29.603 WARNING MainThread stale: no 0B for 45s (last_0B=2026-04-28T02:12:44.600508+00:00 last_0F=2026-04-28T02:12:49.699485+00:00 gui_tick_q=0 gui_rank_q=0)
2026-04-28 11:13:59.606 WARNING MainThread stale: no 0B for 75s (last_0B=2026-04-28T02:12:44.600508+00:00 last_0F=2026-04-28T02:12:49.699485+00:00 gui_tick_q=0 gui_rank_q=0)
2026-04-28 11:14:29.610 WARNING MainThread stale: no 0B for 21s (last_0B=2026-04-28T02:14:07.697656+00:00 last_0F=2026-04-28T02:12:49.699485+00:00 gui_tick_q=0 gui_rank_q=0)
2026-04-28 11:14:59.613 WARNING MainThread stale: no 0B for 15s (last_0B=2026-04-28T02:14:43.897189+00:00 last_0F=2026-04-28T02:12:49.699485+00:00 gui_tick_q=0 gui_rank_q=0)
2026-04-28 11:15:29.614 WARNING MainThread stale: no 0B for 29s (last_0B=2026-04-28T02:15:00.296312+00:00 last_0F=2026-04-28T02:15:08.996383+00:00 gui_tick_q=0 gui_rank_q=0)
2026-04-28 11:15:59.614 WARNING MainThread stale: no 0B for 59s (last_0B=2026-04-28T02:15:00.296312+00:00 last_0F=2026-04-28T02:15:08.996383+00:00 gui_tick_q=0 gui_rank_q=0)
2026-04-28 11:16:29.616 WARNING MainThread stale: no 0B for 17s (last_0B=2026-04-28T02:16:11.804197+00:00 last_0F=2026-04-28T02:16:17.096618+00:00 gui_tick_q=0 gui_rank_q=0)
2026-04-28 11:17:00.607 WARNING MainThread stale: no 0B for 15s (last_0B=2026-04-28T02:16:45.603592+00:00 last_0F=2026-04-28T02:16:17.096618+00:00 gui_tick_q=0 gui_rank_q=0)
2026-04-28 11:17:30.607 WARNING MainThread stale: no 0B for 17s (last_0B=2026-04-28T02:17:13.197779+00:00 last_0F=2026-04-28T02:17:27.296869+00:00 gui_tick_q=0 gui_rank_q=0)
2026-04-28 11:18:16.327 WARNING MainThread stale: no 0B for 15s (last_0B=2026-04-28T02:18:01.326695+00:00 last_0F=2026-04-28T02:17:27.296869+00:00 gui_tick_q=0 gui_rank_q=0)
2026-04-28 11:18:46.331 WARNING MainThread stale: no 0B for 45s (last_0B=2026-04-28T02:18:01.326695+00:00 last_0F=2026-04-28T02:18:35.195292+00:00 gui_tick_q=0 gui_rank_q=0)
2026-04-28 11:19:16.333 WARNING MainThread stale: no 0B for 21s (last_0B=2026-04-28T02:18:54.896733+00:00 last_0F=2026-04-28T02:18:35.195292+00:00 gui_tick_q=0 gui_rank_q=0)
2026-04-28 11:19:46.334 WARNING MainThread stale: no 0B for 19s (last_0B=2026-04-28T02:19:26.413307+00:00 last_0F=2026-04-28T02:19:43.194985+00:00 gui_tick_q=0 gui_rank_q=0)
2026-04-28 11:20:34.898 WARNING MainThread stale: no 0B for 15s (last_0B=2026-04-28T02:20:19.894758+00:00 last_0F=2026-04-28T02:19:43.194985+00:00 gui_tick_q=0 gui_rank_q=0)
2026-04-28 11:21:04.901 WARNING MainThread stale: no 0B for 16s (last_0B=2026-04-28T02:20:48.195007+00:00 last_0F=2026-04-28T02:20:52.097710+00:00 gui_tick_q=0 gui_rank_q=0)
2026-04-28 11:21:34.902 WARNING MainThread stale: no 0B for 22s (last_0B=2026-04-28T02:21:11.949467+00:00 last_0F=2026-04-28T02:20:52.097710+00:00 gui_tick_q=0 gui_rank_q=0)
2026-04-28 11:22:19.696 WARNING MainThread stale: no 0B for 15s (last_0B=2026-04-28T02:22:04.694432+00:00 last_0F=2026-04-28T02:22:00.346065+00:00 gui_tick_q=0 gui_rank_q=0)
2026-04-28 11:22:49.697 WARNING MainThread stale: no 0B for 26s (last_0B=2026-04-28T02:22:23.293946+00:00 last_0F=2026-04-28T02:22:00.346065+00:00 gui_tick_q=0 gui_rank_q=0)
2026-04-28 11:23:31.094 WARNING MainThread stale: no 0B for 15s (last_0B=2026-04-28T02:23:16.093362+00:00 last_0F=2026-04-28T02:23:09.593972+00:00 gui_tick_q=0 gui_rank_q=0)
2026-04-28 11:24:01.094 WARNING MainThread stale: no 0B for 16s (last_0B=2026-04-28T02:23:44.593040+00:00 last_0F=2026-04-28T02:23:09.593972+00:00 gui_tick_q=0 gui_rank_q=0)
2026-04-28 11:24:31.094 WARNING MainThread stale: no 0B for 18s (last_0B=2026-04-28T02:24:13.091817+00:00 last_0F=2026-04-28T02:24:18.394557+00:00 gui_tick_q=0 gui_rank_q=0)
2026-04-28 11:25:22.293 WARNING MainThread stale: no 0B for 15s (last_0B=2026-04-28T02:25:07.292218+00:00 last_0F=2026-04-28T02:24:18.394557+00:00 gui_tick_q=0 gui_rank_q=0)
2026-04-28 11:25:52.297 WARNING MainThread stale: no 0B for 45s (last_0B=2026-04-28T02:25:07.292218+00:00 last_0F=2026-04-28T02:25:25.691094+00:00 gui_tick_q=0 gui_rank_q=0)
2026-04-28 11:26:30.196 WARNING MainThread stale: no 0B for 15s (last_0B=2026-04-28T02:26:15.191049+00:00 last_0F=2026-04-28T02:25:25.691094+00:00 gui_tick_q=0 gui_rank_q=0)
2026-04-28 11:27:00.196 WARNING MainThread stale: no 0B for 23s (last_0B=2026-04-28T02:26:36.691167+00:00 last_0F=2026-04-28T02:26:32.891376+00:00 gui_tick_q=0 gui_rank_q=0)
2026-04-28 11:27:30.201 WARNING MainThread stale: no 0B for 18s (last_0B=2026-04-28T02:27:12.090384+00:00 last_0F=2026-04-28T02:26:32.891376+00:00 gui_tick_q=0 gui_rank_q=0)
2026-04-28 11:28:26.492 WARNING MainThread stale: no 0B for 15s (last_0B=2026-04-28T02:28:11.490453+00:00 last_0F=2026-04-28T02:27:41.289722+00:00 gui_tick_q=0 gui_rank_q=0)
2026-04-28 11:28:56.493 WARNING MainThread stale: no 0B for 20s (last_0B=2026-04-28T02:28:35.689862+00:00 last_0F=2026-04-28T02:28:50.188971+00:00 gui_tick_q=0 gui_rank_q=0)
2026-04-28 11:29:30.889 WARNING MainThread stale: no 0B for 15s (last_0B=2026-04-28T02:29:15.887826+00:00 last_0F=2026-04-28T02:28:50.188971+00:00 gui_tick_q=0 gui_rank_q=0)
2026-04-28 11:30:09.096 WARNING MainThread stale: no 0B for 15s (last_0B=2026-04-28T02:29:54.090901+00:00 last_0F=2026-04-28T02:29:56.590970+00:00 gui_tick_q=0 gui_rank_q=0)
2026-04-28 11:30:39.099 WARNING MainThread stale: no 0B for 15s (last_0B=2026-04-28T02:30:23.989562+00:00 last_0F=2026-04-28T02:29:56.590970+00:00 gui_tick_q=0 gui_rank_q=0)
2026-04-28 11:31:13.888 WARNING MainThread stale: no 0B for 15s (last_0B=2026-04-28T02:30:58.887847+00:00 last_0F=2026-04-28T02:31:04.387214+00:00 gui_tick_q=0 gui_rank_q=0)
2026-04-28 11:31:46.488 WARNING MainThread stale: no 0B for 15s (last_0B=2026-04-28T02:31:31.487627+00:00 last_0F=2026-04-28T02:31:04.387214+00:00 gui_tick_q=0 gui_rank_q=0)
2026-04-28 11:32:16.491 WARNING MainThread stale: no 0B for 45s (last_0B=2026-04-28T02:31:31.487627+00:00 last_0F=2026-04-28T02:32:12.287977+00:00 gui_tick_q=0 gui_rank_q=0)
2026-04-28 11:32:58.888 WARNING MainThread stale: no 0B for 15s (last_0B=2026-04-28T02:32:43.887092+00:00 last_0F=2026-04-28T02:32:12.287977+00:00 gui_tick_q=0 gui_rank_q=0)
2026-04-28 11:33:28.892 WARNING MainThread stale: no 0B for 45s (last_0B=2026-04-28T02:32:43.887092+00:00 last_0F=2026-04-28T02:33:18.185834+00:00 gui_tick_q=0 gui_rank_q=0)
2026-04-28 11:33:58.893 WARNING MainThread stale: no 0B for 27s (last_0B=2026-04-28T02:33:31.213105+00:00 last_0F=2026-04-28T02:33:18.185834+00:00 gui_tick_q=0 gui_rank_q=0)
2026-04-28 11:34:28.895 WARNING MainThread stale: no 0B for 57s (last_0B=2026-04-28T02:33:31.213105+00:00 last_0F=2026-04-28T02:34:24.084940+00:00 gui_tick_q=0 gui_rank_q=0)
2026-04-28 11:35:02.685 WARNING MainThread stale: no 0B for 15s (last_0B=2026-04-28T02:34:47.685720+00:00 last_0F=2026-04-28T02:34:24.084940+00:00 gui_tick_q=0 gui_rank_q=0)
2026-04-28 11:35:32.689 WARNING MainThread stale: no 0B for 45s (last_0B=2026-04-28T02:34:47.685720+00:00 last_0F=2026-04-28T02:35:29.385229+00:00 gui_tick_q=0 gui_rank_q=0)
2026-04-28 11:36:07.687 WARNING MainThread stale: no 0B for 15s (last_0B=2026-04-28T02:35:52.684425+00:00 last_0F=2026-04-28T02:35:29.385229+00:00 gui_tick_q=0 gui_rank_q=0)
2026-04-28 11:36:37.688 WARNING MainThread stale: no 0B for 45s (last_0B=2026-04-28T02:35:52.684425+00:00 last_0F=2026-04-28T02:36:34.484622+00:00 gui_tick_q=0 gui_rank_q=0)
2026-04-28 11:37:07.692 WARNING MainThread stale: no 0B for 18s (last_0B=2026-04-28T02:36:49.386183+00:00 last_0F=2026-04-28T02:36:34.484622+00:00 gui_tick_q=0 gui_rank_q=0)
2026-04-28 11:38:10.689 WARNING MainThread stale: no 0B for 15s (last_0B=2026-04-28T02:37:55.683099+00:00 last_0F=2026-04-28T02:37:38.683084+00:00 gui_tick_q=0 gui_rank_q=0)
2026-04-28 11:38:41.684 WARNING MainThread stale: no 0B for 15s (last_0B=2026-04-28T02:38:26.682444+00:00 last_0F=2026-04-28T02:37:38.683084+00:00 gui_tick_q=0 gui_rank_q=0)
2026-04-28 11:39:17.086 WARNING MainThread stale: no 0B for 15s (last_0B=2026-04-28T02:39:02.083939+00:00 last_0F=2026-04-28T02:38:47.584348+00:00 gui_tick_q=0 gui_rank_q=0)
2026-04-28 11:39:57.886 WARNING MainThread stale: no 0B for 15s (last_0B=2026-04-28T02:39:42.883488+00:00 last_0F=2026-04-28T02:39:54.583056+00:00 gui_tick_q=0 gui_rank_q=0)
2026-04-28 11:40:43.282 WARNING MainThread stale: no 0B for 15s (last_0B=2026-04-28T02:40:28.281013+00:00 last_0F=2026-04-28T02:39:54.583056+00:00 gui_tick_q=0 gui_rank_q=0)
2026-04-28 11:41:14.685 WARNING MainThread stale: no 0B for 15s (last_0B=2026-04-28T02:40:59.681899+00:00 last_0F=2026-04-28T02:41:02.281441+00:00 gui_tick_q=0 gui_rank_q=0)
2026-04-28 11:41:55.237 WARNING MainThread stale: no 0B for 15s (last_0B=2026-04-28T02:41:40.236151+00:00 last_0F=2026-04-28T02:41:02.281441+00:00 gui_tick_q=0 gui_rank_q=0)
2026-04-28 11:42:41.093 WARNING MainThread stale: no 0B for 15s (last_0B=2026-04-28T02:42:26.081412+00:00 last_0F=2026-04-28T02:42:08.580423+00:00 gui_tick_q=0 gui_rank_q=0)
2026-04-28 11:43:11.107 WARNING MainThread stale: no 0B for 26s (last_0B=2026-04-28T02:42:44.281628+00:00 last_0F=2026-04-28T02:42:08.580423+00:00 gui_tick_q=0 gui_rank_q=0)
2026-04-28 11:44:00.394 WARNING MainThread stale: no 0B for 15s (last_0B=2026-04-28T02:43:45.379962+00:00 last_0F=2026-04-28T02:43:13.881576+00:00 gui_tick_q=0 gui_rank_q=0)
2026-04-28 11:44:38.795 WARNING MainThread stale: no 0B for 15s (last_0B=2026-04-28T02:44:23.781505+00:00 last_0F=2026-04-28T02:44:18.479464+00:00 gui_tick_q=0 gui_rank_q=0)
2026-04-28 11:45:23.182 WARNING MainThread stale: no 0B for 15s (last_0B=2026-04-28T02:45:08.180605+00:00 last_0F=2026-04-28T02:44:18.479464+00:00 gui_tick_q=0 gui_rank_q=0)
2026-04-28 11:46:06.983 WARNING MainThread stale: no 0B for 15s (last_0B=2026-04-28T02:45:51.977497+00:00 last_0F=2026-04-28T02:45:23.478259+00:00 gui_tick_q=0 gui_rank_q=0)
2026-04-28 11:47:05.080 WARNING MainThread stale: no 0B for 15s (last_0B=2026-04-28T02:46:50.076967+00:00 last_0F=2026-04-28T02:46:28.577443+00:00 gui_tick_q=0 gui_rank_q=0)
2026-04-28 11:47:35.678 WARNING MainThread stale: no 0B for 15s (last_0B=2026-04-28T02:47:20.676370+00:00 last_0F=2026-04-28T02:47:32.878155+00:00 gui_tick_q=0 gui_rank_q=0)
2026-04-28 11:48:05.679 WARNING MainThread stale: no 0B for 45s (last_0B=2026-04-28T02:47:20.676370+00:00 last_0F=2026-04-28T02:47:32.878155+00:00 gui_tick_q=0 gui_rank_q=0)
2026-04-28 11:48:35.683 WARNING MainThread stale: no 0B for 75s (last_0B=2026-04-28T02:47:20.676370+00:00 last_0F=2026-04-28T02:47:32.878155+00:00 gui_tick_q=0 gui_rank_q=0)
2026-04-28 11:49:11.779 WARNING MainThread stale: no 0B for 15s (last_0B=2026-04-28T02:48:56.775691+00:00 last_0F=2026-04-28T02:47:32.878155+00:00 gui_tick_q=0 gui_rank_q=0)
2026-04-28 11:50:11.177 WARNING MainThread stale: no 0B for 15s (last_0B=2026-04-28T02:49:56.176412+00:00 last_0F=2026-04-28T02:49:43.376963+00:00 gui_tick_q=0 gui_rank_q=0)
2026-04-28 11:50:55.376 WARNING MainThread stale: no 0B for 15s (last_0B=2026-04-28T02:50:40.374462+00:00 last_0F=2026-04-28T02:50:49.476428+00:00 gui_tick_q=0 gui_rank_q=0)
2026-04-28 11:51:41.324 WARNING MainThread stale: no 0B for 15s (last_0B=2026-04-28T02:51:26.320134+00:00 last_0F=2026-04-28T02:50:49.476428+00:00 gui_tick_q=0 gui_rank_q=0)
2026-04-28 11:52:25.775 WARNING MainThread stale: no 0B for 15s (last_0B=2026-04-28T02:52:10.773672+00:00 last_0F=2026-04-28T02:51:56.478562+00:00 gui_tick_q=0 gui_rank_q=0)
2026-04-28 11:52:59.275 WARNING MainThread stale: no 0B for 15s (last_0B=2026-04-28T02:52:44.273637+00:00 last_0F=2026-04-28T02:51:56.478562+00:00 gui_tick_q=0 gui_rank_q=0)
2026-04-28 11:54:23.376 WARNING MainThread stale: no 0B for 15s (last_0B=2026-04-28T02:54:08.373563+00:00 last_0F=2026-04-28T02:54:08.272235+00:00 gui_tick_q=0 gui_rank_q=0)
2026-04-28 11:54:53.376 WARNING MainThread stale: no 0B for 17s (last_0B=2026-04-28T02:54:36.094563+00:00 last_0F=2026-04-28T02:54:08.272235+00:00 gui_tick_q=0 gui_rank_q=0)
2026-04-28 11:55:23.377 WARNING MainThread stale: no 0B for 47s (last_0B=2026-04-28T02:54:36.094563+00:00 last_0F=2026-04-28T02:55:13.678078+00:00 gui_tick_q=0 gui_rank_q=0)
2026-04-29 12:03:22.306 INFO Thread-1 (start_background_loop) bot: starting (ticker=044450)
2026-04-29 12:03:23.856 INFO Thread-1 (start_background_loop) bot: connected
2026-04-29 12:03:23.885 INFO Thread-1 (start_background_loop) bot: run() active
2026-04-29 12:03:25.010 INFO Thread-1 (start_background_loop) ka90008: total(_AL)=5284 (773 rows) NXT(_NX)=0 (0 rows) → derived KRX=5284
2026-04-29 12:03:25.011 INFO Thread-1 (start_background_loop) ka90008: queued 773 combined program history rows (date=20260429 stk=044450 seed KRX=5284 NXT=0 sum=5284)
2026-04-29 12:03:25.214 INFO Thread-1 (start_background_loop) ka10014: queued 41 short-selling rows (20260228–20260429 stk=044450)
2026-04-29 12:03:25.295 INFO Thread-1 (start_background_loop) stream: REG attached (0B, 0F on 044450; 0w on ['044450', '044450_NX'])
2026-04-29 12:03:56.938 INFO Thread-1 (start_background_loop) 0w: first live KRX FID 210=5284 (combined seen=['KRX'])
2026-04-29 12:04:10.541 WARNING MainThread stale: no 0B for 15s (last_0B=2026-04-29T03:03:55.540069+00:00 last_0F=None gui_tick_q=0 gui_rank_q=0)
2026-04-29 12:04:50.843 WARNING MainThread stale: no 0B for 15s (last_0B=2026-04-29T03:04:35.839887+00:00 last_0F=2026-04-29T03:04:23.038923+00:00 gui_tick_q=0 gui_rank_q=0)
2026-04-29 12:05:20.844 WARNING MainThread stale: no 0B for 18s (last_0B=2026-04-29T03:05:02.239557+00:00 last_0F=2026-04-29T03:04:23.038923+00:00 gui_tick_q=0 gui_rank_q=0)
2026-04-29 12:05:50.846 WARNING MainThread stale: no 0B for 21s (last_0B=2026-04-29T03:05:28.939637+00:00 last_0F=2026-04-29T03:05:27.749152+00:00 gui_tick_q=0 gui_rank_q=0)
2026-04-29 12:06:59.241 WARNING MainThread stale: no 0B for 15s (last_0B=2026-04-29T03:06:44.238975+00:00 last_0F=2026-04-29T03:06:31.937142+00:00 gui_tick_q=0 gui_rank_q=0)
2026-04-29 12:07:29.244 WARNING MainThread stale: no 0B for 45s (last_0B=2026-04-29T03:06:44.238975+00:00 last_0F=2026-04-29T03:06:31.937142+00:00 gui_tick_q=0 gui_rank_q=0)
2026-04-29 12:08:06.837 WARNING MainThread stale: no 0B for 15s (last_0B=2026-04-29T03:07:51.837355+00:00 last_0F=2026-04-29T03:07:36.342872+00:00 gui_tick_q=0 gui_rank_q=0)
2026-04-29 12:08:41.541 WARNING MainThread stale: no 0B for 15s (last_0B=2026-04-29T03:08:26.538201+00:00 last_0F=2026-04-29T03:07:36.342872+00:00 gui_tick_q=0 gui_rank_q=0)
2026-04-29 12:09:15.941 WARNING MainThread stale: no 0B for 15s (last_0B=2026-04-29T03:09:00.937676+00:00 last_0F=2026-04-29T03:08:41.937951+00:00 gui_tick_q=0 gui_rank_q=0)
2026-04-29 12:09:52.039 WARNING MainThread stale: no 0B for 15s (last_0B=2026-04-29T03:09:37.036041+00:00 last_0F=2026-04-29T03:09:45.936650+00:00 gui_tick_q=0 gui_rank_q=0)
2026-04-29 12:10:33.640 WARNING MainThread stale: no 0B for 15s (last_0B=2026-04-29T03:10:18.636628+00:00 last_0F=2026-04-29T03:09:45.936650+00:00 gui_tick_q=0 gui_rank_q=0)
2026-04-29 12:11:03.642 WARNING MainThread stale: no 0B for 15s (last_0B=2026-04-29T03:10:48.636128+00:00 last_0F=2026-04-29T03:10:52.336326+00:00 gui_tick_q=0 gui_rank_q=0)
2026-04-29 12:11:33.645 WARNING MainThread stale: no 0B for 16s (last_0B=2026-04-29T03:11:17.336242+00:00 last_0F=2026-04-29T03:10:52.336326+00:00 gui_tick_q=0 gui_rank_q=0)
2026-04-29 12:12:03.648 WARNING MainThread stale: no 0B for 18s (last_0B=2026-04-29T03:11:45.436105+00:00 last_0F=2026-04-29T03:11:57.834959+00:00 gui_tick_q=0 gui_rank_q=0)
2026-04-29 12:12:34.739 WARNING MainThread stale: no 0B for 15s (last_0B=2026-04-29T03:12:19.735162+00:00 last_0F=2026-04-29T03:11:57.834959+00:00 gui_tick_q=0 gui_rank_q=0)
2026-04-29 12:13:04.742 WARNING MainThread stale: no 0B for 18s (last_0B=2026-04-29T03:12:45.872367+00:00 last_0F=2026-04-29T03:12:59.935681+00:00 gui_tick_q=0 gui_rank_q=0)
2026-04-29 12:13:59.636 WARNING MainThread stale: no 0B for 15s (last_0B=2026-04-29T03:13:44.634222+00:00 last_0F=2026-04-29T03:12:59.935681+00:00 gui_tick_q=0 gui_rank_q=0)
2026-04-29 12:14:38.840 WARNING MainThread stale: no 0B for 15s (last_0B=2026-04-29T03:14:23.836119+00:00 last_0F=2026-04-29T03:14:04.651792+00:00 gui_tick_q=0 gui_rank_q=0)
2026-04-29 12:16:16.836 WARNING MainThread stale: no 0B for 15s (last_0B=2026-04-29T03:16:01.832649+00:00 last_0F=2026-04-29T03:16:15.037163+00:00 gui_tick_q=0 gui_rank_q=0)
2026-04-29 12:16:46.838 WARNING MainThread stale: no 0B for 17s (last_0B=2026-04-29T03:16:29.033518+00:00 last_0F=2026-04-29T03:16:15.037163+00:00 gui_tick_q=0 gui_rank_q=0)
2026-04-29 12:17:16.839 WARNING MainThread stale: no 0B for 24s (last_0B=2026-04-29T03:16:52.332649+00:00 last_0F=2026-04-29T03:16:15.037163+00:00 gui_tick_q=0 gui_rank_q=0)
2026-04-29 12:18:01.638 WARNING MainThread stale: no 0B for 15s (last_0B=2026-04-29T03:17:46.633466+00:00 last_0F=2026-04-29T03:17:18.432811+00:00 gui_tick_q=0 gui_rank_q=0)
2026-04-29 12:19:37.536 WARNING MainThread stale: no 0B for 15s (last_0B=2026-04-29T03:19:22.534784+00:00 last_0F=2026-04-29T03:19:26.437826+00:00 gui_tick_q=0 gui_rank_q=0)
2026-04-29 12:21:11.832 WARNING MainThread stale: no 0B for 15s (last_0B=2026-04-29T03:20:56.831240+00:00 last_0F=2026-04-29T03:20:31.832733+00:00 gui_tick_q=0 gui_rank_q=0)
2026-04-29 12:22:10.334 WARNING MainThread stale: no 0B for 15s (last_0B=2026-04-29T03:21:55.330304+00:00 last_0F=2026-04-29T03:21:38.131159+00:00 gui_tick_q=0 gui_rank_q=0)
2026-04-29 12:22:43.380 INFO Thread-1 (start_background_loop) bot: starting (ticker=044450)
2026-04-29 12:22:44.828 INFO Thread-1 (start_background_loop) bot: connected
2026-04-29 12:22:44.836 INFO Thread-1 (start_background_loop) bot: run() active
2026-04-29 12:22:44.837 WARNING Thread-1 (start_background_loop) hoga_ws: 'websockets' package not installed — bridge disabled. Run: pip install websockets
2026-04-29 12:22:46.051 INFO Thread-1 (start_background_loop) ka90008: total(_AL)=4774 (861 rows) NXT(_NX)=0 (0 rows) → derived KRX=4774
2026-04-29 12:22:46.051 INFO Thread-1 (start_background_loop) ka90008: queued 861 combined program history rows (date=20260429 stk=044450 seed KRX=4774 NXT=0 sum=4774)
2026-04-29 12:22:46.508 INFO Thread-1 (start_background_loop) ka10014: queued 41 short-selling rows (20260228–20260429 stk=044450)
2026-04-29 12:22:46.590 INFO Thread-1 (start_background_loop) stream: REG attached (0B, 0F, 0D on 044450; 0w on ['044450', '044450_NX']; hoga_ws=ws://localhost:8766)
2026-04-29 12:22:51.796 INFO Thread-1 (start_background_loop) 0w: first live KRX FID 210=4769 (combined seen=['KRX'])
